{ "type": "FeatureCollection", "features": [
{"type":"Feature","geometry":{"type":"Point","coordinates":[-122.399379,37.787301]},"properties":{":id":"row-56fr~b9rh-h3i7",":version":"rv-fbxr.6nrr_segw",":created_at":"2026-05-10T15:04:56.433Z",":updated_at":"2026-05-10T15:04:56.433Z","active_licenses":"POE","permit_number":"003","ban":"455014","permit_status":"Active","poe_class_code":"P23","license_type":"Place of Entertainment","dba_name":"111 Minna Gallery","street_address":"111 MINNA ST","city":"San Francisco","state":"CA","analysis_neighborhood":"Financial District/South Beach","supervisor_district":"6","police_district":"SOUTHERN","data_as_of":"2024-01-29T14:30:06.000","data_loaded_at":"2026-05-10T08:04:43.199"}},
{"type":"Feature","geometry":{"type":"Point","coordinates":[-122.406588,37.771182]},"properties":{":id":"row-wgcz.8jw8.5fn6",":version":"rv-embv_54yy-m8tf",":created_at":"2026-05-10T15:04:56.433Z",":updated_at":"2026-05-10T15:04:56.433Z","active_licenses":"EHP","permit_number":"009","ban":"0381286","permit_status":"Active","poe_class_code":null,"license_type":"Extended Hours Premises","dba_name":"SOMArts Cultural Center","street_address":"934 BRANNAN ST","city":"San Francisco","state":"CA","analysis_neighborhood":"South of Market","supervisor_district":"6","police_district":"SOUTHERN","data_as_of":"2024-01-29T14:30:06.000","data_loaded_at":"2026-05-10T08:04:43.199"}},
{"type":"Feature","geometry":{"type":"Point","coordinates":[-122.4052605,37.781469]},"properties":{":id":"row-vvkw_ts78-tbrh",":version":"rv-zj2m~6gaa-dkre",":created_at":"2026-05-10T15:04:56.433Z",":updated_at":"2026-05-10T15:04:56.433Z","active_licenses":"POE","permit_number":"015","ban":"0338153","permit_status":"Active","poe_class_code":"P23","license_type":"Place of Entertainment","dba_name":"The Chieftain Irish Pub","street_address":"198 5TH ST","city":"San Francisco","state":"CA","analysis_neighborhood":"South of Market","supervisor_district":"6","police_district":"SOUTHERN","data_as_of":"2024-01-29T14:30:06.000","data_loaded_at":"2026-05-10T08:04:43.199"}},
{"type":"Feature","geometry":{"type":"Point","coordinates":[-122.4628155,37.777419]},"properties":{":id":"row-w5i9~5dgj~s7r6",":version":"rv-63n2_mkrp-udjw",":created_at":"2026-05-10T15:04:56.433Z",":updated_at":"2026-05-10T15:04:56.433Z","active_licenses":"BP","permit_number":"021","ban":"0487508","permit_status":"Active","poe_class_code":null,"license_type":"Billiard or Pool Tables","dba_name":"O'Keefe's Bar","street_address":"598 5TH AVE","city":"San Francisco","state":"CA","analysis_neighborhood":"Inner Richmond","supervisor_district":"1","police_district":"RICHMOND","data_as_of":"2024-01-29T14:30:06.000","data_loaded_at":"2026-05-10T08:04:43.199"}},
{"type":"Feature","geometry":{"type":"Point","coordinates":[-122.3901855,37.735011]},"properties":{":id":"row-ic5x-wz2e.u37m",":version":"rv-eair~zwva_454z",":created_at":"2026-05-10T15:04:56.433Z",":updated_at":"2026-05-10T15:04:56.433Z","active_licenses":"POE","permit_number":"023","ban":"0391602","permit_status":"Active","poe_class_code":"P23","license_type":"Place of Entertainment","dba_name":"Bayview Opera House","street_address":"4705 3RD ST","city":"San Francisco","state":"CA","analysis_neighborhood":"Bayview Hunters Point","supervisor_district":"10","police_district":"BAYVIEW","data_as_of":"2024-01-29T14:30:06.000","data_loaded_at":"2026-05-10T08:04:43.199"}},
{"type":"Feature","geometry":{"type":"Point","coordinates":[-122.409127442,37.798568723]},"properties":{":id":"row-ff8m-katq~tvzt",":version":"rv-pchs_5u3d~pdbu",":created_at":"2026-05-10T15:04:56.433Z",":updated_at":"2026-05-10T15:04:56.433Z","active_licenses":"MAD, BP","permit_number":"029","ban":"0947336","permit_status":"Active","poe_class_code":null,"license_type":"Mechanical Amusement Device, Billiard or Pool Tables","dba_name":"HAWAII WEST","street_address":"720 VALLEJO ST","city":"San Francisco","state":"CA","analysis_neighborhood":"Chinatown","supervisor_district":"3","police_district":"CENTRAL","data_as_of":"2024-01-29T14:30:06.000","data_loaded_at":"2026-05-10T08:04:43.199"}},
{"type":"Feature","geometry":{"type":"Point","coordinates":[-122.422131,37.764207]},"properties":{":id":"row-24t7_xsge-eiih",":version":"rv-9v65_j5g9~fekq",":created_at":"2026-05-10T15:04:56.433Z",":updated_at":"2026-05-10T15:04:56.433Z","active_licenses":"POE","permit_number":"036","ban":"484971","permit_status":"Active","poe_class_code":"P23","license_type":"Place of Entertainment","dba_name":"Blondie's Bar","street_address":"540 VALENCIA ST","city":"San Francisco","state":"CA","analysis_neighborhood":"Mission","supervisor_district":"9","police_district":"MISSION","data_as_of":"2024-01-29T14:30:06.000","data_loaded_at":"2026-05-10T08:04:43.199"}},
{"type":"Feature","geometry":{"type":"Point","coordinates":[-122.4207,37.755486]},"properties":{":id":"row-upks~dsp9_jih3",":version":"rv-ny8k-xsrw~jhd5",":created_at":"2026-05-10T15:04:56.433Z",":updated_at":"2026-05-10T15:04:56.433Z","active_licenses":"BP","permit_number":"037","ban":"0380691","permit_status":"Active","poe_class_code":null,"license_type":"Billiard or Pool Tables","dba_name":"Latin American Club","street_address":"3286 22ND ST","city":"San Francisco","state":"CA","analysis_neighborhood":"Mission","supervisor_district":"9","police_district":"MISSION","data_as_of":"2024-01-29T14:30:06.000","data_loaded_at":"2026-05-10T08:04:43.199"}},
{"type":"Feature","geometry":{"type":"Point","coordinates":[-122.400372264,37.795348257]},"properties":{":id":"row-f43j~ghkm.8ejn",":version":"rv-kn7c_t4dt.a3wi",":created_at":"2026-05-10T15:04:56.433Z",":updated_at":"2026-05-10T15:04:56.433Z","active_licenses":"POE","permit_number":"048","ban":"1010655","permit_status":"Active","poe_class_code":"P23","license_type":"Place of Entertainment","dba_name":"Punch Line Comedy Club","street_address":"444 BATTERY ST","city":"San Francisco","state":"CA","analysis_neighborhood":"Financial District/South Beach","supervisor_district":"3","police_district":"CENTRAL","data_as_of":"2024-01-29T14:30:06.000","data_loaded_at":"2026-05-10T08:04:43.199"}},
{"type":"Feature","geometry":{"type":"Point","coordinates":[-122.4226935,37.772307]},"properties":{":id":"row-n2hp.4yii-tyjx",":version":"rv-u79h_52x8-rv4h",":created_at":"2026-05-10T15:04:56.433Z",":updated_at":"2026-05-10T15:04:56.433Z","active_licenses":"POE","permit_number":"051","ban":"0951023","permit_status":"Active","poe_class_code":"P23","license_type":"Place of Entertainment","dba_name":"MARTUNI'S","street_address":"4 VALENCIA ST","city":"San Francisco","state":"CA","analysis_neighborhood":"Mission","supervisor_district":"6","police_district":"SOUTHERN","data_as_of":"2024-01-29T14:30:06.000","data_loaded_at":"2026-05-10T08:04:43.199"}},
{"type":"Feature","geometry":{"type":"Point","coordinates":[-122.3930205,37.785501]},"properties":{":id":"row-yrcr-23wp.svfi",":version":"rv-9kef_k4k5.ghug",":created_at":"2026-05-10T15:04:56.433Z",":updated_at":"2026-05-10T15:04:56.433Z","active_licenses":"POE","permit_number":"052","ban":"0368985","permit_status":"Active","poe_class_code":"P23","license_type":"Place of Entertainment","dba_name":"La Terra","street_address":"511 HARRISON ST","city":"San Francisco","state":"CA","analysis_neighborhood":"Financial District/South Beach","supervisor_district":"6","police_district":"SOUTHERN","data_as_of":"2024-01-29T14:30:06.000","data_loaded_at":"2026-05-10T08:04:43.199"}},
{"type":"Feature","geometry":{"type":"Point","coordinates":[-122.4041085,37.727946]},"properties":{":id":"row-bsqk-z7t9.jzmd",":version":"rv-36p8_bb5u_g3zj",":created_at":"2026-05-10T15:04:56.433Z",":updated_at":"2026-05-10T15:04:56.433Z","active_licenses":"MAD","permit_number":"066","ban":"0329482","permit_status":"Active","poe_class_code":null,"license_type":"Mechanical Amusement Device","dba_name":"ROUND TABLE PIZZA","street_address":"2660 SAN BRUNO AVE","city":"San Francisco","state":"CA","analysis_neighborhood":"Portola","supervisor_district":"9","police_district":"BAYVIEW","data_as_of":"2024-01-29T14:30:06.000","data_loaded_at":"2026-05-10T08:04:43.199"}},
{"type":"Feature","geometry":{"type":"Point","coordinates":[-122.4481725,37.773882]},"properties":{":id":"row-7gby~6zqj.56g9",":version":"rv-he6f_f4hd-3bts",":created_at":"2026-05-10T15:04:56.433Z",":updated_at":"2026-05-10T15:04:56.433Z","active_licenses":"BP","permit_number":"068","ban":"0027509","permit_status":"Active","poe_class_code":null,"license_type":"Billiard or Pool Tables","dba_name":"Style Orama Barber Shop","street_address":"1918 HAYES ST","city":"San Francisco","state":"CA","analysis_neighborhood":"Lone Mountain/USF","supervisor_district":"5","police_district":"PARK","data_as_of":"2024-01-29T14:30:06.000","data_loaded_at":"2026-05-10T08:04:43.199"}},
{"type":"Feature","geometry":{"type":"Point","coordinates":[-122.406093,37.742283]},"properties":{":id":"row-dvkz-hnku-cndq",":version":"rv-aamh~rddy~npc2",":created_at":"2026-05-10T15:04:56.433Z",":updated_at":"2026-05-10T15:04:56.433Z","active_licenses":"MAD, BP, EHP","permit_number":"070","ban":"0059036","permit_status":"Active","poe_class_code":null,"license_type":"Mechanical Amusement Device, Billiard or Pool Tables, Extended Hours Premises","dba_name":"Silvercrest Donuts","street_address":"340 BAY SHORE BLVD","city":"San Francisco","state":"CA","analysis_neighborhood":"Bernal Heights","supervisor_district":"9","police_district":"BAYVIEW","data_as_of":"2024-01-29T14:30:06.000","data_loaded_at":"2026-05-10T08:04:43.199"}},
{"type":"Feature","geometry":{"type":"Point","coordinates":[-122.485298775,37.780168476]},"properties":{":id":"row-xx8v_xrfy-ng9v",":version":"rv-up8z-hcij-6jhr",":created_at":"2026-05-10T15:04:56.433Z",":updated_at":"2026-05-10T15:04:56.433Z","active_licenses":"MAD","permit_number":"074","ban":"0108345","permit_status":"Active","poe_class_code":null,"license_type":"Mechanical Amusement Device","dba_name":"TRAD'R SAM'S","street_address":"6150 GEARY BLVD","city":"San Francisco","state":"CA","analysis_neighborhood":"Outer Richmond","supervisor_district":"1","police_district":"RICHMOND","data_as_of":"2024-01-29T14:30:06.000","data_loaded_at":"2026-05-10T08:04:43.199"}},
{"type":"Feature","geometry":{"type":"Point","coordinates":[-122.43654,37.721592]},"properties":{":id":"row-ybbn~ru5v.75xv",":version":"rv-m7v7-a923_ci9x",":created_at":"2026-05-10T15:04:56.433Z",":updated_at":"2026-05-10T15:04:56.433Z","active_licenses":"POE","permit_number":"075","ban":"0014372","permit_status":"Active","poe_class_code":"P23","license_type":"Place of Entertainment","dba_name":"ITALIAN AMERICAN SOCIAL CLUB","street_address":"25 RUSSIA AVE","city":"San Francisco","state":"CA","analysis_neighborhood":"Excelsior","supervisor_district":"11","police_district":"INGLESIDE","data_as_of":"2024-01-29T14:30:06.000","data_loaded_at":"2026-05-10T08:04:43.199"}},
{"type":"Feature","geometry":{"type":"Point","coordinates":[-122.396031,37.762821]},"properties":{":id":"row-5iyi.uthk_3uj9",":version":"rv-9j76.ay27-sx62",":created_at":"2026-05-10T15:04:56.433Z",":updated_at":"2026-05-10T15:04:56.433Z","active_licenses":"BP","permit_number":"076","ban":"1060425","permit_status":"Active","poe_class_code":null,"license_type":"Billiard or Pool Tables","dba_name":"Blooms Saloon","street_address":"1318 18TH ST","city":"San Francisco","state":"CA","analysis_neighborhood":"Potrero Hill","supervisor_district":"10","police_district":"BAYVIEW","data_as_of":"2024-01-29T14:30:06.000","data_loaded_at":"2026-05-10T08:04:43.199"}},
{"type":"Feature","geometry":{"type":"Point","coordinates":[-122.44113,37.715769]},"properties":{":id":"row-94sx-96we.awp3",":version":"rv-nenb.prqp_igbz",":created_at":"2026-05-10T15:04:56.433Z",":updated_at":"2026-05-10T15:04:56.433Z","active_licenses":"MAD, BP","permit_number":"078","ban":"0121706","permit_status":"Active","poe_class_code":null,"license_type":"Mechanical Amusement Device, Billiard or Pool Tables","dba_name":"BILLIARD PALACADE, INC.","street_address":"5179 MISSION ST","city":"San Francisco","state":"CA","analysis_neighborhood":"Excelsior","supervisor_district":"11","police_district":"INGLESIDE","data_as_of":"2024-01-29T14:30:06.000","data_loaded_at":"2026-05-10T08:04:43.199"}},
{"type":"Feature","geometry":{"type":"Point","coordinates":[-122.405148,37.784871]},"properties":{":id":"row-4t93.9zhv.ajxz",":version":"rv-c9cn~qx7d_xnrr",":created_at":"2026-05-10T15:04:56.433Z",":updated_at":"2026-05-10T15:04:56.433Z","active_licenses":"POE, EHP","permit_number":"079","ban":"0914952","permit_status":"Active","poe_class_code":"P23","license_type":"Place of Entertainment, Extended Hours Premises","dba_name":"The Mosser Hotel","street_address":"54 4TH ST","city":"San Francisco","state":"CA","analysis_neighborhood":"South of Market","supervisor_district":"6","police_district":"SOUTHERN","data_as_of":"2024-01-29T14:30:06.000","data_loaded_at":"2026-05-10T08:04:43.199"}},
{"type":"Feature","geometry":{"type":"Point","coordinates":[-122.4104715,37.788687]},"properties":{":id":"row-ksix-n93z_3dkn",":version":"rv-ccnm~zubg~hj6b",":created_at":"2026-05-10T15:04:56.433Z",":updated_at":"2026-05-10T15:04:56.433Z","active_licenses":"POE","permit_number":"082","ban":"0032200","permit_status":"Active","poe_class_code":"P23","license_type":"Place of Entertainment","dba_name":"Marine Memorial Auditorium","street_address":"609 SUTTER ST","city":"San Francisco","state":"CA","analysis_neighborhood":"Nob Hill","supervisor_district":"3","police_district":"CENTRAL","data_as_of":"2024-01-29T14:30:06.000","data_loaded_at":"2026-05-10T08:04:43.199"}},
{"type":"Feature","geometry":{"type":"Point","coordinates":[-122.402597951,37.803202474]},"properties":{":id":"row-e3h4~qerq-iaer",":version":"rv-zrjm-7p4i-quwb",":created_at":"2026-05-10T15:04:56.433Z",":updated_at":"2026-05-10T15:04:56.433Z","active_licenses":"POE","permit_number":"084","ban":"0108494","permit_status":"Active","poe_class_code":"P23","license_type":"Place of Entertainment","dba_name":"SF BAY CLUB","street_address":"150 GREENWICH ST","city":"San Francisco","state":"CA","analysis_neighborhood":"Financial District/South Beach","supervisor_district":"3","police_district":"CENTRAL","data_as_of":"2024-01-29T14:30:06.000","data_loaded_at":"2026-05-10T08:04:43.199"}},
{"type":"Feature","geometry":{"type":"Point","coordinates":[-122.422887,37.795095]},"properties":{":id":"row-5wx3~y3wd_5zcq",":version":"rv-kwwu~7s5j.72ca",":created_at":"2026-05-10T15:04:56.433Z",":updated_at":"2026-05-10T15:04:56.433Z","active_licenses":"POE","permit_number":"087","ban":"0143208","permit_status":"Active","poe_class_code":"P23","license_type":"Place of Entertainment","dba_name":"HARRIS' RESTAURANT","street_address":"2100 VAN NESS AVE","city":"San Francisco","state":"CA","analysis_neighborhood":"Russian Hill","supervisor_district":"3","police_district":"NORTHERN","data_as_of":"2024-01-29T14:30:06.000","data_loaded_at":"2026-05-10T08:04:43.199"}},
{"type":"Feature","geometry":{"type":"Point","coordinates":[-122.4216225,37.773603]},"properties":{":id":"row-7d93-gwv5-z7t2",":version":"rv-wb4p-ytt8.kb4v",":created_at":"2026-05-10T15:04:56.433Z",":updated_at":"2026-05-10T15:04:56.433Z","active_licenses":"POE","permit_number":"091","ban":"0948241","permit_status":"Active","poe_class_code":"P23","license_type":"Place of Entertainment","dba_name":"ZUNI CAFE","street_address":"1658 MARKET ST","city":"San Francisco","state":"CA","analysis_neighborhood":"Hayes Valley","supervisor_district":"6","police_district":"NORTHERN","data_as_of":"2024-11-19T13:52:41.000","data_loaded_at":"2026-05-10T08:04:43.199"}},
{"type":"Feature","geometry":{"type":"Point","coordinates":[-122.428566,37.767123]},"properties":{":id":"row-56x3_nw98-6dr3",":version":"rv-x545_t4xy-r69s",":created_at":"2026-05-10T15:04:56.433Z",":updated_at":"2026-05-10T15:04:56.433Z","active_licenses":"MAD, BP","permit_number":"094","ban":"0166490","permit_status":"Active","poe_class_code":null,"license_type":"Mechanical Amusement Device, Billiard or Pool Tables","dba_name":"PILSNER INN","street_address":"225 CHURCH ST","city":"San Francisco","state":"CA","analysis_neighborhood":"Castro/Upper Market","supervisor_district":"8","police_district":"MISSION","data_as_of":"2024-01-29T14:30:06.000","data_loaded_at":"2026-05-10T08:04:43.199"}},
{"type":"Feature","geometry":{"type":"Point","coordinates":[-122.39629085,37.750151212]},"properties":{":id":"row-y45g_befr~i47h",":version":"rv-uits-urzu~nvmf",":created_at":"2026-05-10T15:04:56.433Z",":updated_at":"2026-05-10T15:04:56.433Z","active_licenses":"POE, EHP","permit_number":"1001","ban":"1024920","permit_status":"Active","poe_class_code":"P23","license_type":"Place of Entertainment, Extended Hours Premises","dba_name":"Danzhaus","street_address":"1275 CONNECTICUT ST","city":"San Francisco","state":"CA","analysis_neighborhood":"Bayview Hunters Point","supervisor_district":"10","police_district":"BAYVIEW","data_as_of":"2024-01-29T14:30:06.000","data_loaded_at":"2026-05-10T08:04:43.199"}},
{"type":"Feature","geometry":{"type":"Point","coordinates":[-122.459395095,37.781153493]},"properties":{":id":"row-67t4_citm_qmvh",":version":"rv-9in4-wfie_jtgr",":created_at":"2026-05-10T15:04:56.433Z",":updated_at":"2026-05-10T15:04:56.433Z","active_licenses":"MAD, BP","permit_number":"1002","ban":"0444512","permit_status":"Active","poe_class_code":null,"license_type":"Mechanical Amusement Device, Billiard or Pool Tables","dba_name":"Happy Lounge","street_address":"3745 GEARY BLVD","city":"San Francisco","state":"CA","analysis_neighborhood":"Inner Richmond","supervisor_district":"1","police_district":"RICHMOND","data_as_of":"2024-01-29T14:30:06.000","data_loaded_at":"2026-05-10T08:04:43.199"}},
{"type":"Feature","geometry":{"type":"Point","coordinates":[-122.47968288,37.780221198]},"properties":{":id":"row-tbtg-y4ds~8bef",":version":"rv-9ht8.utrp_iv7r",":created_at":"2026-05-10T15:04:56.433Z",":updated_at":"2026-05-10T15:04:56.433Z","active_licenses":"POE","permit_number":"1004","ban":"0444190","permit_status":"Active","poe_class_code":"P23","license_type":"Place of Entertainment","dba_name":"Blarney Stone","street_address":"5625 GEARY BLVD","city":"San Francisco","state":"CA","analysis_neighborhood":"Outer Richmond","supervisor_district":"1","police_district":"RICHMOND","data_as_of":"2024-01-29T14:30:06.000","data_loaded_at":"2026-05-10T08:04:43.199"}},
{"type":"Feature","geometry":{"type":"Point","coordinates":[-122.41939455,37.769067395]},"properties":{":id":"row-g9cj-ymie.x2z7",":version":"rv-y443_8y68-khup",":created_at":"2026-05-10T15:04:56.433Z",":updated_at":"2026-05-10T15:04:56.433Z","active_licenses":"POE, EHP","permit_number":"1008","ban":"0446378","permit_status":"Active","poe_class_code":"P23","license_type":"Place of Entertainment, Extended Hours Premises","dba_name":"The Public Works","street_address":"161 ERIE ST","city":"San Francisco","state":"CA","analysis_neighborhood":"Mission","supervisor_district":"9","police_district":"MISSION","data_as_of":"2024-01-29T14:30:06.000","data_loaded_at":"2026-05-10T08:04:43.199"}},
{"type":"Feature","geometry":{"type":"Point","coordinates":[-122.404959,37.797876]},"properties":{":id":"row-6y9m~hh8v~jdp4",":version":"rv-3pym.gd55~fspf",":created_at":"2026-05-10T15:04:56.433Z",":updated_at":"2026-05-10T15:04:56.433Z","active_licenses":"POE","permit_number":"1011","ban":"446024","permit_status":"Active","poe_class_code":"P23","license_type":"Place of Entertainment","dba_name":"Monroe","street_address":"473 BROADWAY","city":"San Francisco","state":"CA","analysis_neighborhood":"North Beach","supervisor_district":"3","police_district":"CENTRAL","data_as_of":"2024-01-29T14:30:06.000","data_loaded_at":"2026-05-10T08:04:43.199"}},
{"type":"Feature","geometry":{"type":"Point","coordinates":[-122.435756726,37.798187504]},"properties":{":id":"row-zc6g-2e4j~7hxx",":version":"rv-7sar_s7gm~ed25",":created_at":"2026-05-10T15:04:56.433Z",":updated_at":"2026-05-10T15:04:56.433Z","active_licenses":"POE","permit_number":"1023","ban":"0308039","permit_status":"Active","poe_class_code":"P23","license_type":"Place of Entertainment","dba_name":"Comet Club","street_address":"3111 FILLMORE ST","city":"San Francisco","state":"CA","analysis_neighborhood":"Marina","supervisor_district":"2","police_district":"NORTHERN","data_as_of":"2024-01-29T14:30:06.000","data_loaded_at":"2026-05-10T08:04:43.199"}},
{"type":"Feature","geometry":{"type":"Point","coordinates":[-122.4009855,37.789983]},"properties":{":id":"row-3wzq~5avr-7cch",":version":"rv-qx7v-p3zs_7few",":created_at":"2026-05-10T15:04:56.433Z",":updated_at":"2026-05-10T15:04:56.433Z","active_licenses":"BP","permit_number":"103","ban":"0069119","permit_status":"Active","poe_class_code":null,"license_type":"Billiard or Pool Tables","dba_name":"Sutter Station Tavern","street_address":"554 MARKET ST","city":"San Francisco","state":"CA","analysis_neighborhood":"Financial District/South Beach","supervisor_district":"3","police_district":"CENTRAL","data_as_of":"2024-01-29T14:30:06.000","data_loaded_at":"2026-05-10T08:04:43.199"}},
{"type":"Feature","geometry":{"type":"Point","coordinates":[-122.418477,37.748709]},"properties":{":id":"row-9ram~tak8_gdty",":version":"rv-rvyg~58yr~iw3a",":created_at":"2026-05-10T15:04:56.433Z",":updated_at":"2026-05-10T15:04:56.433Z","active_licenses":"POE, BP","permit_number":"1034","ban":"462375","permit_status":"Active","poe_class_code":"P23","license_type":"Place of Entertainment, Billiard or Pool Tables","dba_name":"Club 26 Mix","street_address":"3024 MISSION ST","city":"San Francisco","state":"CA","analysis_neighborhood":"Mission","supervisor_district":"9","police_district":"MISSION","data_as_of":"2024-01-29T14:30:06.000","data_loaded_at":"2026-05-10T08:04:43.199"}},
{"type":"Feature","geometry":{"type":"Point","coordinates":[-122.417190385,37.791039447]},"properties":{":id":"row-cdqk_vxiu_e2g2",":version":"rv-4rba~xzuy~azmz",":created_at":"2026-05-10T15:04:56.433Z",":updated_at":"2026-05-10T15:04:56.433Z","active_licenses":"MAD, BP","permit_number":"1035","ban":"0454577","permit_status":"Active","poe_class_code":null,"license_type":"Mechanical Amusement Device, Billiard or Pool Tables","dba_name":"The Wreck Room","street_address":"1390 CALIFORNIA ST","city":"San Francisco","state":"CA","analysis_neighborhood":"Nob Hill","supervisor_district":"3","police_district":"CENTRAL","data_as_of":"2024-01-29T14:30:06.000","data_loaded_at":"2026-05-10T08:04:43.199"}},
{"type":"Feature","geometry":{"type":"Point","coordinates":[-122.40144508,37.794001514]},"properties":{":id":"row-zwmi-hzn4.4u8f",":version":"rv-d9kp-xxz8.sfgz",":created_at":"2026-05-10T15:04:56.433Z",":updated_at":"2026-05-10T15:04:56.433Z","active_licenses":"POE","permit_number":"1038","ban":"0451098","permit_status":"Active","poe_class_code":"P23","license_type":"Place of Entertainment","dba_name":"The Irish Times","street_address":"500 SACRAMENTO ST","city":"San Francisco","state":"CA","analysis_neighborhood":"Chinatown","supervisor_district":"3","police_district":"CENTRAL","data_as_of":"2024-01-29T14:30:06.000","data_loaded_at":"2026-05-10T08:04:43.199"}},
{"type":"Feature","geometry":{"type":"Point","coordinates":[-122.403717,37.777311]},"properties":{":id":"row-i6kg.iims-eibc",":version":"rv-5txc_3mkf~vw8t",":created_at":"2026-05-10T15:04:56.433Z",":updated_at":"2026-05-10T15:04:56.433Z","active_licenses":"POE, EHP","permit_number":"1044","ban":"0462018","permit_status":"Active","poe_class_code":"P23","license_type":"Place of Entertainment, Extended Hours Premises","dba_name":"THE ENDUP","street_address":"401 6TH ST","city":"San Francisco","state":"CA","analysis_neighborhood":"South of Market","supervisor_district":"6","police_district":"SOUTHERN","data_as_of":"2026-01-05T17:35:16.000","data_loaded_at":"2026-05-10T08:04:43.199"}},
{"type":"Feature","geometry":{"type":"Point","coordinates":[-122.412726152,37.79157099]},"properties":{":id":"row-ghap~995h.qjr2",":version":"rv-b5vz_krx4-zwgs",":created_at":"2026-05-10T15:04:56.433Z",":updated_at":"2026-05-10T15:04:56.433Z","active_licenses":"POE","permit_number":"1047","ban":"1010655","permit_status":"Active","poe_class_code":"P23","license_type":"Place of Entertainment","dba_name":"Nob Hill Masonic Auditorium","street_address":"1111 CALIFORNIA ST","city":"San Francisco","state":"CA","analysis_neighborhood":"Nob Hill","supervisor_district":"3","police_district":"CENTRAL","data_as_of":"2024-01-29T14:30:06.000","data_loaded_at":"2026-05-10T08:04:43.199"}},
{"type":"Feature","geometry":{"type":"Point","coordinates":[-122.43271012,37.783425082]},"properties":{":id":"row-2peb.x946-8kq2",":version":"rv-8ki6~9tfm_t4r4",":created_at":"2026-05-10T15:04:56.433Z",":updated_at":"2026-05-10T15:04:56.433Z","active_licenses":"POE","permit_number":"1051","ban":"1038808","permit_status":"Active","poe_class_code":"P23","license_type":"Place of Entertainment","dba_name":"L2 Karaoke","street_address":"1504B FILLMORE ST","city":"San Francisco","state":"CA","analysis_neighborhood":"Western Addition","supervisor_district":"5","police_district":"NORTHERN","data_as_of":"2024-01-29T14:30:06.000","data_loaded_at":"2026-05-10T08:04:43.199"}},
{"type":"Feature","geometry":{"type":"Point","coordinates":[-122.429376,37.772532]},"properties":{":id":"row-tajm~wyyw~bvs7",":version":"rv-gwy4~9m2x~w7jg",":created_at":"2026-05-10T15:04:56.433Z",":updated_at":"2026-05-10T15:04:56.433Z","active_licenses":"POE","permit_number":"1059","ban":"0465498","permit_status":"Active","poe_class_code":"P23","license_type":"Place of Entertainment","dba_name":"Underground SF","street_address":"424 HAIGHT ST","city":"San Francisco","state":"CA","analysis_neighborhood":"Hayes Valley","supervisor_district":"5","police_district":"NORTHERN","data_as_of":"2024-01-29T14:30:06.000","data_loaded_at":"2026-05-10T08:04:43.199"}},
{"type":"Feature","geometry":{"type":"Point","coordinates":[-122.407515,37.799262]},"properties":{":id":"row-uuta-9ufq~bfxw",":version":"rv-bh9v.9sdt~3f89",":created_at":"2026-05-10T15:04:56.433Z",":updated_at":"2026-05-10T15:04:56.433Z","active_licenses":"POE","permit_number":"1061","ban":"0463452","permit_status":"Active","poe_class_code":"P23","license_type":"Place of Entertainment","dba_name":"Tupelo","street_address":"1337 GRANT AVE","city":"San Francisco","state":"CA","analysis_neighborhood":"North Beach","supervisor_district":"3","police_district":"CENTRAL","data_as_of":"2024-01-29T14:30:06.000","data_loaded_at":"2026-05-10T08:04:43.199"}},
{"type":"Feature","geometry":{"type":"Point","coordinates":[-122.409432,37.75779]},"properties":{":id":"row-2hi7.rnj6.xjd5",":version":"rv-5kkw.eam6.hr22",":created_at":"2026-05-10T15:04:56.433Z",":updated_at":"2026-05-10T15:04:56.433Z","active_licenses":"POE","permit_number":"1062","ban":"479826","permit_status":"Active","poe_class_code":"P23","license_type":"Place of Entertainment","dba_name":"Asiento","street_address":"2730 21ST ST","city":"San Francisco","state":"CA","analysis_neighborhood":"Mission","supervisor_district":"9","police_district":"MISSION","data_as_of":"2024-01-29T14:30:06.000","data_loaded_at":"2026-05-10T08:04:43.199"}},
{"type":"Feature","geometry":{"type":"Point","coordinates":[-122.408325,37.780965]},"properties":{":id":"row-rxae_ix7s.7t8w",":version":"rv-9b76.amhc.rggm",":created_at":"2026-05-10T15:04:56.433Z",":updated_at":"2026-05-10T15:04:56.433Z","active_licenses":"POE, EHP","permit_number":"1063","ban":"461909","permit_status":"Active","poe_class_code":"P23","license_type":"Place of Entertainment, Extended Hours Premises","dba_name":"Monarch","street_address":"101 6TH ST","city":"San Francisco","state":"CA","analysis_neighborhood":"South of Market","supervisor_district":"6","police_district":"SOUTHERN","data_as_of":"2024-01-29T14:30:06.000","data_loaded_at":"2026-05-10T08:04:43.199"}},
{"type":"Feature","geometry":{"type":"Point","coordinates":[-122.43429,37.760715]},"properties":{":id":"row-t4ec_q87v-w9fc",":version":"rv-twzk-a896~s3er",":created_at":"2026-05-10T15:04:56.433Z",":updated_at":"2026-05-10T15:04:56.433Z","active_licenses":"POE","permit_number":"1064","ban":"0462564","permit_status":"Active","poe_class_code":"P23","license_type":"Place of Entertainment","dba_name":"Midnight Sun","street_address":"4067 18TH ST","city":"San Francisco","state":"CA","analysis_neighborhood":"Castro/Upper Market","supervisor_district":"8","police_district":"MISSION","data_as_of":"2024-01-29T14:30:06.000","data_loaded_at":"2026-05-10T08:04:43.199"}},
{"type":"Feature","geometry":{"type":"Point","coordinates":[-122.4502245,37.709901]},"properties":{":id":"row-vwqv.227q.niv3",":version":"rv-hakc_cnau.qzq3",":created_at":"2026-05-10T15:04:56.433Z",":updated_at":"2026-05-10T15:04:56.433Z","active_licenses":"BP","permit_number":"1065","ban":"0148217","permit_status":"Active","poe_class_code":null,"license_type":"Billiard or Pool Tables","dba_name":"The Connection","street_address":"5740 MISSION ST","city":"San Francisco","state":"CA","analysis_neighborhood":"Outer Mission","supervisor_district":"11","police_district":"INGLESIDE","data_as_of":"2024-01-29T14:30:06.000","data_loaded_at":"2026-05-10T08:04:43.199"}},
{"type":"Feature","geometry":{"type":"Point","coordinates":[-122.406894,37.795293]},"properties":{":id":"row-c3hx-hypg-sbmy",":version":"rv-svhw.4mqg.8i8x",":created_at":"2026-05-10T15:04:56.433Z",":updated_at":"2026-05-10T15:04:56.433Z","active_licenses":"POE","permit_number":"1070","ban":"0397410","permit_status":"Active","poe_class_code":"P23","license_type":"Place of Entertainment","dba_name":"IMPERIAL PALACE RESTAURANT","street_address":"818 WASHINGTON ST","city":"San Francisco","state":"CA","analysis_neighborhood":"Chinatown","supervisor_district":"3","police_district":"CENTRAL","data_as_of":"2025-03-28T15:06:35.000","data_loaded_at":"2026-05-10T08:04:43.199"}},
{"type":"Feature","geometry":{"type":"Point","coordinates":[-122.406155163,37.781351896]},"properties":{":id":"row-574a-em9s~62sv",":version":"rv-pgzj.yc9v-s8yr",":created_at":"2026-05-10T15:04:56.433Z",":updated_at":"2026-05-10T15:04:56.433Z","active_licenses":"POE","permit_number":"1072","ban":"0451117","permit_status":"Active","poe_class_code":"P23","license_type":"Place of Entertainment","dba_name":"Tempest Bar & Restaurant","street_address":"431 NATOMA ST","city":"San Francisco","state":"CA","analysis_neighborhood":"South of Market","supervisor_district":"6","police_district":"SOUTHERN","data_as_of":"2024-01-29T14:30:06.000","data_loaded_at":"2026-05-10T08:04:43.199"}},
{"type":"Feature","geometry":{"type":"Point","coordinates":[-122.416945083,37.739132975]},"properties":{":id":"row-d8mf.uzgy.8iiu",":version":"rv-2x2y.36pi~58mn",":created_at":"2026-05-10T15:04:56.433Z",":updated_at":"2026-05-10T15:04:56.433Z","active_licenses":"POE, MAD, BP","permit_number":"1075","ban":"0460756","permit_status":"Active","poe_class_code":"P23","license_type":"Place of Entertainment, Mechanical Amusement Device, Billiard or Pool Tables","dba_name":"Lucky Horseshoe","street_address":"453 CORTLAND AVE","city":"San Francisco","state":"CA","analysis_neighborhood":"Bernal Heights","supervisor_district":"9","police_district":"INGLESIDE","data_as_of":"2024-01-29T14:30:06.000","data_loaded_at":"2026-05-10T08:04:43.199"}},
{"type":"Feature","geometry":{"type":"Point","coordinates":[-122.469093945,37.780709258]},"properties":{":id":"row-it6u-s2w7.ymk3",":version":"rv-dttf~3g54.hdky",":created_at":"2026-05-10T15:04:56.433Z",":updated_at":"2026-05-10T15:04:56.433Z","active_licenses":"EHP","permit_number":"1080","ban":"0429149","permit_status":"Active","poe_class_code":null,"license_type":"Extended Hours Premises","dba_name":"Jack in the Box","street_address":"4649 GEARY BLVD","city":"San Francisco","state":"CA","analysis_neighborhood":"Inner Richmond","supervisor_district":"1","police_district":"RICHMOND","data_as_of":"2024-01-29T14:30:06.000","data_loaded_at":"2026-05-10T08:04:43.199"}},
{"type":"Feature","geometry":{"type":"Point","coordinates":[-122.410004356,37.787168852]},"properties":{":id":"row-8g72_2e5y_89tk",":version":"rv-6uec_ukrt-36yq",":created_at":"2026-05-10T15:04:56.433Z",":updated_at":"2026-05-10T15:04:56.433Z","active_licenses":"EHP","permit_number":"1081","ban":"0429149","permit_status":"Active","poe_class_code":null,"license_type":"Extended Hours Premises","dba_name":"Jack in the Box","street_address":"400 GEARY ST","city":"San Francisco","state":"CA","analysis_neighborhood":"Tenderloin","supervisor_district":"3","police_district":"CENTRAL","data_as_of":"2024-01-29T14:30:06.000","data_loaded_at":"2026-05-10T08:04:43.199"}},
{"type":"Feature","geometry":{"type":"Point","coordinates":[-122.406234781,37.741925554]},"properties":{":id":"row-wb4w.79ga~ghaj",":version":"rv-tgfh~hcd7-ycn2",":created_at":"2026-05-10T15:04:56.433Z",":updated_at":"2026-05-10T15:04:56.433Z","active_licenses":"EHP","permit_number":"1082","ban":"0429149","permit_status":"Active","poe_class_code":null,"license_type":"Extended Hours Premises","dba_name":"Jack in the Box","street_address":"366 BAY SHORE BLVD","city":"San Francisco","state":"CA","analysis_neighborhood":"Bernal Heights","supervisor_district":"9","police_district":"BAYVIEW","data_as_of":"2024-01-29T14:30:06.000","data_loaded_at":"2026-05-10T08:04:43.199"}},
{"type":"Feature","geometry":{"type":"Point","coordinates":[-122.421128119,37.792862322]},"properties":{":id":"row-84eb_zgmz.n6q5",":version":"rv-846y.y296_pfy5",":created_at":"2026-05-10T15:04:56.433Z",":updated_at":"2026-05-10T15:04:56.433Z","active_licenses":"LLP","permit_number":"1087","ban":"0398246","permit_status":"Active","poe_class_code":null,"license_type":"Limited Live Performance","dba_name":"Amelie","street_address":"1754 POLK ST","city":"San Francisco","state":"CA","analysis_neighborhood":"Russian Hill","supervisor_district":"3","police_district":"NORTHERN","data_as_of":"2024-01-29T14:30:06.000","data_loaded_at":"2026-05-10T08:04:43.199"}},
{"type":"Feature","geometry":{"type":"Point","coordinates":[-122.420484007,37.789337718]},"properties":{":id":"row-rzpv_8q28-4pgb",":version":"rv-5cmd~jybr_c86z",":created_at":"2026-05-10T15:04:56.433Z",":updated_at":"2026-05-10T15:04:56.433Z","active_licenses":"POE","permit_number":"1088","ban":"0462654","permit_status":"Active","poe_class_code":"P23","license_type":"Place of Entertainment","dba_name":"Providence","street_address":"1351 POLK ST","city":"San Francisco","state":"CA","analysis_neighborhood":"Nob Hill","supervisor_district":"3","police_district":"NORTHERN","data_as_of":"2024-01-29T14:30:06.000","data_loaded_at":"2026-05-10T08:04:43.199"}},
{"type":"Feature","geometry":{"type":"Point","coordinates":[-122.422338,37.744074]},"properties":{":id":"row-gnvv.ax8k~xsee",":version":"rv-xshv.e2bx.3v5c",":created_at":"2026-05-10T15:04:56.433Z",":updated_at":"2026-05-10T15:04:56.433Z","active_licenses":"BP","permit_number":"1089","ban":"0459707","permit_status":"Active","poe_class_code":null,"license_type":"Billiard or Pool Tables","dba_name":"Rock Bar","street_address":"80 29TH ST","city":"San Francisco","state":"CA","analysis_neighborhood":"Bernal Heights","supervisor_district":"9","police_district":"INGLESIDE","data_as_of":"2024-01-29T14:30:06.000","data_loaded_at":"2026-05-10T08:04:43.199"}},
{"type":"Feature","geometry":{"type":"Point","coordinates":[-122.4136755,37.787823]},"properties":{":id":"row-ghk4~a75j~r3wh",":version":"rv-8z32-6kdm~fdea",":created_at":"2026-05-10T15:04:56.433Z",":updated_at":"2026-05-10T15:04:56.433Z","active_licenses":"POE","permit_number":"1090","ban":"0461591","permit_status":"Active","poe_class_code":"P23","license_type":"Place of Entertainment","dba_name":"Ithai","street_address":"720 POST ST","city":"San Francisco","state":"CA","analysis_neighborhood":"Nob Hill","supervisor_district":"3","police_district":"CENTRAL","data_as_of":"2024-01-29T14:30:06.000","data_loaded_at":"2026-05-10T08:04:43.199"}},
{"type":"Feature","geometry":{"type":"Point","coordinates":[-122.419296,37.747242]},"properties":{":id":"row-xbcw_s6ez-agje",":version":"rv-6sgn-87zq.97pk",":created_at":"2026-05-10T15:04:56.433Z",":updated_at":"2026-05-10T15:04:56.433Z","active_licenses":"POE","permit_number":"1097","ban":"0396689","permit_status":"Active","poe_class_code":"P23","license_type":"Place of Entertainment","dba_name":"Roccapulco","street_address":"3140 MISSION ST","city":"San Francisco","state":"CA","analysis_neighborhood":"Bernal Heights","supervisor_district":"9","police_district":"INGLESIDE","data_as_of":"2024-01-29T14:30:06.000","data_loaded_at":"2026-05-10T08:04:43.199"}},
{"type":"Feature","geometry":{"type":"Point","coordinates":[-122.435089797,37.761342901]},"properties":{":id":"row-7g38~h7nu.4im9",":version":"rv-xia6_8qrr.nkkn",":created_at":"2026-05-10T15:04:56.433Z",":updated_at":"2026-05-10T15:04:56.433Z","active_licenses":"LLP","permit_number":"1099","ban":"0418485","permit_status":"Active","poe_class_code":null,"license_type":"Limited Live Performance","dba_name":"Blush Wine Bar","street_address":"476 CASTRO ST","city":"San Francisco","state":"CA","analysis_neighborhood":"Castro/Upper Market","supervisor_district":"8","police_district":"MISSION","data_as_of":"2024-01-29T14:30:06.000","data_loaded_at":"2026-05-10T08:04:43.199"}},
{"type":"Feature","geometry":{"type":"Point","coordinates":[-122.4093195,37.781766]},"properties":{":id":"row-ywie_iqfc~bxad",":version":"rv-g6tp~uttu_uxwa",":created_at":"2026-05-10T15:04:56.433Z",":updated_at":"2026-05-10T15:04:56.433Z","active_licenses":"POE","permit_number":"1103","ban":"0470546","permit_status":"Active","poe_class_code":"P23","license_type":"Place of Entertainment","dba_name":"Club OMG!","street_address":"43 6TH ST","city":"San Francisco","state":"CA","analysis_neighborhood":"South of Market","supervisor_district":"6","police_district":"SOUTHERN","data_as_of":"2024-01-29T14:30:06.000","data_loaded_at":"2026-05-10T08:04:43.199"}},
{"type":"Feature","geometry":{"type":"Point","coordinates":[-122.404406597,37.740052124]},"properties":{":id":"row-y7mq.g8a7.d4fi",":version":"rv-9t4d~udyi_7sw3",":created_at":"2026-05-10T15:04:56.433Z",":updated_at":"2026-05-10T15:04:56.433Z","active_licenses":"POE, EHP","permit_number":"1105","ban":"0484678","permit_status":"Active","poe_class_code":"P23","license_type":"Place of Entertainment, Extended Hours Premises","dba_name":"Space 550","street_address":"550 BARNEVELD AVE","city":"San Francisco","state":"CA","analysis_neighborhood":"Bayview Hunters Point","supervisor_district":"10","police_district":"BAYVIEW","data_as_of":"2024-01-29T14:30:06.000","data_loaded_at":"2026-05-10T08:04:43.199"}},
{"type":"Feature","geometry":{"type":"Point","coordinates":[-122.411348923,37.783115863]},"properties":{":id":"row-k455-6n5n.pzyw",":version":"rv-pmr4_ppcf-yya7",":created_at":"2026-05-10T15:04:56.433Z",":updated_at":"2026-05-10T15:04:56.433Z","active_licenses":"POE","permit_number":"1107","ban":"1169586","permit_status":"Active","poe_class_code":"P23","license_type":"Place of Entertainment","dba_name":"Aunt Charlie's Lounge","street_address":"133 TURK ST","city":"San Francisco","state":"CA","analysis_neighborhood":"Tenderloin","supervisor_district":"5","police_district":"TENDERLOIN","data_as_of":"2026-04-10T11:30:33.000","data_loaded_at":"2026-05-10T08:04:43.199"}},
{"type":"Feature","geometry":{"type":"Point","coordinates":[-122.413357399,37.804171992]},"properties":{":id":"row-8d36~hv99_rrmy",":version":"rv-ce7u_ewax_sx5h",":created_at":"2026-05-10T15:04:56.433Z",":updated_at":"2026-05-10T15:04:56.433Z","active_licenses":"LLP","permit_number":"1109","ban":"0474223","permit_status":"Active","poe_class_code":null,"license_type":"Limited Live Performance","dba_name":"Fior d'Italia","street_address":"2237 MASON ST","city":"San Francisco","state":"CA","analysis_neighborhood":"North Beach","supervisor_district":"3","police_district":"CENTRAL","data_as_of":"2024-01-29T14:30:06.000","data_loaded_at":"2026-05-10T08:04:43.199"}},
{"type":"Feature","geometry":{"type":"Point","coordinates":[-122.3867925,37.764153]},"properties":{":id":"row-wa84~ytcu-t7hx",":version":"rv-pzp6~9giu~cnfs",":created_at":"2026-05-10T15:04:56.433Z",":updated_at":"2026-05-10T15:04:56.433Z","active_licenses":"LLP","permit_number":"1111","ban":"1117858","permit_status":"Active","poe_class_code":null,"license_type":"Limited Live Performance","dba_name":"The Ramp","street_address":"855 TERRY A FRANCOIS BLVD","city":"San Francisco","state":"CA","analysis_neighborhood":"Potrero Hill","supervisor_district":"10","police_district":"BAYVIEW","data_as_of":"2026-01-05T21:27:52.000","data_loaded_at":"2026-05-10T08:04:43.199"}},
{"type":"Feature","geometry":{"type":"Point","coordinates":[-122.403245102,37.787708978]},"properties":{":id":"row-aqx7_sk7h.3wsb",":version":"rv-ryrj_b74c-iqwn",":created_at":"2026-05-10T15:04:56.433Z",":updated_at":"2026-05-10T15:04:56.433Z","active_licenses":"POE","permit_number":"1113","ban":"0450358","permit_status":"Active","poe_class_code":"P23","license_type":"Place of Entertainment","dba_name":"Local Edition","street_address":"691 MARKET ST","city":"San Francisco","state":"CA","analysis_neighborhood":"Financial District/South Beach","supervisor_district":"6","police_district":"SOUTHERN","data_as_of":"2024-01-29T14:30:06.000","data_loaded_at":"2026-05-10T08:04:43.199"}},
{"type":"Feature","geometry":{"type":"Point","coordinates":[-122.432748811,37.783623584]},"properties":{":id":"row-hpan-9hzh-jmst",":version":"rv-bkzg_hrqu-ix6d",":created_at":"2026-05-10T15:04:56.433Z",":updated_at":"2026-05-10T15:04:56.433Z","active_licenses":"BP","permit_number":"1114","ban":"0373908","permit_status":"Active","poe_class_code":null,"license_type":"Billiard or Pool Tables","dba_name":"Fillmore Billiard","street_address":"1526 FILLMORE ST","city":"San Francisco","state":"CA","analysis_neighborhood":"Western Addition","supervisor_district":"5","police_district":"NORTHERN","data_as_of":"2024-01-29T14:30:06.000","data_loaded_at":"2026-05-10T08:04:43.199"}},
{"type":"Feature","geometry":{"type":"Point","coordinates":[-122.407741314,37.786483667]},"properties":{":id":"row-thaz-h4jd-edsm",":version":"rv-vpqf-evh2-hd4h",":created_at":"2026-05-10T15:04:56.433Z",":updated_at":"2026-05-10T15:04:56.433Z","active_licenses":"EHP","permit_number":"1118","ban":"374810","permit_status":"Active","poe_class_code":null,"license_type":"Extended Hours Premises","dba_name":"King of Thai","street_address":"184 OFARRELL ST","city":"San Francisco","state":"CA","analysis_neighborhood":"Financial District/South Beach","supervisor_district":"3","police_district":"TENDERLOIN","data_as_of":"2024-01-29T14:30:06.000","data_loaded_at":"2026-05-10T08:04:43.199"}},
{"type":"Feature","geometry":{"type":"Point","coordinates":[-122.435919,37.760643]},"properties":{":id":"row-nuya_277e~33js",":version":"rv-spyg~72ca.9jrn",":created_at":"2026-05-10T15:04:56.433Z",":updated_at":"2026-05-10T15:04:56.433Z","active_licenses":"POE","permit_number":"1122","ban":"0457826","permit_status":"Active","poe_class_code":"P23","license_type":"Place of Entertainment","dba_name":"The Edge","street_address":"4149 18TH ST","city":"San Francisco","state":"CA","analysis_neighborhood":"Castro/Upper Market","supervisor_district":"8","police_district":"MISSION","data_as_of":"2024-01-29T14:30:06.000","data_loaded_at":"2026-05-10T08:04:43.199"}},
{"type":"Feature","geometry":{"type":"Point","coordinates":[-122.421443036,37.760514078]},"properties":{":id":"row-4fj4_t5d8-ywib",":version":"rv-yq52.zhtc.b6hu",":created_at":"2026-05-10T15:04:56.433Z",":updated_at":"2026-05-10T15:04:56.433Z","active_licenses":"POE","permit_number":"1129","ban":"0457525","permit_status":"Active","poe_class_code":"P23","license_type":"Place of Entertainment","dba_name":"The Chapel","street_address":"777 VALENCIA ST","city":"San Francisco","state":"CA","analysis_neighborhood":"Mission","supervisor_district":"9","police_district":"MISSION","data_as_of":"2024-01-29T14:30:06.000","data_loaded_at":"2026-05-10T08:04:43.199"}},
{"type":"Feature","geometry":{"type":"Point","coordinates":[-122.408068998,37.786684302]},"properties":{":id":"row-dg58~47tv~piqj",":version":"rv-c4kr_kd24-fija",":created_at":"2026-05-10T15:04:56.433Z",":updated_at":"2026-05-10T15:04:56.433Z","active_licenses":"POE","permit_number":"1130","ban":"0397919","permit_status":"Active","poe_class_code":"P23","license_type":"Place of Entertainment","dba_name":"Sam's Cable Car Lounge","street_address":"222 POWELL ST","city":"San Francisco","state":"CA","analysis_neighborhood":"Financial District/South Beach","supervisor_district":"3","police_district":"TENDERLOIN","data_as_of":"2024-01-29T14:30:06.000","data_loaded_at":"2026-05-10T08:04:43.199"}},
{"type":"Feature","geometry":{"type":"Point","coordinates":[-122.4045135,37.797894]},"properties":{":id":"row-nh34-h8sp~g2tv",":version":"rv-74qb_5xw6_ap2g",":created_at":"2026-05-10T15:04:56.433Z",":updated_at":"2026-05-10T15:04:56.433Z","active_licenses":"POE","permit_number":"1133","ban":"0473327","permit_status":"Active","poe_class_code":"P23","license_type":"Place of Entertainment","dba_name":"FAME Venue","street_address":"443 BROADWAY","city":"San Francisco","state":"CA","analysis_neighborhood":"North Beach","supervisor_district":"3","police_district":"CENTRAL","data_as_of":"2024-01-29T14:30:06.000","data_loaded_at":"2026-05-10T08:04:43.199"}},
{"type":"Feature","geometry":{"type":"Point","coordinates":[-122.421901053,37.764563296]},"properties":{":id":"row-axxc~9yxy_hvwc",":version":"rv-yhvx-4jqi.wgh8",":created_at":"2026-05-10T15:04:56.433Z",":updated_at":"2026-05-10T15:04:56.433Z","active_licenses":"LLP","permit_number":"1138","ban":"0477643","permit_status":"Active","poe_class_code":null,"license_type":"Limited Live Performance","dba_name":"Kendra Alexander Foundation","street_address":"518 VALENCIA ST","city":"San Francisco","state":"CA","analysis_neighborhood":"Mission","supervisor_district":"9","police_district":"MISSION","data_as_of":"2024-01-29T14:30:06.000","data_loaded_at":"2026-05-10T08:04:43.199"}},
{"type":"Feature","geometry":{"type":"Point","coordinates":[-122.437294884,37.721303609]},"properties":{":id":"row-jgvz~fgy9~5cqx",":version":"rv-pks7-u4f5~zjma",":created_at":"2026-05-10T15:04:56.433Z",":updated_at":"2026-05-10T15:04:56.433Z","active_licenses":"EHP","permit_number":"1139","ban":"0314624","permit_status":"Active","poe_class_code":null,"license_type":"Extended Hours Premises","dba_name":"El Farolito","street_address":"4817 MISSION ST","city":"San Francisco","state":"CA","analysis_neighborhood":"Excelsior","supervisor_district":"11","police_district":"INGLESIDE","data_as_of":"2024-01-29T14:30:06.000","data_loaded_at":"2026-05-10T08:04:43.199"}},
{"type":"Feature","geometry":{"type":"Point","coordinates":[-122.408543838,37.78875146]},"properties":{":id":"row-7rjt-8ebg_uamp",":version":"rv-93fk_dnkb_zdpx",":created_at":"2026-05-10T15:04:56.433Z",":updated_at":"2026-05-10T15:04:56.433Z","active_licenses":"LLP, MAD","permit_number":"1140","ban":"0945623","permit_status":"Active","poe_class_code":null,"license_type":"Limited Live Performance, Mechanical Amusement Device","dba_name":"Golden Gate Grill","street_address":"449 POWELL ST","city":"San Francisco","state":"CA","analysis_neighborhood":"Nob Hill","supervisor_district":"3","police_district":"CENTRAL","data_as_of":"2024-01-29T14:30:06.000","data_loaded_at":"2026-05-10T08:04:43.199"}},
{"type":"Feature","geometry":{"type":"Point","coordinates":[-122.419502938,37.762835276]},"properties":{":id":"row-q5j5~jwn2_4hph",":version":"rv-hzw9_8yyg_y85c",":created_at":"2026-05-10T15:04:56.433Z",":updated_at":"2026-05-10T15:04:56.433Z","active_licenses":"LLP","permit_number":"1142","ban":"0448813","permit_status":"Active","poe_class_code":null,"license_type":"Limited Live Performance","dba_name":"The Sycamore","street_address":"2140 MISSION ST","city":"San Francisco","state":"CA","analysis_neighborhood":"Mission","supervisor_district":"9","police_district":"MISSION","data_as_of":"2024-01-29T14:30:06.000","data_loaded_at":"2026-05-10T08:04:43.199"}},
{"type":"Feature","geometry":{"type":"Point","coordinates":[-122.404311,37.788129]},"properties":{":id":"row-jtxb~fx2t~9caj",":version":"rv-9avn_q9bu_s4dy",":created_at":"2026-05-10T15:04:56.433Z",":updated_at":"2026-05-10T15:04:56.433Z","active_licenses":"POE, EHP","permit_number":"1147","ban":"0489842","permit_status":"Active","poe_class_code":"P23","license_type":"Place of Entertainment, Extended Hours Premises","dba_name":"Hawthorn","street_address":"46 GEARY ST","city":"San Francisco","state":"CA","analysis_neighborhood":"Financial District/South Beach","supervisor_district":"3","police_district":"CENTRAL","data_as_of":"2024-01-29T14:30:06.000","data_loaded_at":"2026-05-10T08:04:43.199"}},
{"type":"Feature","geometry":{"type":"Point","coordinates":[-122.431462289,37.7851749]},"properties":{":id":"row-bxhs~e9cu.tf7b",":version":"rv-iyda_ntwn.qj7i",":created_at":"2026-05-10T15:04:56.433Z",":updated_at":"2026-05-10T15:04:56.433Z","active_licenses":"POE","permit_number":"1150","ban":"0404254","permit_status":"Active","poe_class_code":"P23","license_type":"Place of Entertainment","dba_name":"Festa","street_address":"1581 WEBSTER ST","city":"San Francisco","state":"CA","analysis_neighborhood":"Japantown","supervisor_district":"5","police_district":"NORTHERN","data_as_of":"2024-01-29T14:30:06.000","data_loaded_at":"2026-05-10T08:04:43.199"}},
{"type":"Feature","geometry":{"type":"Point","coordinates":[-122.421213843,37.776253043]},"properties":{":id":"row-rep6_exg8-qc4f",":version":"rv-tmne~5hnf_i3kd",":created_at":"2026-05-10T15:04:56.433Z",":updated_at":"2026-05-10T15:04:56.433Z","active_licenses":"POE","permit_number":"1151","ban":"0368251","permit_status":"Active","poe_class_code":"P23","license_type":"Place of Entertainment","dba_name":"SF Jazz","street_address":"201 FRANKLIN ST","city":"San Francisco","state":"CA","analysis_neighborhood":"Hayes Valley","supervisor_district":"5","police_district":"NORTHERN","data_as_of":"2024-01-29T14:30:06.000","data_loaded_at":"2026-05-10T08:04:43.199"}},
{"type":"Feature","geometry":{"type":"Point","coordinates":[-122.437477956,37.721267548]},"properties":{":id":"row-vhpp~tpui-pkhg",":version":"rv-urj7-vimi~r6ax",":created_at":"2026-05-10T15:04:56.433Z",":updated_at":"2026-05-10T15:04:56.433Z","active_licenses":"EHP","permit_number":"1153","ban":"0310807","permit_status":"Active","poe_class_code":null,"license_type":"Extended Hours Premises","dba_name":"Taqueria Guadalajara","street_address":"4798 MISSION ST","city":"San Francisco","state":"CA","analysis_neighborhood":"Outer Mission","supervisor_district":"11","police_district":"INGLESIDE","data_as_of":"2024-01-29T14:30:06.000","data_loaded_at":"2026-05-10T08:04:43.199"}},
{"type":"Feature","geometry":{"type":"Point","coordinates":[-122.410692287,37.782613701]},"properties":{":id":"row-buks_pz5u.msrf",":version":"rv-5wdy.5n59-yf9n",":created_at":"2026-05-10T15:04:56.433Z",":updated_at":"2026-05-10T15:04:56.433Z","active_licenses":"LLP","permit_number":"1155","ban":"0480589","permit_status":"Active","poe_class_code":null,"license_type":"Limited Live Performance","dba_name":"Center for New Music San Francisco","street_address":"55 TAYLOR ST","city":"San Francisco","state":"CA","analysis_neighborhood":"Tenderloin","supervisor_district":"5","police_district":"TENDERLOIN","data_as_of":"2024-01-29T14:30:06.000","data_loaded_at":"2026-05-10T08:04:43.199"}},
{"type":"Feature","geometry":{"type":"Point","coordinates":[-122.409309653,37.800409415]},"properties":{":id":"row-7de8.4dqj~bm4v",":version":"rv-r87m_dgh5.mhwx",":created_at":"2026-05-10T15:04:56.433Z",":updated_at":"2026-05-10T15:04:56.433Z","active_licenses":"LLP","permit_number":"1156","ban":"0464262","permit_status":"Active","poe_class_code":null,"license_type":"Limited Live Performance","dba_name":"Original Joe's","street_address":"601 UNION ST","city":"San Francisco","state":"CA","analysis_neighborhood":"North Beach","supervisor_district":"3","police_district":"CENTRAL","data_as_of":"2024-01-29T14:30:06.000","data_loaded_at":"2026-05-10T08:04:43.199"}},
{"type":"Feature","geometry":{"type":"Point","coordinates":[-122.414289592,37.754187645]},"properties":{":id":"row-m6qt~ceqy~ax2u",":version":"rv-zc6v_7env.cwkr",":created_at":"2026-05-10T15:04:56.433Z",":updated_at":"2026-05-10T15:04:56.433Z","active_licenses":"LLP","permit_number":"1163","ban":"1129505","permit_status":"Active","poe_class_code":null,"license_type":"Limited Live Performance","dba_name":"Red Poppy Art House","street_address":"2698 FOLSOM ST","city":"San Francisco","state":"CA","analysis_neighborhood":"Mission","supervisor_district":"9","police_district":"MISSION","data_as_of":"2024-01-29T14:30:06.000","data_loaded_at":"2026-05-10T08:04:43.199"}},
{"type":"Feature","geometry":{"type":"Point","coordinates":[-122.429967707,37.785578664]},"properties":{":id":"row-292i_ifwz-ammm",":version":"rv-wu2a-p3ed_t52f",":created_at":"2026-05-10T15:04:56.433Z",":updated_at":"2026-05-10T15:04:56.433Z","active_licenses":"POE","permit_number":"1166","ban":"1105855","permit_status":"Active","poe_class_code":"P23","license_type":"Place of Entertainment","dba_name":"Pagoda","street_address":"1704 POST ST","city":"San Francisco","state":"CA","analysis_neighborhood":"Japantown","supervisor_district":"5","police_district":"NORTHERN","data_as_of":"2024-01-29T14:30:06.000","data_loaded_at":"2026-05-10T08:04:43.199"}},
{"type":"Feature","geometry":{"type":"Point","coordinates":[-122.4077625,37.75266]},"properties":{":id":"row-hzei~ben6~w373",":version":"rv-qygw.zqia-a7ew",":created_at":"2026-05-10T15:04:56.433Z",":updated_at":"2026-05-10T15:04:56.433Z","active_licenses":"POE","permit_number":"1168","ban":"0303017","permit_status":"Active","poe_class_code":"P23","license_type":"Place of Entertainment","dba_name":"Brava Theater Center","street_address":"2781 24TH ST","city":"San Francisco","state":"CA","analysis_neighborhood":"Mission","supervisor_district":"9","police_district":"MISSION","data_as_of":"2024-01-29T14:30:06.000","data_loaded_at":"2026-05-10T08:04:43.199"}},
{"type":"Feature","geometry":{"type":"Point","coordinates":[-122.404493866,37.763354325]},"properties":{":id":"row-97j8.w5sw~dpge",":version":"rv-9ar2-rfwy~4uhf",":created_at":"2026-05-10T15:04:56.433Z",":updated_at":"2026-05-10T15:04:56.433Z","active_licenses":"POE","permit_number":"1170","ban":"0026377","permit_status":"Active","poe_class_code":"P23","license_type":"Place of Entertainment","dba_name":"Slovenian Hall","street_address":"2101 MARIPOSA ST","city":"San Francisco","state":"CA","analysis_neighborhood":"Potrero Hill","supervisor_district":"10","police_district":"BAYVIEW","data_as_of":"2024-01-29T14:30:06.000","data_loaded_at":"2026-05-10T08:04:43.199"}},
{"type":"Feature","geometry":{"type":"Point","coordinates":[-122.413205258,37.787055272]},"properties":{":id":"row-ye6z_7krb_hdbs",":version":"rv-t5g2_prwx.b866",":created_at":"2026-05-10T15:04:56.433Z",":updated_at":"2026-05-10T15:04:56.433Z","active_licenses":"LLP","permit_number":"1172","ban":"0460458","permit_status":"Active","poe_class_code":null,"license_type":"Limited Live Performance","dba_name":"620 Jones","street_address":"620 JONES ST","city":"San Francisco","state":"CA","analysis_neighborhood":"Tenderloin","supervisor_district":"3","police_district":"CENTRAL","data_as_of":"2026-01-05T21:28:29.000","data_loaded_at":"2026-05-10T08:04:43.199"}},
{"type":"Feature","geometry":{"type":"Point","coordinates":[-122.4134325,37.769985]},"properties":{":id":"row-gyvc_w49i-mfa6",":version":"rv-vyqd-azdh~pxnp",":created_at":"2026-05-10T15:04:56.433Z",":updated_at":"2026-05-10T15:04:56.433Z","active_licenses":"POE","permit_number":"1174","ban":"476394","permit_status":"Active","poe_class_code":"P23","license_type":"Place of Entertainment","dba_name":"SF Eagle Bar","street_address":"398 12TH ST","city":"San Francisco","state":"CA","analysis_neighborhood":"Mission","supervisor_district":"6","police_district":"SOUTHERN","data_as_of":"2024-01-29T14:30:06.000","data_loaded_at":"2026-05-10T08:04:43.199"}},
{"type":"Feature","geometry":{"type":"Point","coordinates":[-122.404662,37.798434]},"properties":{":id":"row-ttuu-x7a5-8i32",":version":"rv-7cjb~385a.yiq8",":created_at":"2026-05-10T15:04:56.433Z",":updated_at":"2026-05-10T15:04:56.433Z","active_licenses":"EHP","permit_number":"1183","ban":"0460685","permit_status":"Active","poe_class_code":null,"license_type":"Extended Hours Premises","dba_name":"Paris Pizza/Pizzaria","street_address":"448 BROADWAY","city":"San Francisco","state":"CA","analysis_neighborhood":"North Beach","supervisor_district":"3","police_district":"CENTRAL","data_as_of":"2024-01-29T14:30:06.000","data_loaded_at":"2026-05-10T08:04:43.199"}},
{"type":"Feature","geometry":{"type":"Point","coordinates":[-122.413380552,37.786735541]},"properties":{":id":"row-vkei~dinz_ktsb",":version":"rv-kfs6~iqy5~j4hi",":created_at":"2026-05-10T15:04:56.433Z",":updated_at":"2026-05-10T15:04:56.433Z","active_licenses":"EHP","permit_number":"1185","ban":"0430716","permit_status":"Active","poe_class_code":null,"license_type":"Extended Hours Premises","dba_name":"Milan Pizza","street_address":"606 GEARY ST","city":"San Francisco","state":"CA","analysis_neighborhood":"Tenderloin","supervisor_district":"3","police_district":"CENTRAL","data_as_of":"2024-01-29T14:30:06.000","data_loaded_at":"2026-05-10T08:04:43.199"}},
{"type":"Feature","geometry":{"type":"Point","coordinates":[-122.434103549,37.763563222]},"properties":{":id":"row-ejqr-fvhp_f4uc",":version":"rv-2cpv-wb3p-vfwt",":created_at":"2026-05-10T15:04:56.433Z",":updated_at":"2026-05-10T15:04:56.433Z","active_licenses":"POE","permit_number":"1187","ban":"0477405","permit_status":"Active","poe_class_code":"P23","license_type":"Place of Entertainment","dba_name":"Beaux","street_address":"2344 MARKET ST","city":"San Francisco","state":"CA","analysis_neighborhood":"Castro/Upper Market","supervisor_district":"8","police_district":"MISSION","data_as_of":"2024-01-29T14:30:06.000","data_loaded_at":"2026-05-10T08:04:43.199"}},
{"type":"Feature","geometry":{"type":"Point","coordinates":[-122.4095272,37.785546317]},"properties":{":id":"row-5989.35vi.p7w2",":version":"rv-p66t_chqy_59qn",":created_at":"2026-05-10T15:04:56.433Z",":updated_at":"2026-05-10T15:04:56.433Z","active_licenses":"EHP","permit_number":"1188","ban":"0168378","permit_status":"Active","poe_class_code":null,"license_type":"Extended Hours Premises","dba_name":"Hotel Nikko","street_address":"222 MASON ST","city":"San Francisco","state":"CA","analysis_neighborhood":"Tenderloin","supervisor_district":"5","police_district":"TENDERLOIN","data_as_of":"2024-01-29T14:30:06.000","data_loaded_at":"2026-05-10T08:04:43.199"}},
{"type":"Feature","geometry":{"type":"Point","coordinates":[-122.419073478,37.782666468]},"properties":{":id":"row-de5u-kpsg~4efq",":version":"rv-um9g-t8wq~yt7f",":created_at":"2026-05-10T15:04:56.433Z",":updated_at":"2026-05-10T15:04:56.433Z","active_licenses":"LLP","permit_number":"1189","ban":"0419277","permit_status":"Active","poe_class_code":null,"license_type":"Limited Live Performance","dba_name":"Brenda's French Soul Food","street_address":"652 POLK ST","city":"San Francisco","state":"CA","analysis_neighborhood":"Tenderloin","supervisor_district":"5","police_district":"NORTHERN","data_as_of":"2024-01-29T14:30:06.000","data_loaded_at":"2026-05-10T08:04:43.199"}},
{"type":"Feature","geometry":{"type":"Point","coordinates":[-122.406858833,37.798025612]},"properties":{":id":"row-tz3r~7ynk_2k2b",":version":"rv-6sf7~n4fu.a48h",":created_at":"2026-05-10T15:04:56.433Z",":updated_at":"2026-05-10T15:04:56.433Z","active_licenses":"EHP","permit_number":"1190","ban":null,"permit_status":"Active","poe_class_code":null,"license_type":"Extended Hours Premises","dba_name":"Pizzelle di North Beach","street_address":"314 COLUMBUS AVE","city":"San Francisco","state":"CA","analysis_neighborhood":"North Beach","supervisor_district":"3","police_district":"CENTRAL","data_as_of":"2024-01-29T14:30:06.000","data_loaded_at":"2026-05-10T08:04:43.199"}},
{"type":"Feature","geometry":{"type":"Point","coordinates":[-122.408883,37.789308]},"properties":{":id":"row-8vsy_hmwy-irsq",":version":"rv-74w5.cmf7_kaek",":created_at":"2026-05-10T15:04:56.433Z",":updated_at":"2026-05-10T15:04:56.433Z","active_licenses":"EHP","permit_number":"1193","ban":"0945623","permit_status":"Active","poe_class_code":null,"license_type":"Extended Hours Premises","dba_name":"Lori's Diner","street_address":"500 SUTTER ST","city":"San Francisco","state":"CA","analysis_neighborhood":"Nob Hill","supervisor_district":"3","police_district":"CENTRAL","data_as_of":"2024-01-29T14:30:06.000","data_loaded_at":"2026-05-10T08:04:43.199"}},
{"type":"Feature","geometry":{"type":"Point","coordinates":[-122.400954257,37.797866851]},"properties":{":id":"row-f6w9-4du9-wuef",":version":"rv-ar3k.qdq9-wgfm",":created_at":"2026-05-10T15:04:56.433Z",":updated_at":"2026-05-10T15:04:56.433Z","active_licenses":"POE","permit_number":"1195","ban":"0464423","permit_status":"Active","poe_class_code":"P23","license_type":"Place of Entertainment","dba_name":"The Battery","street_address":"717 BATTERY ST","city":"San Francisco","state":"CA","analysis_neighborhood":"Financial District/South Beach","supervisor_district":"3","police_district":"CENTRAL","data_as_of":"2024-01-29T14:30:06.000","data_loaded_at":"2026-05-10T08:04:43.199"}},
{"type":"Feature","geometry":{"type":"Point","coordinates":[-122.4095985,37.781361]},"properties":{":id":"row-xj6s-7i5f-za7w",":version":"rv-3jf5_esda.8axd",":created_at":"2026-05-10T15:04:56.433Z",":updated_at":"2026-05-10T15:04:56.433Z","active_licenses":"POE, EHP","permit_number":"1196","ban":"0484679","permit_status":"Active","poe_class_code":"P23","license_type":"Place of Entertainment, Extended Hours Premises","dba_name":"Luxx Lounge","street_address":"60 6TH ST","city":"San Francisco","state":"CA","analysis_neighborhood":"South of Market","supervisor_district":"6","police_district":"SOUTHERN","data_as_of":"2024-01-29T14:30:06.000","data_loaded_at":"2026-05-10T08:04:43.199"}},
{"type":"Feature","geometry":{"type":"Point","coordinates":[-122.413806,37.771371]},"properties":{":id":"row-46kf.8p5j-dxdm",":version":"rv-ttgx_w4d7_ppvr",":created_at":"2026-05-10T15:04:56.433Z",":updated_at":"2026-05-10T15:04:56.433Z","active_licenses":"POE","permit_number":"1197","ban":"1104709","permit_status":"Active","poe_class_code":"P23","license_type":"Place of Entertainment","dba_name":"Audio/Bella","street_address":"316 11TH ST","city":"San Francisco","state":"CA","analysis_neighborhood":"Mission","supervisor_district":"6","police_district":"SOUTHERN","data_as_of":"2025-11-10T16:58:24.000","data_loaded_at":"2026-05-10T08:04:43.199"}},
{"type":"Feature","geometry":{"type":"Point","coordinates":[-122.409783,37.752993]},"properties":{":id":"row-njz2.tmsn_hyi3",":version":"rv-6ieu-26qr.hzde",":created_at":"2026-05-10T15:04:56.433Z",":updated_at":"2026-05-10T15:04:56.433Z","active_licenses":"LLP","permit_number":"1199","ban":"0369242","permit_status":"Active","poe_class_code":null,"license_type":"Limited Live Performance","dba_name":"Tio Chilos Grill","street_address":"2872 24TH ST","city":"San Francisco","state":"CA","analysis_neighborhood":"Mission","supervisor_district":"9","police_district":"MISSION","data_as_of":"2024-01-29T14:30:06.000","data_loaded_at":"2026-05-10T08:04:43.199"}},
{"type":"Feature","geometry":{"type":"Point","coordinates":[-122.4056925,37.778049]},"properties":{":id":"row-5ib3_i4ym_zykf",":version":"rv-ar4a.jpzh-7fcg",":created_at":"2026-05-10T15:04:56.433Z",":updated_at":"2026-05-10T15:04:56.433Z","active_licenses":"POE, EHP","permit_number":"120","ban":"0926478","permit_status":"Active","poe_class_code":"P23","license_type":"Place of Entertainment, Extended Hours Premises","dba_name":"1015 Folsom","street_address":"1015 FOLSOM ST","city":"San Francisco","state":"CA","analysis_neighborhood":"South of Market","supervisor_district":"6","police_district":"SOUTHERN","data_as_of":"2024-01-29T14:30:06.000","data_loaded_at":"2026-05-10T08:04:43.199"}},
{"type":"Feature","geometry":{"type":"Point","coordinates":[-122.476462249,37.780374478]},"properties":{":id":"row-ka5c.y2mv.mugp",":version":"rv-gjsn~ceyg.3a9q",":created_at":"2026-05-10T15:04:56.433Z",":updated_at":"2026-05-10T15:04:56.433Z","active_licenses":"POE","permit_number":"1200","ban":"0484006","permit_status":"Active","poe_class_code":"P23","license_type":"Place of Entertainment","dba_name":"Beluga","street_address":"5323 GEARY BLVD","city":"San Francisco","state":"CA","analysis_neighborhood":"Outer Richmond","supervisor_district":"1","police_district":"RICHMOND","data_as_of":"2024-01-29T14:30:06.000","data_loaded_at":"2026-05-10T08:04:43.199"}},
{"type":"Feature","geometry":{"type":"Point","coordinates":[-122.492845327,37.781634983]},"properties":{":id":"row-6444_5xka_zafs",":version":"rv-5fcz~ygj5_nt43",":created_at":"2026-05-10T15:04:56.433Z",":updated_at":"2026-05-10T15:04:56.433Z","active_licenses":"POE","permit_number":"1202","ban":"0465215","permit_status":"Active","poe_class_code":"P23","license_type":"Place of Entertainment","dba_name":"Akiba","street_address":"3141 CLEMENT ST","city":"San Francisco","state":"CA","analysis_neighborhood":"Outer Richmond","supervisor_district":"1","police_district":"RICHMOND","data_as_of":"2024-01-29T14:30:06.000","data_loaded_at":"2026-05-10T08:04:43.199"}},
{"type":"Feature","geometry":{"type":"Point","coordinates":[-122.42141808,37.760252775]},"properties":{":id":"row-7ujd~mihq.bfgi",":version":"rv-bijb~xmbd-kbyv",":created_at":"2026-05-10T15:04:56.433Z",":updated_at":"2026-05-10T15:04:56.433Z","active_licenses":"LLP","permit_number":"1212","ban":"0456266","permit_status":"Active","poe_class_code":null,"license_type":"Limited Live Performance","dba_name":"Etcetera Wine Bar","street_address":"795 VALENCIA ST","city":"San Francisco","state":"CA","analysis_neighborhood":"Mission","supervisor_district":"9","police_district":"MISSION","data_as_of":"2024-01-29T14:30:06.000","data_loaded_at":"2026-05-10T08:04:43.199"}},
{"type":"Feature","geometry":{"type":"Point","coordinates":[-122.452713,37.768212]},"properties":{":id":"row-2hqv_a5qp_hy3j",":version":"rv-m2nj-kq7v_ebpm",":created_at":"2026-05-10T15:04:56.433Z",":updated_at":"2026-05-10T15:04:56.433Z","active_licenses":"MAD","permit_number":"1225","ban":"0398671","permit_status":"Active","poe_class_code":null,"license_type":"Mechanical Amusement Device","dba_name":"Free Gold Watch","street_address":"1767 WALLER ST","city":"San Francisco","state":"CA","analysis_neighborhood":"Haight Ashbury","supervisor_district":"8","police_district":"PARK","data_as_of":"2024-01-29T14:30:06.000","data_loaded_at":"2026-05-10T08:04:43.199"}},
{"type":"Feature","geometry":{"type":"Point","coordinates":[-122.432769916,37.783731857]},"properties":{":id":"row-6ibs_zngq.mtyg",":version":"rv-ezbg-kwd5~ehg3",":created_at":"2026-05-10T15:04:56.433Z",":updated_at":"2026-05-10T15:04:56.433Z","active_licenses":"POE, EHP","permit_number":"1228","ban":"0488875","permit_status":"Active","poe_class_code":"P23","license_type":"Place of Entertainment, Extended Hours Premises","dba_name":"Origin Restaurant & Lounge","street_address":"1538 FILLMORE ST","city":"San Francisco","state":"CA","analysis_neighborhood":"Western Addition","supervisor_district":"5","police_district":"NORTHERN","data_as_of":"2024-01-29T14:30:06.000","data_loaded_at":"2026-05-10T08:04:43.199"}},
{"type":"Feature","geometry":{"type":"Point","coordinates":[-122.3985555,37.793961]},"properties":{":id":"row-dyqp~xhht-mebr",":version":"rv-vqd7.4mip-dch7",":created_at":"2026-05-10T15:04:56.433Z",":updated_at":"2026-05-10T15:04:56.433Z","active_licenses":"POE","permit_number":"1230","ban":"0486121","permit_status":"Active","poe_class_code":"P23","license_type":"Place of Entertainment","dba_name":"SCHROEDER'S","street_address":"240 FRONT ST","city":"San Francisco","state":"CA","analysis_neighborhood":"Financial District/South Beach","supervisor_district":"3","police_district":"CENTRAL","data_as_of":"2026-01-05T21:22:41.000","data_loaded_at":"2026-05-10T08:04:43.199"}},
{"type":"Feature","geometry":{"type":"Point","coordinates":[-122.4128925,37.771299]},"properties":{":id":"row-brfm_ftss_688e",":version":"rv-e63t.qqu7.i7ay",":created_at":"2026-05-10T15:04:56.433Z",":updated_at":"2026-05-10T15:04:56.433Z","active_licenses":"POE, MAD, BP","permit_number":"1232","ban":"0485629","permit_status":"Active","poe_class_code":"P23","license_type":"Place of Entertainment, Mechanical Amusement Device, Billiard or Pool Tables","dba_name":"Buzzworks","street_address":"365 11TH ST","city":"San Francisco","state":"CA","analysis_neighborhood":"South of Market","supervisor_district":"6","police_district":"SOUTHERN","data_as_of":"2024-01-29T14:30:06.000","data_loaded_at":"2026-05-10T08:04:43.199"}},
{"type":"Feature","geometry":{"type":"Point","coordinates":[-122.406097685,37.797533474]},"properties":{":id":"row-wy65.2ggy~npq6",":version":"rv-3yap~z2mv~2xre",":created_at":"2026-05-10T15:04:56.433Z",":updated_at":"2026-05-10T15:04:56.433Z","active_licenses":"LLP","permit_number":"1233","ban":"0048140","permit_status":"Active","poe_class_code":null,"license_type":"Limited Live Performance","dba_name":"Specs 12 Adler Museum","street_address":"12 SAROYAN PL","city":"San Francisco","state":"CA","analysis_neighborhood":"North Beach","supervisor_district":"3","police_district":"CENTRAL","data_as_of":"2024-01-29T14:30:06.000","data_loaded_at":"2026-05-10T08:04:43.199"}},
{"type":"Feature","geometry":{"type":"Point","coordinates":[-122.41674,37.763937]},"properties":{":id":"row-vcnm~5zme~asnn",":version":"rv-uqm2-3xrs~rfr4",":created_at":"2026-05-10T15:04:56.433Z",":updated_at":"2026-05-10T15:04:56.433Z","active_licenses":"LLP","permit_number":"1236","ban":"0465668","permit_status":"Active","poe_class_code":null,"license_type":"Limited Live Performance","dba_name":"Mission Bowling Club","street_address":"3176 17TH ST","city":"San Francisco","state":"CA","analysis_neighborhood":"Mission","supervisor_district":"9","police_district":"MISSION","data_as_of":"2024-01-29T14:30:06.000","data_loaded_at":"2026-05-10T08:04:43.199"}},
{"type":"Feature","geometry":{"type":"Point","coordinates":[-122.411600643,37.787470654]},"properties":{":id":"row-vgp9-3inz_f4qn",":version":"rv-ikwq_n96n-c5k8",":created_at":"2026-05-10T15:04:56.433Z",":updated_at":"2026-05-10T15:04:56.433Z","active_licenses":"POE, EHP","permit_number":"1238","ban":"0397646","permit_status":"Active","poe_class_code":"P23","license_type":"Place of Entertainment, Extended Hours Premises","dba_name":"Cocobang","street_address":"550 TAYLOR ST","city":"San Francisco","state":"CA","analysis_neighborhood":"Tenderloin","supervisor_district":"3","police_district":"CENTRAL","data_as_of":"2024-01-29T14:30:06.000","data_loaded_at":"2026-05-10T08:04:43.199"}},
{"type":"Feature","geometry":{"type":"Point","coordinates":[-122.421174593,37.756995645]},"properties":{":id":"row-hwk9-x8jm-g54g",":version":"rv-jasq.r3b3.z282",":created_at":"2026-05-10T15:04:56.433Z",":updated_at":"2026-05-10T15:04:56.433Z","active_licenses":"POE","permit_number":"1243","ban":"1030172","permit_status":"Active","poe_class_code":"P23","license_type":"Place of Entertainment","dba_name":"Amados","street_address":"998 VALENCIA ST","city":"San Francisco","state":"CA","analysis_neighborhood":"Mission","supervisor_district":"9","police_district":"MISSION","data_as_of":"2024-01-29T14:30:06.000","data_loaded_at":"2026-05-10T08:04:43.199"}},
{"type":"Feature","geometry":{"type":"Point","coordinates":[-122.40953058,37.782750773]},"properties":{":id":"row-enyt-ctbf.qsxj",":version":"rv-ycip-pcyk.92hb",":created_at":"2026-05-10T15:04:56.433Z",":updated_at":"2026-05-10T15:04:56.433Z","active_licenses":"POE","permit_number":"1249","ban":"1001283","permit_status":"Active","poe_class_code":"P23","license_type":"Place of Entertainment","dba_name":"The Village","street_address":"969 MARKET ST","city":"San Francisco","state":"CA","analysis_neighborhood":"South of Market","supervisor_district":"6","police_district":"SOUTHERN","data_as_of":"2024-01-29T14:30:06.000","data_loaded_at":"2026-05-10T08:04:43.199"}},
{"type":"Feature","geometry":{"type":"Point","coordinates":[-122.408815838,37.78634734]},"properties":{":id":"row-hcj8.4sv8~2amv",":version":"rv-ivft.it5r~8gis",":created_at":"2026-05-10T15:04:56.433Z",":updated_at":"2026-05-10T15:04:56.433Z","active_licenses":"POE","permit_number":"1251","ban":"0485119","permit_status":"Active","poe_class_code":"P23","license_type":"Place of Entertainment","dba_name":"Bartlett Hall","street_address":"240 OFARRELL ST","city":"San Francisco","state":"CA","analysis_neighborhood":"Tenderloin","supervisor_district":"3","police_district":"TENDERLOIN","data_as_of":"2024-01-29T14:30:06.000","data_loaded_at":"2026-05-10T08:04:43.199"}},
{"type":"Feature","geometry":{"type":"Point","coordinates":[-122.4233145,37.764576]},"properties":{":id":"row-2a75~tut5_z3wq",":version":"rv-rchu.dsyq-3ufb",":created_at":"2026-05-10T15:04:56.433Z",":updated_at":"2026-05-10T15:04:56.433Z","active_licenses":"MAD","permit_number":"1256","ban":"0397243","permit_status":"Active","poe_class_code":null,"license_type":"Mechanical Amusement Device","dba_name":"Gestalt","street_address":"3159 16TH ST","city":"San Francisco","state":"CA","analysis_neighborhood":"Mission","supervisor_district":"9","police_district":"MISSION","data_as_of":"2024-01-29T14:30:06.000","data_loaded_at":"2026-05-10T08:04:43.199"}},
{"type":"Feature","geometry":{"type":"Point","coordinates":[-122.400765,37.785924]},"properties":{":id":"row-tzbe~ys7c.2jm8",":version":"rv-wygm_riph~k3qm",":created_at":"2026-05-10T15:04:56.433Z",":updated_at":"2026-05-10T15:04:56.433Z","active_licenses":"POE","permit_number":"126","ban":null,"permit_status":"Active","poe_class_code":"P23","license_type":"Place of Entertainment","dba_name":"SF MUSEUM OF MODERN ART","street_address":"151 3RD ST","city":"San Francisco","state":"CA","analysis_neighborhood":"Financial District/South Beach","supervisor_district":"6","police_district":"SOUTHERN","data_as_of":"2026-01-05T17:24:32.000","data_loaded_at":"2026-05-10T08:04:43.199"}},
{"type":"Feature","geometry":{"type":"Point","coordinates":[-122.4072,37.785393]},"properties":{":id":"row-ia4j-gq9r~9y27",":version":"rv-2uxt_qczc.ecrk",":created_at":"2026-05-10T15:04:56.433Z",":updated_at":"2026-05-10T15:04:56.433Z","active_licenses":"LLP","permit_number":"1262","ban":"0470426","permit_status":"Active","poe_class_code":null,"license_type":"Limited Live Performance","dba_name":"John's Grill","street_address":"63 ELLIS ST","city":"San Francisco","state":"CA","analysis_neighborhood":"Financial District/South Beach","supervisor_district":"3","police_district":"TENDERLOIN","data_as_of":"2024-01-29T14:30:06.000","data_loaded_at":"2026-05-10T08:04:43.199"}},
{"type":"Feature","geometry":{"type":"Point","coordinates":[-122.430489325,37.766432477]},"properties":{":id":"row-8nsw_j5bq-hks5",":version":"rv-83vj.t4qu.avbr",":created_at":"2026-05-10T15:04:56.433Z",":updated_at":"2026-05-10T15:04:56.433Z","active_licenses":"POE","permit_number":"1263","ban":"1067482","permit_status":"Active","poe_class_code":"P23","license_type":"Place of Entertainment","dba_name":"Swedish American Hall/ Cafe du Nord","street_address":"2174 MARKET ST","city":"San Francisco","state":"CA","analysis_neighborhood":"Castro/Upper Market","supervisor_district":"8","police_district":"MISSION","data_as_of":"2024-01-29T14:30:06.000","data_loaded_at":"2026-05-10T08:04:43.199"}},
{"type":"Feature","geometry":{"type":"Point","coordinates":[-122.4084105,37.752975]},"properties":{":id":"row-9qes-4kx7-ut28",":version":"rv-5ty4_ucxq~adxc",":created_at":"2026-05-10T15:04:56.433Z",":updated_at":"2026-05-10T15:04:56.433Z","active_licenses":"POE","permit_number":"1268","ban":"0484015","permit_status":"Active","poe_class_code":"P23","license_type":"Place of Entertainment","dba_name":"Pop's Clubhouse","street_address":"2800 24TH ST","city":"San Francisco","state":"CA","analysis_neighborhood":"Mission","supervisor_district":"9","police_district":"MISSION","data_as_of":"2024-01-29T14:30:06.000","data_loaded_at":"2026-05-10T08:04:43.199"}},
{"type":"Feature","geometry":{"type":"Point","coordinates":[-122.436024667,37.799508551]},"properties":{":id":"row-zngq-gkxa.475p",":version":"rv-k5pm~j9tk.eu7b",":created_at":"2026-05-10T15:04:56.433Z",":updated_at":"2026-05-10T15:04:56.433Z","active_licenses":"POE","permit_number":"1270","ban":"1001929","permit_status":"Active","poe_class_code":"P23","license_type":"Place of Entertainment","dba_name":"Jaxson","street_address":"3231 FILLMORE ST","city":"San Francisco","state":"CA","analysis_neighborhood":"Marina","supervisor_district":"2","police_district":"NORTHERN","data_as_of":"2024-01-29T14:30:06.000","data_loaded_at":"2026-05-10T08:04:43.199"}},
{"type":"Feature","geometry":{"type":"Point","coordinates":[-122.421863275,37.742505764]},"properties":{":id":"row-g87n_jib9-9wks",":version":"rv-fy3f_jap9.378i",":created_at":"2026-05-10T15:04:56.433Z",":updated_at":"2026-05-10T15:04:56.433Z","active_licenses":"LLP","permit_number":"1272","ban":"0367539","permit_status":"Active","poe_class_code":null,"license_type":"Limited Live Performance","dba_name":"Oye Managua","street_address":"3385 MISSION ST","city":"San Francisco","state":"CA","analysis_neighborhood":"Bernal Heights","supervisor_district":"9","police_district":"INGLESIDE","data_as_of":"2024-01-29T14:30:06.000","data_loaded_at":"2026-05-10T08:04:43.199"}},
{"type":"Feature","geometry":{"type":"Point","coordinates":[-122.421074218,37.792264167]},"properties":{":id":"row-8b5u-6rpg-jj4b",":version":"rv-ac6y~p34b_g4fi",":created_at":"2026-05-10T15:04:56.433Z",":updated_at":"2026-05-10T15:04:56.433Z","active_licenses":"BP","permit_number":"1274","ban":"0488949","permit_status":"Active","poe_class_code":null,"license_type":"Billiard or Pool Tables","dba_name":"Harper & Rye","street_address":"1695 POLK ST","city":"San Francisco","state":"CA","analysis_neighborhood":"Nob Hill","supervisor_district":"3","police_district":"NORTHERN","data_as_of":"2024-01-29T14:30:06.000","data_loaded_at":"2026-05-10T08:04:43.199"}},
{"type":"Feature","geometry":{"type":"Point","coordinates":[-122.431153596,37.765856284]},"properties":{":id":"row-nmf2_wr7k.sa8y",":version":"rv-q9b2_899f.8djp",":created_at":"2026-05-10T15:04:56.433Z",":updated_at":"2026-05-10T15:04:56.433Z","active_licenses":"MAD","permit_number":"1275","ban":"0487330","permit_status":"Active","poe_class_code":null,"license_type":"Mechanical Amusement Device","dba_name":"The Detour","street_address":"2200 MARKET ST","city":"San Francisco","state":"CA","analysis_neighborhood":"Castro/Upper Market","supervisor_district":"8","police_district":"MISSION","data_as_of":"2024-01-29T14:30:06.000","data_loaded_at":"2026-05-10T08:04:43.199"}},
{"type":"Feature","geometry":{"type":"Point","coordinates":[-122.424246,37.776402]},"properties":{":id":"row-z6dn~sm5n.9w6w",":version":"rv-9qyq.6kum_fzx6",":created_at":"2026-05-10T15:04:56.433Z",":updated_at":"2026-05-10T15:04:56.433Z","active_licenses":"LLP","permit_number":"1279","ban":"0469138","permit_status":"Active","poe_class_code":null,"license_type":"Limited Live Performance","dba_name":"Proxy","street_address":"432 OCTAVIA ST","city":"San Francisco","state":"CA","analysis_neighborhood":"Hayes Valley","supervisor_district":"5","police_district":"NORTHERN","data_as_of":"2026-01-05T21:28:26.000","data_loaded_at":"2026-05-10T08:04:43.199"}},
{"type":"Feature","geometry":{"type":"Point","coordinates":[-122.4144,37.771893]},"properties":{":id":"row-kbjq-gjcx_p24d",":version":"rv-4h2y-hgts~rtrq",":created_at":"2026-05-10T15:04:56.433Z",":updated_at":"2026-05-10T15:04:56.433Z","active_licenses":"POE, EHP","permit_number":"1281","ban":"1004380","permit_status":"Active","poe_class_code":"P23","license_type":"Place of Entertainment, Extended Hours Premises","dba_name":"Oasis","street_address":"298 11TH ST","city":"San Francisco","state":"CA","analysis_neighborhood":"Mission","supervisor_district":"6","police_district":"SOUTHERN","data_as_of":"2024-01-29T14:30:06.000","data_loaded_at":"2026-05-10T08:04:43.199"}},
{"type":"Feature","geometry":{"type":"Point","coordinates":[-122.397174,37.762353]},"properties":{":id":"row-m9ra~hqsu.q5fm",":version":"rv-8beu-r4s9_h23g",":created_at":"2026-05-10T15:04:56.433Z",":updated_at":"2026-05-10T15:04:56.433Z","active_licenses":"POE","permit_number":"1288","ban":"0373771","permit_status":"Active","poe_class_code":"P23","license_type":"Place of Entertainment","dba_name":"Mochica","street_address":"1469 18TH ST","city":"San Francisco","state":"CA","analysis_neighborhood":"Potrero Hill","supervisor_district":"10","police_district":"BAYVIEW","data_as_of":"2024-01-29T14:30:06.000","data_loaded_at":"2026-05-10T08:04:43.199"}},
{"type":"Feature","geometry":{"type":"Point","coordinates":[-122.45463,37.723779]},"properties":{":id":"row-3bbx_city~rdyz",":version":"rv-zrcq_bjw9.9v7a",":created_at":"2026-05-10T15:04:56.433Z",":updated_at":"2026-05-10T15:04:56.433Z","active_licenses":"LLP","permit_number":"1289","ban":"0955047","permit_status":"Active","poe_class_code":null,"license_type":"Limited Live Performance","dba_name":"Whole Foods","street_address":"1150 OCEAN AVE","city":"San Francisco","state":"CA","analysis_neighborhood":"West of Twin Peaks","supervisor_district":"7","police_district":"INGLESIDE","data_as_of":"2024-01-29T14:30:06.000","data_loaded_at":"2026-05-10T08:04:43.199"}},
{"type":"Feature","geometry":{"type":"Point","coordinates":[-122.414328,37.771407]},"properties":{":id":"row-bnny_zacf-939r",":version":"rv-4de6-qdwb_a62p",":created_at":"2026-05-10T15:04:56.433Z",":updated_at":"2026-05-10T15:04:56.433Z","active_licenses":"POE, BP","permit_number":"129","ban":"0164019","permit_status":"Active","poe_class_code":"P23","license_type":"Place of Entertainment, Billiard or Pool Tables","dba_name":"Eve Nightclub","street_address":"1535 FOLSOM ST","city":"San Francisco","state":"CA","analysis_neighborhood":"Mission","supervisor_district":"6","police_district":"SOUTHERN","data_as_of":"2024-01-29T14:30:06.000","data_loaded_at":"2026-05-10T08:04:43.199"}},
{"type":"Feature","geometry":{"type":"Point","coordinates":[-122.41056139,37.762989917]},"properties":{":id":"row-wyta.5g95-tcap",":version":"rv-frvh_qtik_ugp8",":created_at":"2026-05-10T15:04:56.433Z",":updated_at":"2026-05-10T15:04:56.433Z","active_licenses":"EHP","permit_number":"1292","ban":"0911744","permit_status":"Active","poe_class_code":null,"license_type":"Extended Hours Premises","dba_name":"Starbucks Store#6605","street_address":"2727 MARIPOSA ST","city":"San Francisco","state":"CA","analysis_neighborhood":"Mission","supervisor_district":"9","police_district":"MISSION","data_as_of":"2024-01-29T14:30:06.000","data_loaded_at":"2026-05-10T08:04:43.199"}},
{"type":"Feature","geometry":{"type":"Point","coordinates":[-122.40072,37.795095]},"properties":{":id":"row-qb4t.e8tu_rhsn",":version":"rv-d4xd_xpds~cavp",":created_at":"2026-05-10T15:04:56.433Z",":updated_at":"2026-05-10T15:04:56.433Z","active_licenses":"POE","permit_number":"1293","ban":"1009292","permit_status":"Active","poe_class_code":"P23","license_type":"Place of Entertainment","dba_name":"Fish & Farm","street_address":"424 CLAY ST","city":"San Francisco","state":"CA","analysis_neighborhood":"Chinatown","supervisor_district":"3","police_district":"CENTRAL","data_as_of":"2024-01-29T14:30:06.000","data_loaded_at":"2026-05-10T08:04:43.199"}},
{"type":"Feature","geometry":{"type":"Point","coordinates":[-122.40649583,37.795357022]},"properties":{":id":"row-2qdh-6rwu.z3e5",":version":"rv-e4nv.3vh2-jaxp",":created_at":"2026-05-10T15:04:56.433Z",":updated_at":"2026-05-10T15:04:56.433Z","active_licenses":"MAD","permit_number":"1295","ban":"0305495","permit_status":"Active","poe_class_code":null,"license_type":"Mechanical Amusement Device","dba_name":"Li Po Cocktail Lounge","street_address":"916 GRANT AVE","city":"San Francisco","state":"CA","analysis_neighborhood":"Chinatown","supervisor_district":"3","police_district":"CENTRAL","data_as_of":"2024-01-29T14:30:06.000","data_loaded_at":"2026-05-10T08:04:43.199"}},
{"type":"Feature","geometry":{"type":"Point","coordinates":[-122.417938634,37.786152098]},"properties":{":id":"row-eeu2.5uzq~kk9c",":version":"rv-wmdi-tbms~hiuw",":created_at":"2026-05-10T15:04:56.433Z",":updated_at":"2026-05-10T15:04:56.433Z","active_licenses":"BP","permit_number":"1296","ban":"0320414","permit_status":"Active","poe_class_code":null,"license_type":"Billiard or Pool Tables","dba_name":"The Outsider","street_address":"894 GEARY ST","city":"San Francisco","state":"CA","analysis_neighborhood":"Tenderloin","supervisor_district":"3","police_district":"CENTRAL","data_as_of":"2024-01-29T14:30:06.000","data_loaded_at":"2026-05-10T08:04:43.199"}},
{"type":"Feature","geometry":{"type":"Point","coordinates":[-122.408615041,37.797726041]},"properties":{":id":"row-szr4.3h72~3fdy",":version":"rv-ssc3~ujfw_626d",":created_at":"2026-05-10T15:04:56.433Z",":updated_at":"2026-05-10T15:04:56.433Z","active_licenses":"EHP","permit_number":"1297","ban":"0102058","permit_status":"Active","poe_class_code":null,"license_type":"Extended Hours Premises","dba_name":"Yuet Lee","street_address":"1300 STOCKTON ST","city":"San Francisco","state":"CA","analysis_neighborhood":"Chinatown","supervisor_district":"3","police_district":"CENTRAL","data_as_of":"2024-01-29T14:30:06.000","data_loaded_at":"2026-05-10T08:04:43.199"}},
{"type":"Feature","geometry":{"type":"Point","coordinates":[-122.4079425,37.763397]},"properties":{":id":"row-spg9_rgdc~ngxw",":version":"rv-f94x.8guy-rq8f",":created_at":"2026-05-10T15:04:56.433Z",":updated_at":"2026-05-10T15:04:56.433Z","active_licenses":"POE","permit_number":"1298","ban":"0185512","permit_status":"Active","poe_class_code":"P23","license_type":"Place of Entertainment","dba_name":"VERDI CLUB","street_address":"2424 MARIPOSA ST","city":"San Francisco","state":"CA","analysis_neighborhood":"Mission","supervisor_district":"9","police_district":"MISSION","data_as_of":"2025-03-28T15:06:35.000","data_loaded_at":"2026-05-10T08:04:43.199"}},
{"type":"Feature","geometry":{"type":"Point","coordinates":[-122.502807,37.735974]},"properties":{":id":"row-zd8y~bi9u-bsai",":version":"rv-2m7r-4bn7.dqs3",":created_at":"2026-05-10T15:04:56.433Z",":updated_at":"2026-05-10T15:04:56.433Z","active_licenses":"POE","permit_number":"1299","ban":"1063657","permit_status":"Active","poe_class_code":"P23","license_type":"Place of Entertainment","dba_name":"UNITED IRISH CULTURAL CENTER","street_address":"2700 45TH AVE","city":"San Francisco","state":"CA","analysis_neighborhood":"Sunset/Parkside","supervisor_district":"4","police_district":"TARAVAL","data_as_of":"2024-01-29T14:30:06.000","data_loaded_at":"2026-05-10T08:04:43.199"}},
{"type":"Feature","geometry":{"type":"Point","coordinates":[-122.402023735,37.788639884]},"properties":{":id":"row-zafv~s65h_hq5f",":version":"rv-8ckk.p6k6~ibkw",":created_at":"2026-05-10T15:04:56.433Z",":updated_at":"2026-05-10T15:04:56.433Z","active_licenses":"POE","permit_number":"1300","ban":"0395887","permit_status":"Active","poe_class_code":"P23","license_type":"Place of Entertainment","dba_name":"Palace Hotel","street_address":"2 NEW MONTGOMERY ST","city":"San Francisco","state":"CA","analysis_neighborhood":"Financial District/South Beach","supervisor_district":"6","police_district":"SOUTHERN","data_as_of":"2024-01-29T14:30:06.000","data_loaded_at":"2026-05-10T08:04:43.199"}},
{"type":"Feature","geometry":{"type":"Point","coordinates":[-122.392539089,37.786432149]},"properties":{":id":"row-9gnr-j8gn~kgvd",":version":"rv-9xji-fjjg.gitb",":created_at":"2026-05-10T15:04:56.433Z",":updated_at":"2026-05-10T15:04:56.433Z","active_licenses":"POE","permit_number":"1301","ban":"0451379","permit_status":"Active","poe_class_code":"P23","license_type":"Place of Entertainment","dba_name":"Sailor's Union of The Pacific","street_address":"450 HARRISON ST","city":"San Francisco","state":"CA","analysis_neighborhood":"Financial District/South Beach","supervisor_district":"6","police_district":"SOUTHERN","data_as_of":"2024-01-29T14:30:06.000","data_loaded_at":"2026-05-10T08:04:43.199"}},
{"type":"Feature","geometry":{"type":"Point","coordinates":[-122.411785107,37.788081145]},"properties":{":id":"row-nrhc.7iqw~kyvj",":version":"rv-urm6_2h59-tivf",":created_at":"2026-05-10T15:04:56.433Z",":updated_at":"2026-05-10T15:04:56.433Z","active_licenses":"LLP","permit_number":"1302","ban":"0171173","permit_status":"Active","poe_class_code":null,"license_type":"Limited Live Performance","dba_name":"Ryoko's Japanese Restaurant","street_address":"619 TAYLOR ST","city":"San Francisco","state":"CA","analysis_neighborhood":"Nob Hill","supervisor_district":"3","police_district":"CENTRAL","data_as_of":"2024-01-29T14:30:06.000","data_loaded_at":"2026-05-10T08:04:43.199"}},
{"type":"Feature","geometry":{"type":"Point","coordinates":[-122.408518294,37.788629087]},"properties":{":id":"row-2rxz_gaja_k4bv",":version":"rv-x7zr.nneq~998r",":created_at":"2026-05-10T15:04:56.433Z",":updated_at":"2026-05-10T15:04:56.433Z","active_licenses":"LLP","permit_number":"1303","ban":"0013301","permit_status":"Active","poe_class_code":null,"license_type":"Limited Live Performance","dba_name":"Chancellor Hotel","street_address":"433 POWELL ST","city":"San Francisco","state":"CA","analysis_neighborhood":"Nob Hill","supervisor_district":"3","police_district":"CENTRAL","data_as_of":"2024-01-29T14:30:06.000","data_loaded_at":"2026-05-10T08:04:43.199"}},
{"type":"Feature","geometry":{"type":"Point","coordinates":[-122.396222304,37.795040654]},"properties":{":id":"row-3x84~cvz6-fc7f",":version":"rv-hrfh~zqyq.bpra",":created_at":"2026-05-10T15:04:56.433Z",":updated_at":"2026-05-10T15:04:56.433Z","active_licenses":"LLP","permit_number":"1304","ban":"0345442","permit_status":"Active","poe_class_code":null,"license_type":"Limited Live Performance","dba_name":"Players Sports Bar & Arcade","street_address":"39 PIER","city":"San Francisco","state":"CA","analysis_neighborhood":"Financial District/South Beach","supervisor_district":"3","police_district":"CENTRAL","data_as_of":"2024-01-29T14:30:06.000","data_loaded_at":"2026-05-10T08:04:43.199"}},
{"type":"Feature","geometry":{"type":"Point","coordinates":[-122.406347684,37.797670584]},"properties":{":id":"row-mftm-aixh.rw63",":version":"rv-sxx8-9rdw.8evt",":created_at":"2026-05-10T15:04:56.433Z",":updated_at":"2026-05-10T15:04:56.433Z","active_licenses":"POE","permit_number":"1305","ban":"0358273","permit_status":"Active","poe_class_code":"P23","license_type":"Place of Entertainment","dba_name":"Devil's Acre","street_address":"256 COLUMBUS AVE","city":"San Francisco","state":"CA","analysis_neighborhood":"North Beach","supervisor_district":"3","police_district":"CENTRAL","data_as_of":"2024-01-29T14:30:06.000","data_loaded_at":"2026-05-10T08:04:43.199"}},
{"type":"Feature","geometry":{"type":"Point","coordinates":[-122.431395537,37.78436395]},"properties":{":id":"row-ec8c~b6de-xkbn",":version":"rv-34p3-5vwr_uwbd",":created_at":"2026-05-10T15:04:56.433Z",":updated_at":"2026-05-10T15:04:56.433Z","active_licenses":"POE","permit_number":"1306","ban":"1010655","permit_status":"Active","poe_class_code":"P23","license_type":"Place of Entertainment","dba_name":"The Fillmore","street_address":"1805 GEARY BLVD","city":"San Francisco","state":"CA","analysis_neighborhood":"Western Addition","supervisor_district":"5","police_district":"NORTHERN","data_as_of":"2024-01-29T14:30:06.000","data_loaded_at":"2026-05-10T08:04:43.199"}},
{"type":"Feature","geometry":{"type":"Point","coordinates":[-122.4154755,37.807974]},"properties":{":id":"row-mhrd~fpxc-3ub3",":version":"rv-q87j~nqe4-9rtg",":created_at":"2026-05-10T15:04:56.433Z",":updated_at":"2026-05-10T15:04:56.433Z","active_licenses":"LLP","permit_number":"1307","ban":"0480178","permit_status":"Active","poe_class_code":null,"license_type":"Limited Live Performance","dba_name":"Applebee's","street_address":"2770 TAYLOR ST","city":"San Francisco","state":"CA","analysis_neighborhood":"North Beach","supervisor_district":"3","police_district":"CENTRAL","data_as_of":"2024-01-29T14:30:06.000","data_loaded_at":"2026-05-10T08:04:43.199"}},
{"type":"Feature","geometry":{"type":"Point","coordinates":[-122.4348795,37.762281]},"properties":{":id":"row-iir5~73uu_qkvv",":version":"rv-xfms.7rsy.8kzv",":created_at":"2026-05-10T15:04:56.433Z",":updated_at":"2026-05-10T15:04:56.433Z","active_licenses":"EHP","permit_number":"1309","ban":"0430380","permit_status":"Active","poe_class_code":null,"license_type":"Extended Hours Premises","dba_name":"Orphan Andy's","street_address":"3991 17TH ST","city":"San Francisco","state":"CA","analysis_neighborhood":"Castro/Upper Market","supervisor_district":"8","police_district":"MISSION","data_as_of":"2024-01-29T14:30:06.000","data_loaded_at":"2026-05-10T08:04:43.199"}},
{"type":"Feature","geometry":{"type":"Point","coordinates":[-122.4129015,37.779642]},"properties":{":id":"row-vfmp-bfje_speh",":version":"rv-s2fi.8bww-tr4q",":created_at":"2026-05-10T15:04:56.433Z",":updated_at":"2026-05-10T15:04:56.433Z","active_licenses":"POE","permit_number":"1312","ban":"0370778","permit_status":"Active","poe_class_code":"P23","license_type":"Place of Entertainment","dba_name":"A.C.T. Strand","street_address":"1127 MARKET ST","city":"San Francisco","state":"CA","analysis_neighborhood":"South of Market","supervisor_district":"6","police_district":"SOUTHERN","data_as_of":"2024-01-29T14:30:06.000","data_loaded_at":"2026-05-10T08:04:43.199"}},
{"type":"Feature","geometry":{"type":"Point","coordinates":[-122.418306,37.754406]},"properties":{":id":"row-hu2w~p944-pttu",":version":"rv-w73c.uzev-q6yn",":created_at":"2026-05-10T15:04:56.433Z",":updated_at":"2026-05-10T15:04:56.433Z","active_licenses":"POE","permit_number":"1313","ban":"0442473","permit_status":"Active","poe_class_code":"P23","license_type":"Place of Entertainment","dba_name":"Gray Area","street_address":"2665 MISSION ST","city":"San Francisco","state":"CA","analysis_neighborhood":"Mission","supervisor_district":"9","police_district":"MISSION","data_as_of":"2024-01-29T14:30:06.000","data_loaded_at":"2026-05-10T08:04:43.199"}},
{"type":"Feature","geometry":{"type":"Point","coordinates":[-122.4029205,37.796868]},"properties":{":id":"row-p4gk.x8fy~arib",":version":"rv-hsvk-5s64.zbiy",":created_at":"2026-05-10T15:04:56.433Z",":updated_at":"2026-05-10T15:04:56.433Z","active_licenses":"LLP","permit_number":"1315","ban":"0171578","permit_status":"Active","poe_class_code":null,"license_type":"Limited Live Performance","dba_name":"Bix","street_address":"56 GOLD ST","city":"San Francisco","state":"CA","analysis_neighborhood":"Chinatown","supervisor_district":"3","police_district":"CENTRAL","data_as_of":"2024-01-29T14:30:06.000","data_loaded_at":"2026-05-10T08:04:43.199"}},
{"type":"Feature","geometry":{"type":"Point","coordinates":[-122.42013186,37.745304929]},"properties":{":id":"row-h478_qztg~u6jq",":version":"rv-5gn9.ihgv.527w",":created_at":"2026-05-10T15:04:56.433Z",":updated_at":"2026-05-10T15:04:56.433Z","active_licenses":"LLP","permit_number":"1316","ban":"0454625","permit_status":"Active","poe_class_code":null,"license_type":"Limited Live Performance","dba_name":"The Royal Cuckoo","street_address":"3202 MISSION ST","city":"San Francisco","state":"CA","analysis_neighborhood":"Bernal Heights","supervisor_district":"9","police_district":"INGLESIDE","data_as_of":"2024-01-29T14:30:06.000","data_loaded_at":"2026-05-10T08:04:43.199"}},
{"type":"Feature","geometry":{"type":"Point","coordinates":[-122.4185895,37.776177]},"properties":{":id":"row-a8gt.e9q8_vmq2",":version":"rv-q3k9.t96z~535s",":created_at":"2026-05-10T15:04:56.433Z",":updated_at":"2026-05-10T15:04:56.433Z","active_licenses":"POE","permit_number":"1321","ban":"1012323","permit_status":"Active","poe_class_code":"P23","license_type":"Place of Entertainment","dba_name":"Mr. Tipple's/Cadence","street_address":"39 FELL ST","city":"San Francisco","state":"CA","analysis_neighborhood":"Tenderloin","supervisor_district":"6","police_district":"NORTHERN","data_as_of":"2024-01-29T14:30:06.000","data_loaded_at":"2026-05-10T08:04:43.199"}},
{"type":"Feature","geometry":{"type":"Point","coordinates":[-122.388535471,37.750736659]},"properties":{":id":"row-zjap_zpq7.xwfy",":version":"rv-ww3w-8v59_kawu",":created_at":"2026-05-10T15:04:56.433Z",":updated_at":"2026-05-10T15:04:56.433Z","active_licenses":"LLP","permit_number":"1322","ban":"1003427","permit_status":"Active","poe_class_code":null,"license_type":"Limited Live Performance","dba_name":"Little Boxes Theater","street_address":"1661 TENNESSEE ST","city":"San Francisco","state":"CA","analysis_neighborhood":"Bayview Hunters Point","supervisor_district":"10","police_district":"BAYVIEW","data_as_of":"2024-01-29T14:30:06.000","data_loaded_at":"2026-05-10T08:04:43.199"}},
{"type":"Feature","geometry":{"type":"Point","coordinates":[-122.477032465,37.743026255]},"properties":{":id":"row-4cv6_ashv~427n",":version":"rv-9xxp~h9tt~489a",":created_at":"2026-05-10T15:04:56.433Z",":updated_at":"2026-05-10T15:04:56.433Z","active_licenses":"BP","permit_number":"1324","ban":"1003489","permit_status":"Active","poe_class_code":null,"license_type":"Billiard or Pool Tables","dba_name":"Grandma's Saloon","street_address":"1016 TARAVAL ST","city":"San Francisco","state":"CA","analysis_neighborhood":"Sunset/Parkside","supervisor_district":"4","police_district":"TARAVAL","data_as_of":"2024-01-29T14:30:06.000","data_loaded_at":"2026-05-10T08:04:43.199"}},
{"type":"Feature","geometry":{"type":"Point","coordinates":[-122.4031725,37.773261]},"properties":{":id":"row-qje2_4dhh~q8rh",":version":"rv-s3tk.br96-cg9h",":created_at":"2026-05-10T15:04:56.433Z",":updated_at":"2026-05-10T15:04:56.433Z","active_licenses":"LLP","permit_number":"1325","ban":"0381160","permit_status":"Active","poe_class_code":null,"license_type":"Limited Live Performance","dba_name":"MARS BAR & RESTAURANT","street_address":"798 BRANNAN ST","city":"San Francisco","state":"CA","analysis_neighborhood":"South of Market","supervisor_district":"6","police_district":"SOUTHERN","data_as_of":"2025-03-28T15:06:35.000","data_loaded_at":"2026-05-10T08:04:43.199"}},
{"type":"Feature","geometry":{"type":"Point","coordinates":[-122.418459,37.765296]},"properties":{":id":"row-qr4i_d8ha.4rgk",":version":"rv-9vnz_tjqu-bwae",":created_at":"2026-05-10T15:04:56.433Z",":updated_at":"2026-05-10T15:04:56.433Z","active_licenses":"POE","permit_number":"1326","ban":"1005242","permit_status":"Active","poe_class_code":"P23","license_type":"Place of Entertainment","dba_name":"The Lab","street_address":"2948 16TH ST","city":"San Francisco","state":"CA","analysis_neighborhood":"Mission","supervisor_district":"9","police_district":"MISSION","data_as_of":"2024-01-29T14:30:06.000","data_loaded_at":"2026-05-10T08:04:43.199"}},
{"type":"Feature","geometry":{"type":"Point","coordinates":[-122.40837,37.785195]},"properties":{":id":"row-rzjq.7gmy.4sdm",":version":"rv-jcn4-bggj_6qct",":created_at":"2026-05-10T15:04:56.433Z",":updated_at":"2026-05-10T15:04:56.433Z","active_licenses":"LLP","permit_number":"1328","ban":"0490109","permit_status":"Active","poe_class_code":null,"license_type":"Limited Live Performance","dba_name":"Puccini & Pinetti","street_address":"129 ELLIS ST","city":"San Francisco","state":"CA","analysis_neighborhood":"Tenderloin","supervisor_district":"3","police_district":"TENDERLOIN","data_as_of":"2026-01-05T21:29:26.000","data_loaded_at":"2026-05-10T08:04:43.199"}},
{"type":"Feature","geometry":{"type":"Point","coordinates":[-122.447972751,37.73161798]},"properties":{":id":"row-fhab-u5mk_chn9",":version":"rv-tnef~hc2w_w4ck",":created_at":"2026-05-10T15:04:56.433Z",":updated_at":"2026-05-10T15:04:56.433Z","active_licenses":"MAD, BP","permit_number":"1329","ban":"0467319","permit_status":"Active","poe_class_code":null,"license_type":"Mechanical Amusement Device, Billiard or Pool Tables","dba_name":"FRIENDS BAR","street_address":"558 MONTEREY BLVD","city":"San Francisco","state":"CA","analysis_neighborhood":"West of Twin Peaks","supervisor_district":"7","police_district":"INGLESIDE","data_as_of":"2024-01-29T14:30:06.000","data_loaded_at":"2026-05-10T08:04:43.199"}},
{"type":"Feature","geometry":{"type":"Point","coordinates":[-122.446803675,37.787434493]},"properties":{":id":"row-5s5k.hq4v_tt8b",":version":"rv-g6rk-kh5v-ruds",":created_at":"2026-05-10T15:04:56.433Z",":updated_at":"2026-05-10T15:04:56.433Z","active_licenses":"LLP","permit_number":"1330","ban":"0308767","permit_status":"Active","poe_class_code":null,"license_type":"Limited Live Performance","dba_name":"Laureate","street_address":"488 PRESIDIO AVE","city":"San Francisco","state":"CA","analysis_neighborhood":"Presidio Heights","supervisor_district":"2","police_district":"RICHMOND","data_as_of":"2024-01-29T14:30:06.000","data_loaded_at":"2026-05-10T08:04:43.199"}},
{"type":"Feature","geometry":{"type":"Point","coordinates":[-122.43295279,37.734504172]},"properties":{":id":"row-qxm9-gxvh.krj4",":version":"rv-r9g5-259m_av39",":created_at":"2026-05-10T15:04:56.433Z",":updated_at":"2026-05-10T15:04:56.433Z","active_licenses":"LLP","permit_number":"1331","ban":"0326798","permit_status":"Active","poe_class_code":null,"license_type":"Limited Live Performance","dba_name":"Bird & Beckett Books and Records","street_address":"653 CHENERY ST","city":"San Francisco","state":"CA","analysis_neighborhood":"Glen Park","supervisor_district":"8","police_district":"INGLESIDE","data_as_of":"2024-01-29T14:30:06.000","data_loaded_at":"2026-05-10T08:04:43.199"}},
{"type":"Feature","geometry":{"type":"Point","coordinates":[-122.410395,37.787913]},"properties":{":id":"row-892p~ddvq-ep59",":version":"rv-nyi6-mwv3_gpnd",":created_at":"2026-05-10T15:04:56.433Z",":updated_at":"2026-05-10T15:04:56.433Z","active_licenses":"LLP","permit_number":"1333","ban":"0352860","permit_status":"Active","poe_class_code":null,"license_type":"Limited Live Performance","dba_name":"Zingari Ristorante","street_address":"501 POST ST","city":"San Francisco","state":"CA","analysis_neighborhood":"Tenderloin","supervisor_district":"3","police_district":"CENTRAL","data_as_of":"2024-01-29T14:30:06.000","data_loaded_at":"2026-05-10T08:04:43.199"}},
{"type":"Feature","geometry":{"type":"Point","coordinates":[-122.414859343,37.771111148]},"properties":{":id":"row-26zi~3hyb-xb5k",":version":"rv-9gem_hpnr_cwt2",":created_at":"2026-05-10T15:04:56.433Z",":updated_at":"2026-05-10T15:04:56.433Z","active_licenses":"BP","permit_number":"1334","ban":"0484945","permit_status":"Active","poe_class_code":null,"license_type":"Billiard or Pool Tables","dba_name":"The Willows","street_address":"1582 FOLSOM ST","city":"San Francisco","state":"CA","analysis_neighborhood":"Mission","supervisor_district":"6","police_district":"SOUTHERN","data_as_of":"2024-01-29T14:30:06.000","data_loaded_at":"2026-05-10T08:04:43.199"}},
{"type":"Feature","geometry":{"type":"Point","coordinates":[-122.4208395,37.789326]},"properties":{":id":"row-39sa-p79s~g5zj",":version":"rv-kjiw~gyck~hc89",":created_at":"2026-05-10T15:04:56.433Z",":updated_at":"2026-05-10T15:04:56.433Z","active_licenses":"EHP","permit_number":"1336","ban":"1017514","permit_status":"Active","poe_class_code":null,"license_type":"Extended Hours Premises","dba_name":"Grubstake Diner","street_address":"1525 PINE ST","city":"San Francisco","state":"CA","analysis_neighborhood":"Nob Hill","supervisor_district":"3","police_district":"NORTHERN","data_as_of":"2024-01-29T14:30:06.000","data_loaded_at":"2026-05-10T08:04:43.199"}},
{"type":"Feature","geometry":{"type":"Point","coordinates":[-122.4043695,37.785924]},"properties":{":id":"row-xrb8.4bu6~4ydf",":version":"rv-swq4_8ad5~cb5m",":created_at":"2026-05-10T15:04:56.433Z",":updated_at":"2026-05-10T15:04:56.433Z","active_licenses":"POE","permit_number":"1337","ban":"0427023","permit_status":"Active","poe_class_code":"P23","license_type":"Place of Entertainment","dba_name":"Press Club","street_address":"20 YERBA BUENA LN","city":"San Francisco","state":"CA","analysis_neighborhood":"Financial District/South Beach","supervisor_district":"6","police_district":"SOUTHERN","data_as_of":"2024-01-29T14:30:06.000","data_loaded_at":"2026-05-10T08:04:43.199"}},
{"type":"Feature","geometry":{"type":"Point","coordinates":[-122.411682,37.774062]},"properties":{":id":"row-eg7v_wj3j.7e9b",":version":"rv-njzf.uzfw-3svy",":created_at":"2026-05-10T15:04:56.433Z",":updated_at":"2026-05-10T15:04:56.433Z","active_licenses":"LLP","permit_number":"1339","ban":"0463517","permit_status":"Active","poe_class_code":null,"license_type":"Limited Live Performance","dba_name":"Azucar Lounge","street_address":"299 9TH ST","city":"San Francisco","state":"CA","analysis_neighborhood":"South of Market","supervisor_district":"6","police_district":"SOUTHERN","data_as_of":"2024-01-29T14:30:06.000","data_loaded_at":"2026-05-10T08:04:43.199"}},
{"type":"Feature","geometry":{"type":"Point","coordinates":[-122.428341,37.751841]},"properties":{":id":"row-pciq~c26z_23q6",":version":"rv-rwqi~4szc_xtjm",":created_at":"2026-05-10T15:04:56.433Z",":updated_at":"2026-05-10T15:04:56.433Z","active_licenses":"MAD","permit_number":"1340","ban":null,"permit_status":"Active","poe_class_code":null,"license_type":"Mechanical Amusement Device","dba_name":"The Dubliner","street_address":"3838 24TH ST","city":"San Francisco","state":"CA","analysis_neighborhood":"Noe Valley","supervisor_district":"8","police_district":"MISSION","data_as_of":"2024-01-29T14:30:06.000","data_loaded_at":"2026-05-10T08:04:43.199"}},
{"type":"Feature","geometry":{"type":"Point","coordinates":[-122.4139545,37.784061]},"properties":{":id":"row-8wt4-s7gz~cmwu",":version":"rv-hk2b-5te7_7x7c",":created_at":"2026-05-10T15:04:56.433Z",":updated_at":"2026-05-10T15:04:56.433Z","active_licenses":"LLP","permit_number":"1342","ban":"0458413","permit_status":"Active","poe_class_code":null,"license_type":"Limited Live Performance","dba_name":"Tenderloin Museum","street_address":"398 EDDY ST","city":"San Francisco","state":"CA","analysis_neighborhood":"Tenderloin","supervisor_district":"5","police_district":"TENDERLOIN","data_as_of":"2024-01-29T14:30:06.000","data_loaded_at":"2026-05-10T08:04:43.199"}},
{"type":"Feature","geometry":{"type":"Point","coordinates":[-122.3889795,37.761525]},"properties":{":id":"row-26jh~jh3u.uyxf",":version":"rv-xx6m-kw64.u5xk",":created_at":"2026-05-10T15:04:56.433Z",":updated_at":"2026-05-10T15:04:56.433Z","active_licenses":"POE","permit_number":"1343","ban":"1004666","permit_status":"Active","poe_class_code":"P23","license_type":"Place of Entertainment","dba_name":"The Pearl","street_address":"601 19TH ST","city":"San Francisco","state":"CA","analysis_neighborhood":"Potrero Hill","supervisor_district":"10","police_district":"BAYVIEW","data_as_of":"2024-01-29T14:30:06.000","data_loaded_at":"2026-05-10T08:04:43.199"}},
{"type":"Feature","geometry":{"type":"Point","coordinates":[-122.385681,37.749285]},"properties":{":id":"row-yc93~369f_bagw",":version":"rv-95fz.tcp6~664p",":created_at":"2026-05-10T15:04:56.433Z",":updated_at":"2026-05-10T15:04:56.433Z","active_licenses":"POE","permit_number":"1344","ban":"1026767","permit_status":"Active","poe_class_code":"P23","license_type":"Place of Entertainment","dba_name":"The Midway","street_address":"900 MARIN ST","city":"San Francisco","state":"CA","analysis_neighborhood":"Bayview Hunters Point","supervisor_district":"10","police_district":"BAYVIEW","data_as_of":"2026-01-05T17:38:56.000","data_loaded_at":"2026-05-10T08:04:43.199"}},
{"type":"Feature","geometry":{"type":"Point","coordinates":[-122.4051255,37.794258]},"properties":{":id":"row-jjts-8yz4_kk6y",":version":"rv-vw2q_tpw6-h9ir",":created_at":"2026-05-10T15:04:56.433Z",":updated_at":"2026-05-10T15:04:56.433Z","active_licenses":"EHP","permit_number":"1345","ban":"1068438","permit_status":"Active","poe_class_code":null,"license_type":"Extended Hours Premises","dba_name":"Sam Wo Restaurant & Bakery","street_address":"713 CLAY ST","city":"San Francisco","state":"CA","analysis_neighborhood":"Chinatown","supervisor_district":"3","police_district":"CENTRAL","data_as_of":"2024-01-29T14:30:06.000","data_loaded_at":"2026-05-10T08:04:43.199"}},
{"type":"Feature","geometry":{"type":"Point","coordinates":[-122.390415,37.73421]},"properties":{":id":"row-9p3v~x2wd~dnyj",":version":"rv-jh92-w747~uawn",":created_at":"2026-05-10T15:04:56.433Z",":updated_at":"2026-05-10T15:04:56.433Z","active_licenses":"LLP","permit_number":"1346","ban":"0446965","permit_status":"Active","poe_class_code":null,"license_type":"Limited Live Performance","dba_name":"Old Skool Café","street_address":"1429 MENDELL ST","city":"San Francisco","state":"CA","analysis_neighborhood":"Bayview Hunters Point","supervisor_district":"10","police_district":"BAYVIEW","data_as_of":"2024-01-29T14:30:06.000","data_loaded_at":"2026-05-10T08:04:43.199"}},
{"type":"Feature","geometry":{"type":"Point","coordinates":[-122.4323055,37.784925]},"properties":{":id":"row-eu9w_mki6~fjt6",":version":"rv-kjsa-riw6~uvui",":created_at":"2026-05-10T15:04:56.433Z",":updated_at":"2026-05-10T15:04:56.433Z","active_licenses":"LLP","permit_number":"1347","ban":"1016804","permit_status":"Active","poe_class_code":null,"license_type":"Limited Live Performance","dba_name":"Pa'ina Restaurant and Lounge","street_address":"1865 POST ST","city":"San Francisco","state":"CA","analysis_neighborhood":"Japantown","supervisor_district":"5","police_district":"NORTHERN","data_as_of":"2024-01-29T14:30:06.000","data_loaded_at":"2026-05-10T08:04:43.199"}},
{"type":"Feature","geometry":{"type":"Point","coordinates":[-122.3875755,37.768005]},"properties":{":id":"row-kqbq~j6ew~ex2j",":version":"rv-nyp5-2dgw.vshe",":created_at":"2026-05-10T15:04:56.433Z",":updated_at":"2026-05-10T15:04:56.433Z","active_licenses":"POE","permit_number":"1352","ban":"481151","permit_status":"Active","poe_class_code":"P23","license_type":"Place of Entertainment","dba_name":"Chase Center","street_address":"1 WARRIORS WAY","city":"San Francisco","state":"CA","analysis_neighborhood":"Mission Bay","supervisor_district":"6","police_district":"BAYVIEW","data_as_of":"2026-01-05T17:39:00.000","data_loaded_at":"2026-05-10T08:04:43.199"}},
{"type":"Feature","geometry":{"type":"Point","coordinates":[-122.4073125,37.790235]},"properties":{":id":"row-4rft.kqeg~ac6z",":version":"rv-nj94~jxr6_hi3n",":created_at":"2026-05-10T15:04:56.433Z",":updated_at":"2026-05-10T15:04:56.433Z","active_licenses":"POE","permit_number":"1353","ban":"1018226","permit_status":"Active","poe_class_code":"P23","license_type":"Place of Entertainment","dba_name":"Tunnel Top Bar","street_address":"601 BUSH ST","city":"San Francisco","state":"CA","analysis_neighborhood":"Financial District/South Beach","supervisor_district":"3","police_district":"CENTRAL","data_as_of":"2024-01-29T14:30:06.000","data_loaded_at":"2026-05-10T08:04:43.199"}},
{"type":"Feature","geometry":{"type":"Point","coordinates":[-122.419296,37.747242]},"properties":{":id":"row-iy7u_ges4_bxyx",":version":"rv-9apj-gwna.3tse",":created_at":"2026-05-10T15:04:56.433Z",":updated_at":"2026-05-10T15:04:56.433Z","active_licenses":"EHP","permit_number":"1355","ban":"0396689","permit_status":"Active","poe_class_code":null,"license_type":"Extended Hours Premises","dba_name":"Roccapulco","street_address":"3140 MISSION ST","city":"San Francisco","state":"CA","analysis_neighborhood":"Bernal Heights","supervisor_district":"9","police_district":"INGLESIDE","data_as_of":"2024-01-29T14:30:06.000","data_loaded_at":"2026-05-10T08:04:43.199"}},
{"type":"Feature","geometry":{"type":"Point","coordinates":[-122.3978715,37.764873]},"properties":{":id":"row-5pzs~7s5s~nn7g",":version":"rv-xptr-8qyc_npeg",":created_at":"2026-05-10T15:04:56.433Z",":updated_at":"2026-05-10T15:04:56.433Z","active_licenses":"POE","permit_number":"1358","ban":"1023620","permit_status":"Active","poe_class_code":"P23","license_type":"Place of Entertainment","dba_name":"Connecticut Yankee","street_address":"100 CONNECTICUT ST","city":"San Francisco","state":"CA","analysis_neighborhood":"Potrero Hill","supervisor_district":"10","police_district":"BAYVIEW","data_as_of":"2024-01-29T14:30:06.000","data_loaded_at":"2026-05-10T08:04:43.199"}},
{"type":"Feature","geometry":{"type":"Point","coordinates":[-122.387247,37.774341]},"properties":{":id":"row-7fsr-p93i~kfch",":version":"rv-quz5.qkce~9bng",":created_at":"2026-05-10T15:04:56.433Z",":updated_at":"2026-05-10T15:04:56.433Z","active_licenses":"LLP","permit_number":"1362","ban":"1023445","permit_status":"Active","poe_class_code":null,"license_type":"Limited Live Performance","dba_name":"Atwater Tavern","street_address":"295 TERRY A FRANCOIS BLVD","city":"San Francisco","state":"CA","analysis_neighborhood":"Mission Bay","supervisor_district":"6","police_district":"BAYVIEW","data_as_of":"2024-01-29T14:30:06.000","data_loaded_at":"2026-05-10T08:04:43.199"}},
{"type":"Feature","geometry":{"type":"Point","coordinates":[-122.417901,37.750041]},"properties":{":id":"row-ycdn_mzib-9fm8",":version":"rv-ynwn-xkmv~nfba",":created_at":"2026-05-10T15:04:56.433Z",":updated_at":"2026-05-10T15:04:56.433Z","active_licenses":"MAD, BP","permit_number":"1366","ban":"1028670","permit_status":"Active","poe_class_code":null,"license_type":"Mechanical Amusement Device, Billiard or Pool Tables","dba_name":"Evil Eye","street_address":"2937 MISSION ST","city":"San Francisco","state":"CA","analysis_neighborhood":"Mission","supervisor_district":"9","police_district":"MISSION","data_as_of":"2024-01-29T14:30:06.000","data_loaded_at":"2026-05-10T08:04:43.199"}},
{"type":"Feature","geometry":{"type":"Point","coordinates":[-122.407765016,37.797767339]},"properties":{":id":"row-q3zp-ubwv~zb33",":version":"rv-swqe_aq9a_eqwv",":created_at":"2026-05-10T15:04:56.433Z",":updated_at":"2026-05-10T15:04:56.433Z","active_licenses":"POE","permit_number":"1369","ban":"0423020","permit_status":"Active","poe_class_code":"P23","license_type":"Place of Entertainment","dba_name":"Boxcar Theatre","street_address":"644 BROADWAY","city":"San Francisco","state":"CA","analysis_neighborhood":"Chinatown","supervisor_district":"3","police_district":"CENTRAL","data_as_of":"2024-01-29T14:30:06.000","data_loaded_at":"2026-05-10T08:04:43.199"}},
{"type":"Feature","geometry":{"type":"Point","coordinates":[-122.423922,37.771749]},"properties":{":id":"row-beiq.qdqy-z44j",":version":"rv-t7bw~fq8w~nu7d",":created_at":"2026-05-10T15:04:56.433Z",":updated_at":"2026-05-10T15:04:56.433Z","active_licenses":"POE","permit_number":"137","ban":"0358996","permit_status":"Active","poe_class_code":"P23","license_type":"Place of Entertainment","dba_name":"SF LSBN GAY BSXL TRNGDR COM CT","street_address":"1800 MARKET ST","city":"San Francisco","state":"CA","analysis_neighborhood":"Hayes Valley","supervisor_district":"8","police_district":"NORTHERN","data_as_of":"2024-01-29T14:30:06.000","data_loaded_at":"2026-05-10T08:04:43.199"}},
{"type":"Feature","geometry":{"type":"Point","coordinates":[-122.406751219,37.768131221]},"properties":{":id":"row-77ma~3qr6~rw79",":version":"rv-h23s.vwpr_q433",":created_at":"2026-05-10T15:04:56.433Z",":updated_at":"2026-05-10T15:04:56.433Z","active_licenses":"POE, EHP","permit_number":"1371","ban":"1031804","permit_status":"Active","poe_class_code":"P23","license_type":"Place of Entertainment, Extended Hours Premises","dba_name":"The Great Northern","street_address":"119 UTAH ST","city":"San Francisco","state":"CA","analysis_neighborhood":"Mission","supervisor_district":"6","police_district":"MISSION","data_as_of":"2024-01-29T14:30:06.000","data_loaded_at":"2026-05-10T08:04:43.199"}},
{"type":"Feature","geometry":{"type":"Point","coordinates":[-122.437458,37.775331]},"properties":{":id":"row-qhy2-jcqj-hhzr",":version":"rv-wzk2.ztnb.n4fp",":created_at":"2026-05-10T15:04:56.433Z",":updated_at":"2026-05-10T15:04:56.433Z","active_licenses":"POE, MAD, BP","permit_number":"1372","ban":"1070390","permit_status":"Active","poe_class_code":"P23","license_type":"Place of Entertainment, Mechanical Amusement Device, Billiard or Pool Tables","dba_name":"Emporium SF","street_address":"616 DIVISADERO ST","city":"San Francisco","state":"CA","analysis_neighborhood":"Hayes Valley","supervisor_district":"5","police_district":"PARK","data_as_of":"2024-01-29T14:30:06.000","data_loaded_at":"2026-05-10T08:04:43.199"}},
{"type":"Feature","geometry":{"type":"Point","coordinates":[-122.5053405,37.741581]},"properties":{":id":"row-u4iz~xdvn-6fa7",":version":"rv-bmc6~kkta.z8nc",":created_at":"2026-05-10T15:04:56.433Z",":updated_at":"2026-05-10T15:04:56.433Z","active_licenses":"POE","permit_number":"1373","ban":"0469687","permit_status":"Active","poe_class_code":"P23","license_type":"Place of Entertainment","dba_name":"The Riptide","street_address":"3639 TARAVAL ST","city":"San Francisco","state":"CA","analysis_neighborhood":"Sunset/Parkside","supervisor_district":"4","police_district":"TARAVAL","data_as_of":"2024-01-29T14:30:06.000","data_loaded_at":"2026-05-10T08:04:43.199"}},
{"type":"Feature","geometry":{"type":"Point","coordinates":[-122.4408015,37.7883]},"properties":{":id":"row-usv2_yuhq-qjuv",":version":"rv-ub2a_znth-qk69",":created_at":"2026-05-10T15:04:56.433Z",":updated_at":"2026-05-10T15:04:56.433Z","active_licenses":"LLP","permit_number":"1374","ban":"1021100","permit_status":"Active","poe_class_code":null,"license_type":"Limited Live Performance","dba_name":"Scopo Divino","street_address":"2800 CALIFORNIA ST","city":"San Francisco","state":"CA","analysis_neighborhood":"Pacific Heights","supervisor_district":"2","police_district":"RICHMOND","data_as_of":"2024-01-29T14:30:06.000","data_loaded_at":"2026-05-10T08:04:43.199"}},
{"type":"Feature","geometry":{"type":"Point","coordinates":[-122.4139185,37.771452]},"properties":{":id":"row-p587_drn9_7gug",":version":"rv-qcib_d2a5_2hn6",":created_at":"2026-05-10T15:04:56.433Z",":updated_at":"2026-05-10T15:04:56.433Z","active_licenses":"POE, EHP","permit_number":"1377","ban":"1042405","permit_status":"Active","poe_class_code":"P23","license_type":"Place of Entertainment, Extended Hours Premises","dba_name":"Halcyon","street_address":"314 11TH ST","city":"San Francisco","state":"CA","analysis_neighborhood":"Mission","supervisor_district":"6","police_district":"SOUTHERN","data_as_of":"2024-01-29T14:30:06.000","data_loaded_at":"2026-05-10T08:04:43.199"}},
{"type":"Feature","geometry":{"type":"Point","coordinates":[-122.3989785,37.784187]},"properties":{":id":"row-hb7r_9aft_wehe",":version":"rv-w9hw-83ag~c6pz",":created_at":"2026-05-10T15:04:56.433Z",":updated_at":"2026-05-10T15:04:56.433Z","active_licenses":"POE","permit_number":"1378","ban":"1029468","permit_status":"Active","poe_class_code":"P23","license_type":"Place of Entertainment","dba_name":"Spin San Francisco","street_address":"690 FOLSOM ST","city":"San Francisco","state":"CA","analysis_neighborhood":"Financial District/South Beach","supervisor_district":"6","police_district":"SOUTHERN","data_as_of":"2024-01-29T14:30:06.000","data_loaded_at":"2026-05-10T08:04:43.199"}},
{"type":"Feature","geometry":{"type":"Point","coordinates":[-122.407677,37.790199]},"properties":{":id":"row-uaky-jnwh_7fza",":version":"rv-dezc.npzx_mhh3",":created_at":"2026-05-10T15:04:56.433Z",":updated_at":"2026-05-10T15:04:56.433Z","active_licenses":"MAD","permit_number":"138","ban":"0947644","permit_status":"Active","poe_class_code":null,"license_type":"Mechanical Amusement Device","dba_name":"Chelsea Place","street_address":"641 BUSH ST","city":"San Francisco","state":"CA","analysis_neighborhood":"Financial District/South Beach","supervisor_district":"3","police_district":"CENTRAL","data_as_of":"2024-01-29T14:30:06.000","data_loaded_at":"2026-05-10T08:04:43.199"}},
{"type":"Feature","geometry":{"type":"Point","coordinates":[-122.46624,37.783134]},"properties":{":id":"row-vgky-3qxy~fedu",":version":"rv-9eir_u6hu.3smn",":created_at":"2026-05-10T15:04:56.433Z",":updated_at":"2026-05-10T15:04:56.433Z","active_licenses":"BP","permit_number":"1380","ban":"0482536","permit_status":"Active","poe_class_code":null,"license_type":"Billiard or Pool Tables","dba_name":"Richmond Republic","street_address":"642 CLEMENT ST","city":"San Francisco","state":"CA","analysis_neighborhood":"Inner Richmond","supervisor_district":"1","police_district":"RICHMOND","data_as_of":"2024-01-29T14:30:06.000","data_loaded_at":"2026-05-10T08:04:43.199"}},
{"type":"Feature","geometry":{"type":"Point","coordinates":[-122.456736,37.724265]},"properties":{":id":"row-jy3x~68gz_eehg",":version":"rv-c3eb-ixcm.haqx",":created_at":"2026-05-10T15:04:56.433Z",":updated_at":"2026-05-10T15:04:56.433Z","active_licenses":"LLP","permit_number":"1381","ban":"1022008","permit_status":"Active","poe_class_code":null,"license_type":"Limited Live Performance","dba_name":"Ocean Ale House","street_address":"1314 OCEAN AVE","city":"San Francisco","state":"CA","analysis_neighborhood":"West of Twin Peaks","supervisor_district":"7","police_district":"INGLESIDE","data_as_of":"2024-01-29T14:30:06.000","data_loaded_at":"2026-05-10T08:04:43.199"}},
{"type":"Feature","geometry":{"type":"Point","coordinates":[-122.4144045,37.783827]},"properties":{":id":"row-mkze-mjrq.rb5g",":version":"rv-rhq9.y7js~57u2",":created_at":"2026-05-10T15:04:56.433Z",":updated_at":"2026-05-10T15:04:56.433Z","active_licenses":"POE","permit_number":"1385","ban":"1032245","permit_status":"Active","poe_class_code":"P23","license_type":"Place of Entertainment","dba_name":"Black Cat","street_address":"400 EDDY ST","city":"San Francisco","state":"CA","analysis_neighborhood":"Tenderloin","supervisor_district":"5","police_district":"TENDERLOIN","data_as_of":"2024-01-29T14:30:06.000","data_loaded_at":"2026-05-10T08:04:43.199"}},
{"type":"Feature","geometry":{"type":"Point","coordinates":[-122.390082,37.751625]},"properties":{":id":"row-mbmj-hkch.qysm",":version":"rv-65cb_nnuv-ug3x",":created_at":"2026-05-10T15:04:56.433Z",":updated_at":"2026-05-10T15:04:56.433Z","active_licenses":"LLP","permit_number":"1387","ban":"1009067","permit_status":"Active","poe_class_code":null,"license_type":"Limited Live Performance","dba_name":"Harmonic Brewing","street_address":"1050 26TH ST","city":"San Francisco","state":"CA","analysis_neighborhood":"Bayview Hunters Point","supervisor_district":"10","police_district":"BAYVIEW","data_as_of":"2024-01-29T14:30:06.000","data_loaded_at":"2026-05-10T08:04:43.199"}},
{"type":"Feature","geometry":{"type":"Point","coordinates":[-122.408397,37.79946]},"properties":{":id":"row-rkvi.zznm_uq9h",":version":"rv-u9im_s4ks~2bq8",":created_at":"2026-05-10T15:04:56.433Z",":updated_at":"2026-05-10T15:04:56.433Z","active_licenses":"LLP","permit_number":"1388","ban":"1007479","permit_status":"Active","poe_class_code":null,"license_type":"Limited Live Performance","dba_name":"Belle Cora","street_address":"565 GREEN ST","city":"San Francisco","state":"CA","analysis_neighborhood":"North Beach","supervisor_district":"3","police_district":"CENTRAL","data_as_of":"2024-01-29T14:30:06.000","data_loaded_at":"2026-05-10T08:04:43.199"}},
{"type":"Feature","geometry":{"type":"Point","coordinates":[-122.3882415,37.760688]},"properties":{":id":"row-txet_vpj2_9tpc",":version":"rv-sb8b~vyak~g8qy",":created_at":"2026-05-10T15:04:56.433Z",":updated_at":"2026-05-10T15:04:56.433Z","active_licenses":"LLP","permit_number":"1389","ban":"1016340","permit_status":"Active","poe_class_code":null,"license_type":"Limited Live Performance","dba_name":"The Sea Star","street_address":"2289 3RD ST","city":"San Francisco","state":"CA","analysis_neighborhood":"Potrero Hill","supervisor_district":"10","police_district":"BAYVIEW","data_as_of":"2024-01-29T14:30:06.000","data_loaded_at":"2026-05-10T08:04:43.199"}},
{"type":"Feature","geometry":{"type":"Point","coordinates":[-122.449166096,37.782139365]},"properties":{":id":"row-83za_s5v4_7zuh",":version":"rv-t8sm_ikdy_xara",":created_at":"2026-05-10T15:04:56.433Z",":updated_at":"2026-05-10T15:04:56.433Z","active_licenses":"POE, BP","permit_number":"139","ban":"0336810","permit_status":"Active","poe_class_code":"P23","license_type":"Place of Entertainment, Billiard or Pool Tables","dba_name":"The Pig and the Whistle","street_address":"2801 GEARY BLVD","city":"San Francisco","state":"CA","analysis_neighborhood":"Lone Mountain/USF","supervisor_district":"2","police_district":"RICHMOND","data_as_of":"2024-01-29T14:30:06.000","data_loaded_at":"2026-05-10T08:04:43.199"}},
{"type":"Feature","geometry":{"type":"Point","coordinates":[-122.4109395,37.772208]},"properties":{":id":"row-hsz4_8er4~ip5n",":version":"rv-qxxt-m4em-bq28",":created_at":"2026-05-10T15:04:56.433Z",":updated_at":"2026-05-10T15:04:56.433Z","active_licenses":"POE, BP","permit_number":"1393","ban":"1063156","permit_status":"Active","poe_class_code":"P23","license_type":"Place of Entertainment, Billiard or Pool Tables","dba_name":"Lone Star Saloon","street_address":"1354 HARRISON ST","city":"San Francisco","state":"CA","analysis_neighborhood":"South of Market","supervisor_district":"6","police_district":"SOUTHERN","data_as_of":"2024-01-29T14:30:06.000","data_loaded_at":"2026-05-10T08:04:43.199"}},
{"type":"Feature","geometry":{"type":"Point","coordinates":[-122.413806,37.771371]},"properties":{":id":"row-xykr_fdsp-5ixi",":version":"rv-fjx5~8w3k~5tqs",":created_at":"2026-05-10T15:04:56.433Z",":updated_at":"2026-05-10T15:04:56.433Z","active_licenses":"EHP","permit_number":"1396","ban":"1104709","permit_status":"Active","poe_class_code":null,"license_type":"Extended Hours Premises","dba_name":"Audio/Bella","street_address":"316 11TH ST","city":"San Francisco","state":"CA","analysis_neighborhood":"Mission","supervisor_district":"6","police_district":"SOUTHERN","data_as_of":"2025-11-10T16:58:37.000","data_loaded_at":"2026-05-10T08:04:43.199"}},
{"type":"Feature","geometry":{"type":"Point","coordinates":[-122.407763741,37.784784897]},"properties":{":id":"row-2qim.9dy4-k4ka",":version":"rv-niqj~kwa7.8fbu",":created_at":"2026-05-10T15:04:56.433Z",":updated_at":"2026-05-10T15:04:56.433Z","active_licenses":"LLP","permit_number":"1397","ban":"0385922","permit_status":"Active","poe_class_code":null,"license_type":"Limited Live Performance","dba_name":"AT&T 1 Powell","street_address":"1 POWELL ST","city":"San Francisco","state":"CA","analysis_neighborhood":"Tenderloin","supervisor_district":"3","police_district":"TENDERLOIN","data_as_of":"2024-01-29T14:30:06.000","data_loaded_at":"2026-05-10T08:04:43.199"}},
{"type":"Feature","geometry":{"type":"Point","coordinates":[-122.450166,37.765305]},"properties":{":id":"row-5gb7.9gn9~hkuc",":version":"rv-m4au~v3yz.3h2c",":created_at":"2026-05-10T15:04:56.433Z",":updated_at":"2026-05-10T15:04:56.433Z","active_licenses":"LLP","permit_number":"1398","ban":"1012548","permit_status":"Active","poe_class_code":null,"license_type":"Limited Live Performance","dba_name":"FINNEGAN'S WAKE","street_address":"937 COLE ST","city":"San Francisco","state":"CA","analysis_neighborhood":"Haight Ashbury","supervisor_district":"8","police_district":"PARK","data_as_of":"2026-01-05T21:30:49.000","data_loaded_at":"2026-05-10T08:04:43.199"}},
{"type":"Feature","geometry":{"type":"Point","coordinates":[-122.418819,37.759788]},"properties":{":id":"row-v7gv-5q9y~xh6v",":version":"rv-cv4s_jf8n.zguz",":created_at":"2026-05-10T15:04:56.433Z",":updated_at":"2026-05-10T15:04:56.433Z","active_licenses":"LLP","permit_number":"1399","ban":"1046054","permit_status":"Active","poe_class_code":null,"license_type":"Limited Live Performance","dba_name":"Cha Cha Cha on Mission","street_address":"2327 MISSION ST","city":"San Francisco","state":"CA","analysis_neighborhood":"Mission","supervisor_district":"9","police_district":"MISSION","data_as_of":"2024-01-29T14:30:06.000","data_loaded_at":"2026-05-10T08:04:43.199"}},
{"type":"Feature","geometry":{"type":"Point","coordinates":[-122.4334305,37.784565]},"properties":{":id":"row-fb6d.b75v~f2f8",":version":"rv-bjh2-y75i~scbq",":created_at":"2026-05-10T15:04:56.433Z",":updated_at":"2026-05-10T15:04:56.433Z","active_licenses":"POE, EHP","permit_number":"140","ban":"0305542","permit_status":"Active","poe_class_code":"P23","license_type":"Place of Entertainment, Extended Hours Premises","dba_name":"Boom Boom Room","street_address":"1601 FILLMORE ST","city":"San Francisco","state":"CA","analysis_neighborhood":"Japantown","supervisor_district":"5","police_district":"NORTHERN","data_as_of":"2024-01-29T14:30:06.000","data_loaded_at":"2026-05-10T08:04:43.199"}},
{"type":"Feature","geometry":{"type":"Point","coordinates":[-122.417892,37.749969]},"properties":{":id":"row-c7qh_qf76.mxcp",":version":"rv-8ug9-qqzd~55ua",":created_at":"2026-05-10T15:04:56.433Z",":updated_at":"2026-05-10T15:04:56.433Z","active_licenses":"LLP","permit_number":"1401","ban":"0454765","permit_status":"Active","poe_class_code":null,"license_type":"Limited Live Performance","dba_name":"Rinconcito Nicaraguense","street_address":"2943 MISSION ST","city":"San Francisco","state":"CA","analysis_neighborhood":"Mission","supervisor_district":"9","police_district":"MISSION","data_as_of":"2024-01-29T14:30:06.000","data_loaded_at":"2026-05-10T08:04:43.199"}},
{"type":"Feature","geometry":{"type":"Point","coordinates":[-122.403673037,37.791420001]},"properties":{":id":"row-s4jb~fq4g.vn3d",":version":"rv-pqqg_gpep_iija",":created_at":"2026-05-10T15:04:56.433Z",":updated_at":"2026-05-10T15:04:56.433Z","active_licenses":"POE, EHP","permit_number":"1402","ban":"1067294","permit_status":"Active","poe_class_code":"P23","license_type":"Place of Entertainment, Extended Hours Premises","dba_name":"Toy Soldier","street_address":"52 BELDEN PL","city":"San Francisco","state":"CA","analysis_neighborhood":"Financial District/South Beach","supervisor_district":"3","police_district":"CENTRAL","data_as_of":"2024-01-29T14:30:06.000","data_loaded_at":"2026-05-10T08:04:43.199"}},
{"type":"Feature","geometry":{"type":"Point","coordinates":[-122.433444,37.788354]},"properties":{":id":"row-6quj-8543_5r7m",":version":"rv-ts7j-i3ks-u8ib",":created_at":"2026-05-10T15:04:56.433Z",":updated_at":"2026-05-10T15:04:56.433Z","active_licenses":"POE","permit_number":"1404","ban":"0348637","permit_status":"Active","poe_class_code":"P23","license_type":"Place of Entertainment","dba_name":"HARRY'S BAR","street_address":"2020 FILLMORE ST","city":"San Francisco","state":"CA","analysis_neighborhood":"Pacific Heights","supervisor_district":"2","police_district":"NORTHERN","data_as_of":"2026-01-05T17:40:14.000","data_loaded_at":"2026-05-10T08:04:43.199"}},
{"type":"Feature","geometry":{"type":"Point","coordinates":[-122.410341,37.786428]},"properties":{":id":"row-pyw5_f7rh-kqfy",":version":"rv-egt3.2auy_xwj8",":created_at":"2026-05-10T15:04:56.433Z",":updated_at":"2026-05-10T15:04:56.433Z","active_licenses":"EHP","permit_number":"1405","ban":"1029744","permit_status":"Active","poe_class_code":null,"license_type":"Extended Hours Premises","dba_name":"The Halal Guys","street_address":"340 OFARRELL ST","city":"San Francisco","state":"CA","analysis_neighborhood":"Tenderloin","supervisor_district":"3","police_district":"TENDERLOIN","data_as_of":"2024-01-29T14:30:06.000","data_loaded_at":"2026-05-10T08:04:43.199"}},
{"type":"Feature","geometry":{"type":"Point","coordinates":[-122.4052065,37.772019]},"properties":{":id":"row-h9pp~nayh-ccem",":version":"rv-4xp6~v2ix.vkm4",":created_at":"2026-05-10T15:04:56.433Z",":updated_at":"2026-05-10T15:04:56.433Z","active_licenses":"LLP","permit_number":"1407","ban":"0111067","permit_status":"Active","poe_class_code":null,"license_type":"Limited Live Performance","dba_name":"Bosco","street_address":"888 BRANNAN ST","city":"San Francisco","state":"CA","analysis_neighborhood":"South of Market","supervisor_district":"6","police_district":"SOUTHERN","data_as_of":"2025-01-07T09:47:47.000","data_loaded_at":"2026-05-10T08:04:43.199"}},
{"type":"Feature","geometry":{"type":"Point","coordinates":[-122.391693,37.792584]},"properties":{":id":"row-hab7~n56k_5yjw",":version":"rv-njx5_7w6i_46xs",":created_at":"2026-05-10T15:04:56.433Z",":updated_at":"2026-05-10T15:04:56.433Z","active_licenses":"LLP","permit_number":"1410","ban":"0426415","permit_status":"Active","poe_class_code":null,"license_type":"Limited Live Performance","dba_name":"Google Inc.","street_address":"188 THE EMBARCADERO","city":"San Francisco","state":"CA","analysis_neighborhood":"Financial District/South Beach","supervisor_district":"6","police_district":"SOUTHERN","data_as_of":"2024-01-29T14:30:06.000","data_loaded_at":"2026-05-10T08:04:43.199"}},
{"type":"Feature","geometry":{"type":"Point","coordinates":[-122.479988002,37.780026019]},"properties":{":id":"row-hm5b.m3xx.fsmq",":version":"rv-snms.538e~z3cg",":created_at":"2026-05-10T15:04:56.433Z",":updated_at":"2026-05-10T15:04:56.433Z","active_licenses":"POE","permit_number":"1411","ban":"1021340","permit_status":"Active","poe_class_code":"P23","license_type":"Place of Entertainment","dba_name":"Hermitage Banquet Hall","street_address":"5641 GEARY BLVD","city":"San Francisco","state":"CA","analysis_neighborhood":"Outer Richmond","supervisor_district":"1","police_district":"RICHMOND","data_as_of":"2024-01-29T14:30:06.000","data_loaded_at":"2026-05-10T08:04:43.199"}},
{"type":"Feature","geometry":{"type":"Point","coordinates":[-122.4348165,37.760364]},"properties":{":id":"row-k437.vcmj-vfgb",":version":"rv-h3hr-ix2x~afy6",":created_at":"2026-05-10T15:04:56.433Z",":updated_at":"2026-05-10T15:04:56.433Z","active_licenses":"POE","permit_number":"1412","ban":"0190628","permit_status":"Active","poe_class_code":"P23","license_type":"Place of Entertainment","dba_name":"Hamburger Mary's Patio Café","street_address":"531 CASTRO ST","city":"San Francisco","state":"CA","analysis_neighborhood":"Castro/Upper Market","supervisor_district":"8","police_district":"MISSION","data_as_of":"2024-01-29T14:30:06.000","data_loaded_at":"2026-05-10T08:04:43.199"}},
{"type":"Feature","geometry":{"type":"Point","coordinates":[-122.49558,37.775691]},"properties":{":id":"row-4tyt-i69g_wdwi",":version":"rv-hgi3_ks8k_emfa",":created_at":"2026-05-10T15:04:56.433Z",":updated_at":"2026-05-10T15:04:56.433Z","active_licenses":"LLP","permit_number":"1414","ban":"1009079","permit_status":"Active","poe_class_code":null,"license_type":"Limited Live Performance","dba_name":"Noise","street_address":"3427 BALBOA ST","city":"San Francisco","state":"CA","analysis_neighborhood":"Outer Richmond","supervisor_district":"1","police_district":"RICHMOND","data_as_of":"2024-01-29T14:30:06.000","data_loaded_at":"2026-05-10T08:04:43.199"}},
{"type":"Feature","geometry":{"type":"Point","coordinates":[-122.4101925,37.781874]},"properties":{":id":"row-ygaz.j3y6_q984",":version":"rv-258d.9zan.zyhk",":created_at":"2026-05-10T15:04:56.433Z",":updated_at":"2026-05-10T15:04:56.433Z","active_licenses":"POE","permit_number":"1417","ban":"1071425","permit_status":"Active","poe_class_code":"P23","license_type":"Place of Entertainment","dba_name":"The Rumpus Room","street_address":"10 6TH ST","city":"San Francisco","state":"CA","analysis_neighborhood":"South of Market","supervisor_district":"6","police_district":"SOUTHERN","data_as_of":"2024-01-29T14:30:06.000","data_loaded_at":"2026-05-10T08:04:43.199"}},
{"type":"Feature","geometry":{"type":"Point","coordinates":[-122.4178425,37.74942]},"properties":{":id":"row-4wkz~nr5r-a357",":version":"rv-etdb.tavz.rhia",":created_at":"2026-05-10T15:04:56.433Z",":updated_at":"2026-05-10T15:04:56.433Z","active_licenses":"LLP","permit_number":"1421","ban":"1060205","permit_status":"Active","poe_class_code":null,"license_type":"Limited Live Performance","dba_name":"Endgames Improv","street_address":"2989 MISSION ST","city":"San Francisco","state":"CA","analysis_neighborhood":"Mission","supervisor_district":"9","police_district":"MISSION","data_as_of":"2024-01-29T14:30:06.000","data_loaded_at":"2026-05-10T08:04:43.199"}},
{"type":"Feature","geometry":{"type":"Point","coordinates":[-122.4119115,37.769778]},"properties":{":id":"row-4up8-rh5t-ciqa",":version":"rv-pt8c-ahf6~pzif",":created_at":"2026-05-10T15:04:56.433Z",":updated_at":"2026-05-10T15:04:56.433Z","active_licenses":"LLP","permit_number":"1422","ban":"1015269","permit_status":"Active","poe_class_code":null,"license_type":"Limited Live Performance","dba_name":"District Six","street_address":"428 11TH ST","city":"San Francisco","state":"CA","analysis_neighborhood":"Mission","supervisor_district":"6","police_district":"SOUTHERN","data_as_of":"2024-01-29T14:30:06.000","data_loaded_at":"2026-05-10T08:04:43.199"}},
{"type":"Feature","geometry":{"type":"Point","coordinates":[-122.391405,37.770984]},"properties":{":id":"row-ce3r~8fwq_npjy",":version":"rv-n6ea-ai9c.dxvu",":created_at":"2026-05-10T15:04:56.433Z",":updated_at":"2026-05-10T15:04:56.433Z","active_licenses":"LLP","permit_number":"1423","ban":"1026416","permit_status":"Active","poe_class_code":null,"license_type":"Limited Live Performance","dba_name":"Spark Social SF","street_address":"601 MISSION BAY BLVD NORTH","city":"San Francisco","state":"CA","analysis_neighborhood":"Mission Bay","supervisor_district":"6","police_district":"BAYVIEW","data_as_of":"2024-01-29T14:30:06.000","data_loaded_at":"2026-05-10T08:04:43.199"}},
{"type":"Feature","geometry":{"type":"Point","coordinates":[-122.409593008,37.787564997]},"properties":{":id":"row-6wsc.qncv.cwfj",":version":"rv-9xkf.ruki_wck5",":created_at":"2026-05-10T15:04:56.433Z",":updated_at":"2026-05-10T15:04:56.433Z","active_licenses":"POE, MAD, EHP","permit_number":"1424","ban":"1076994","permit_status":"Active","poe_class_code":"P23","license_type":"Place of Entertainment, Mechanical Amusement Device, Extended Hours Premises","dba_name":"August Hall & Fifth Arrow","street_address":"430 MASON ST","city":"San Francisco","state":"CA","analysis_neighborhood":"Tenderloin","supervisor_district":"3","police_district":"CENTRAL","data_as_of":"2024-01-29T14:30:06.000","data_loaded_at":"2026-05-10T08:04:43.199"}},
{"type":"Feature","geometry":{"type":"Point","coordinates":[-122.4421335,37.715265]},"properties":{":id":"row-nhkj.f8it-3sp9",":version":"rv-3f8w~fzdf~4q5y",":created_at":"2026-05-10T15:04:56.433Z",":updated_at":"2026-05-10T15:04:56.433Z","active_licenses":"LLP","permit_number":"1427","ban":"0381606","permit_status":"Active","poe_class_code":null,"license_type":"Limited Live Performance","dba_name":"Venice Pizza and Restaurant","street_address":"5228 MISSION ST","city":"San Francisco","state":"CA","analysis_neighborhood":"Outer Mission","supervisor_district":"11","police_district":"INGLESIDE","data_as_of":"2024-01-29T14:30:06.000","data_loaded_at":"2026-05-10T08:04:43.199"}},
{"type":"Feature","geometry":{"type":"Point","coordinates":[-122.4090315,37.784169]},"properties":{":id":"row-vgjb_s4qq_szi2",":version":"rv-5d87.g8jz_umfn",":created_at":"2026-05-10T15:04:56.433Z",":updated_at":"2026-05-10T15:04:56.433Z","active_licenses":"POE","permit_number":"1428","ban":"1006275","permit_status":"Active","poe_class_code":"P23","license_type":"Place of Entertainment","dba_name":"Pandora Karaoke","street_address":"50 MASON ST","city":"San Francisco","state":"CA","analysis_neighborhood":"Tenderloin","supervisor_district":"3","police_district":"TENDERLOIN","data_as_of":"2024-01-29T14:30:06.000","data_loaded_at":"2026-05-10T08:04:43.199"}},
{"type":"Feature","geometry":{"type":"Point","coordinates":[-122.4978165,37.775448]},"properties":{":id":"row-uhye~re6d.tzf5",":version":"rv-3dtj~s5d6.t32e",":created_at":"2026-05-10T15:04:56.433Z",":updated_at":"2026-05-10T15:04:56.433Z","active_licenses":"BP","permit_number":"1429","ban":"1080766","permit_status":"Active","poe_class_code":null,"license_type":"Billiard or Pool Tables","dba_name":"Hockey Haven","street_address":"3625 BALBOA ST","city":"San Francisco","state":"CA","analysis_neighborhood":"Outer Richmond","supervisor_district":"1","police_district":"RICHMOND","data_as_of":"2024-01-29T14:30:06.000","data_loaded_at":"2026-05-10T08:04:43.199"}},
{"type":"Feature","geometry":{"type":"Point","coordinates":[-122.423643,37.806021]},"properties":{":id":"row-mpay_x5at-6kud",":version":"rv-mr29.2nk5.3n3v",":created_at":"2026-05-10T15:04:56.433Z",":updated_at":"2026-05-10T15:04:56.433Z","active_licenses":"LLP","permit_number":"1430","ban":"1070007","permit_status":"Active","poe_class_code":null,"license_type":"Limited Live Performance","dba_name":"San Francisco Brewing Co.","street_address":"3150 POLK ST","city":"San Francisco","state":"CA","analysis_neighborhood":"Russian Hill","supervisor_district":"2","police_district":"CENTRAL","data_as_of":"2024-01-29T14:30:06.000","data_loaded_at":"2026-05-10T08:04:43.199"}},
{"type":"Feature","geometry":{"type":"Point","coordinates":[-122.409018,37.740087]},"properties":{":id":"row-e89v-ttwq_en5s",":version":"rv-zrbu.vkgh.dz22",":created_at":"2026-05-10T15:04:56.433Z",":updated_at":"2026-05-10T15:04:56.433Z","active_licenses":"LLP","permit_number":"1431","ban":"1023317","permit_status":"Active","poe_class_code":null,"license_type":"Limited Live Performance","dba_name":"Barebottle Brewing Co.","street_address":"1525 CORTLAND AVE","city":"San Francisco","state":"CA","analysis_neighborhood":"Bernal Heights","supervisor_district":"9","police_district":"INGLESIDE","data_as_of":"2026-01-05T21:31:27.000","data_loaded_at":"2026-05-10T08:04:43.199"}},
{"type":"Feature","geometry":{"type":"Point","coordinates":[-122.4208665,37.744641]},"properties":{":id":"row-fdbs-wxja-7mux",":version":"rv-czrb-zd32-k3gc",":created_at":"2026-05-10T15:04:56.433Z",":updated_at":"2026-05-10T15:04:56.433Z","active_licenses":"LLP","permit_number":"1432","ban":"1081475","permit_status":"Active","poe_class_code":null,"license_type":"Limited Live Performance","dba_name":"Magic Patio","street_address":"3264 MISSION ST","city":"San Francisco","state":"CA","analysis_neighborhood":"Bernal Heights","supervisor_district":"9","police_district":"INGLESIDE","data_as_of":"2024-01-29T14:30:06.000","data_loaded_at":"2026-05-10T08:04:43.199"}},
{"type":"Feature","geometry":{"type":"Point","coordinates":[-122.421672,37.765854]},"properties":{":id":"row-fyn7_sv4d-zg3d",":version":"rv-js2u~82hv-bzjw",":created_at":"2026-05-10T15:04:56.433Z",":updated_at":"2026-05-10T15:04:56.433Z","active_licenses":"LLP","permit_number":"1434","ban":"0441551","permit_status":"Active","poe_class_code":null,"license_type":"Limited Live Performance","dba_name":"Venga Empanadas","street_address":"443 VALENCIA ST","city":"San Francisco","state":"CA","analysis_neighborhood":"Mission","supervisor_district":"9","police_district":"MISSION","data_as_of":"2024-01-29T14:30:06.000","data_loaded_at":"2026-05-10T08:04:43.199"}},
{"type":"Feature","geometry":{"type":"Point","coordinates":[-122.477649032,37.763337986]},"properties":{":id":"row-8b4z.g92e-huxt",":version":"rv-pm2t~57e8-zvqu",":created_at":"2026-05-10T15:04:56.433Z",":updated_at":"2026-05-10T15:04:56.433Z","active_licenses":"LLP","permit_number":"1435","ban":"1083821","permit_status":"Active","poe_class_code":null,"license_type":"Limited Live Performance","dba_name":"SF Hole in the Wall Pizza","street_address":"1827 IRVING ST","city":"San Francisco","state":"CA","analysis_neighborhood":"Sunset/Parkside","supervisor_district":"4","police_district":"TARAVAL","data_as_of":"2024-01-29T14:30:06.000","data_loaded_at":"2026-05-10T08:04:43.199"}},
{"type":"Feature","geometry":{"type":"Point","coordinates":[-122.393145208,37.722925593]},"properties":{":id":"row-u55m~sbir~vkg5",":version":"rv-sc8z_yp8d.d5ft",":created_at":"2026-05-10T15:04:56.433Z",":updated_at":"2026-05-10T15:04:56.433Z","active_licenses":"LLP","permit_number":"1436","ban":"1000819","permit_status":"Active","poe_class_code":null,"license_type":"Limited Live Performance","dba_name":"Laughing Monk Brewing","street_address":"1439 EGBERT AVE","city":"San Francisco","state":"CA","analysis_neighborhood":"Bayview Hunters Point","supervisor_district":"10","police_district":"BAYVIEW","data_as_of":"2024-01-29T14:30:06.000","data_loaded_at":"2026-05-10T08:04:43.199"}},
{"type":"Feature","geometry":{"type":"Point","coordinates":[-122.393358,37.778697]},"properties":{":id":"row-ahiq-68rs-88kr",":version":"rv-443i_yrek.x48i",":created_at":"2026-05-10T15:04:56.433Z",":updated_at":"2026-05-10T15:04:56.433Z","active_licenses":"LLP","permit_number":"1438","ban":"0399804","permit_status":"Active","poe_class_code":null,"license_type":"Limited Live Performance","dba_name":"District","street_address":"216 TOWNSEND ST","city":"San Francisco","state":"CA","analysis_neighborhood":"South of Market","supervisor_district":"6","police_district":"SOUTHERN","data_as_of":"2024-01-29T14:30:06.000","data_loaded_at":"2026-05-10T08:04:43.199"}},
{"type":"Feature","geometry":{"type":"Point","coordinates":[-122.4205425,37.754523]},"properties":{":id":"row-8gxg.jg88~aj4w",":version":"rv-ncqv_tnb4.yezr",":created_at":"2026-05-10T15:04:56.433Z",":updated_at":"2026-05-10T15:04:56.433Z","active_licenses":"POE","permit_number":"1439","ban":"1080536","permit_status":"Active","poe_class_code":"P23","license_type":"Place of Entertainment","dba_name":"El Valenciano","street_address":"1153 VALENCIA ST","city":"San Francisco","state":"CA","analysis_neighborhood":"Mission","supervisor_district":"9","police_district":"MISSION","data_as_of":"2024-01-29T14:30:06.000","data_loaded_at":"2026-05-10T08:04:43.199"}},
{"type":"Feature","geometry":{"type":"Point","coordinates":[-122.400468,37.785474]},"properties":{":id":"row-apw7~h7jp~xpvw",":version":"rv-chki_23wh-zy2a",":created_at":"2026-05-10T15:04:56.433Z",":updated_at":"2026-05-10T15:04:56.433Z","active_licenses":"POE","permit_number":"144","ban":"0324828","permit_status":"Active","poe_class_code":"P23","license_type":"Place of Entertainment","dba_name":"W Hotel - XYZ RESTAURANT & WINE BAR","street_address":"181 3RD ST","city":"San Francisco","state":"CA","analysis_neighborhood":"Financial District/South Beach","supervisor_district":"6","police_district":"SOUTHERN","data_as_of":"2024-01-29T14:30:06.000","data_loaded_at":"2026-05-10T08:04:43.199"}},
{"type":"Feature","geometry":{"type":"Point","coordinates":[-122.4131535,37.785555]},"properties":{":id":"row-bu9a-fiqb-jn88",":version":"rv-tuub.sq8i.7qh9",":created_at":"2026-05-10T15:04:56.433Z",":updated_at":"2026-05-10T15:04:56.433Z","active_licenses":"POE","permit_number":"1440","ban":"0450358","permit_status":"Active","poe_class_code":"P23","license_type":"Place of Entertainment","dba_name":"Zombie Village","street_address":"441 JONES ST","city":"San Francisco","state":"CA","analysis_neighborhood":"Tenderloin","supervisor_district":"5","police_district":"TENDERLOIN","data_as_of":"2024-01-29T14:30:06.000","data_loaded_at":"2026-05-10T08:04:43.199"}},
{"type":"Feature","geometry":{"type":"Point","coordinates":[-122.4258525,37.770345]},"properties":{":id":"row-acy8_qqhd_t24h",":version":"rv-n6eq_igum-xcpu",":created_at":"2026-05-10T15:04:56.433Z",":updated_at":"2026-05-10T15:04:56.433Z","active_licenses":"POE","permit_number":"1442","ban":"1077519","permit_status":"Active","poe_class_code":"P23","license_type":"Place of Entertainment","dba_name":"The Mint","street_address":"1942 MARKET ST","city":"San Francisco","state":"CA","analysis_neighborhood":"Hayes Valley","supervisor_district":"8","police_district":"NORTHERN","data_as_of":"2026-01-05T17:41:07.000","data_loaded_at":"2026-05-10T08:04:43.199"}},
{"type":"Feature","geometry":{"type":"Point","coordinates":[-122.411763,37.789551]},"properties":{":id":"row-3h2c-y7qc.nn2y",":version":"rv-uku7_k9u7~exu2",":created_at":"2026-05-10T15:04:56.433Z",":updated_at":"2026-05-10T15:04:56.433Z","active_licenses":"LLP","permit_number":"1446","ban":"1003213","permit_status":"Active","poe_class_code":null,"license_type":"Limited Live Performance","dba_name":"Stookey's Club Moderne","street_address":"895 BUSH ST","city":"San Francisco","state":"CA","analysis_neighborhood":"Nob Hill","supervisor_district":"3","police_district":"CENTRAL","data_as_of":"2024-01-29T14:30:06.000","data_loaded_at":"2026-05-10T08:04:43.199"}},
{"type":"Feature","geometry":{"type":"Point","coordinates":[-122.4061245,37.797336]},"properties":{":id":"row-9mk8~itgc~y4xd",":version":"rv-tmnx_m9ze_q5eq",":created_at":"2026-05-10T15:04:56.433Z",":updated_at":"2026-05-10T15:04:56.433Z","active_licenses":"LLP","permit_number":"1449","ban":"0029736","permit_status":"Active","poe_class_code":null,"license_type":"Limited Live Performance","dba_name":"Vesuvio","street_address":"255 COLUMBUS AVE","city":"San Francisco","state":"CA","analysis_neighborhood":"Chinatown","supervisor_district":"3","police_district":"CENTRAL","data_as_of":"2024-01-29T14:30:06.000","data_loaded_at":"2026-05-10T08:04:43.199"}},
{"type":"Feature","geometry":{"type":"Point","coordinates":[-122.394078,37.778832]},"properties":{":id":"row-izsq.5vnb_st24",":version":"rv-udyf-kbai_v6qh",":created_at":"2026-05-10T15:04:56.433Z",":updated_at":"2026-05-10T15:04:56.433Z","active_licenses":"LLP","permit_number":"1450","ban":"0485515","permit_status":"Active","poe_class_code":null,"license_type":"Limited Live Performance","dba_name":"Victory Hall & Parlor","street_address":"360 RITCH ST","city":"San Francisco","state":"CA","analysis_neighborhood":"South of Market","supervisor_district":"6","police_district":"SOUTHERN","data_as_of":"2024-01-29T14:30:06.000","data_loaded_at":"2026-05-10T08:04:43.199"}},
{"type":"Feature","geometry":{"type":"Point","coordinates":[-122.4142875,37.777572]},"properties":{":id":"row-j4cu_4a9a.65ag",":version":"rv-5y55.bdbs.t3mr",":created_at":"2026-05-10T15:04:56.433Z",":updated_at":"2026-05-10T15:04:56.433Z","active_licenses":"POE","permit_number":"1451","ban":null,"permit_status":"Active","poe_class_code":"P23","license_type":"Place of Entertainment","dba_name":"BEI San Francisco","street_address":"50 8TH ST","city":"San Francisco","state":"CA","analysis_neighborhood":"South of Market","supervisor_district":"6","police_district":"SOUTHERN","data_as_of":"2024-01-29T14:30:06.000","data_loaded_at":"2026-05-10T08:04:43.199"}},
{"type":"Feature","geometry":null,"properties":{":id":"row-j6d2-8xku~ssp2",":version":"rv-cme9.uft7-war3",":created_at":"2026-05-10T15:04:56.433Z",":updated_at":"2026-05-10T15:04:56.433Z","active_licenses":"POE","permit_number":"1453","ban":"0304368","permit_status":"Active","poe_class_code":"P23","license_type":"Place of Entertainment","dba_name":"SF Giants/Oracle Park","street_address":null,"city":"San Francisco","state":"CA","analysis_neighborhood":null,"supervisor_district":null,"police_district":null,"data_as_of":"2026-01-05T17:41:13.000","data_loaded_at":"2026-05-10T08:04:43.199"}},
{"type":"Feature","geometry":{"type":"Point","coordinates":[-122.4074025,37.789803]},"properties":{":id":"row-jv9g~7zik~sdki",":version":"rv-48wb.bzqf.fxcq",":created_at":"2026-05-10T15:04:56.433Z",":updated_at":"2026-05-10T15:04:56.433Z","active_licenses":"LLP","permit_number":"1455","ban":"1082308","permit_status":"Active","poe_class_code":null,"license_type":"Limited Live Performance","dba_name":"Palihotel San Francisco","street_address":"417 STOCKTON ST","city":"San Francisco","state":"CA","analysis_neighborhood":"Financial District/South Beach","supervisor_district":"3","police_district":"CENTRAL","data_as_of":"2024-01-29T14:30:06.000","data_loaded_at":"2026-05-10T08:04:43.199"}},
{"type":"Feature","geometry":{"type":"Point","coordinates":[-122.422338,37.744074]},"properties":{":id":"row-ctua_emzg.q8gu",":version":"rv-cfd2~spvz.fz3w",":created_at":"2026-05-10T15:04:56.433Z",":updated_at":"2026-05-10T15:04:56.433Z","active_licenses":"LLP","permit_number":"1457","ban":"0459707","permit_status":"Active","poe_class_code":null,"license_type":"Limited Live Performance","dba_name":"Rock Bar","street_address":"80 29TH ST","city":"San Francisco","state":"CA","analysis_neighborhood":"Bernal Heights","supervisor_district":"9","police_district":"INGLESIDE","data_as_of":"2024-01-29T14:30:06.000","data_loaded_at":"2026-05-10T08:04:43.199"}},
{"type":"Feature","geometry":{"type":"Point","coordinates":[-122.413536,37.765701]},"properties":{":id":"row-ptkh~2cmj_fn97",":version":"rv-e26n-amx6~r5jm",":created_at":"2026-05-10T15:04:56.433Z",":updated_at":"2026-05-10T15:04:56.433Z","active_licenses":"POE","permit_number":"1460","ban":"1088093","permit_status":"Active","poe_class_code":"P23","license_type":"Place of Entertainment","dba_name":"Jolene's","street_address":"2700 16TH ST","city":"San Francisco","state":"CA","analysis_neighborhood":"Mission","supervisor_district":"9","police_district":"MISSION","data_as_of":"2024-01-29T14:30:06.000","data_loaded_at":"2026-05-10T08:04:43.199"}},
{"type":"Feature","geometry":{"type":"Point","coordinates":[-122.412483,37.780902]},"properties":{":id":"row-upzg~wudy_6zn6",":version":"rv-i8hw_7aa7-cikh",":created_at":"2026-05-10T15:04:56.433Z",":updated_at":"2026-05-10T15:04:56.433Z","active_licenses":"POE","permit_number":"1461","ban":"1070435","permit_status":"Active","poe_class_code":"P23","license_type":"Place of Entertainment","dba_name":"San Francisco Proper Hotel","street_address":"1100 MARKET ST","city":"San Francisco","state":"CA","analysis_neighborhood":"Tenderloin","supervisor_district":"5","police_district":"TENDERLOIN","data_as_of":"2026-01-05T17:42:05.000","data_loaded_at":"2026-05-10T08:04:43.199"}},
{"type":"Feature","geometry":{"type":"Point","coordinates":[-122.421609,37.765179]},"properties":{":id":"row-yxmq_ztsn.enji",":version":"rv-9deu-258w_8uq2",":created_at":"2026-05-10T15:04:56.433Z",":updated_at":"2026-05-10T15:04:56.433Z","active_licenses":"LLP","permit_number":"1463","ban":"1073452","permit_status":"Active","poe_class_code":null,"license_type":"Limited Live Performance","dba_name":"Manny's","street_address":"3092 16TH ST","city":"San Francisco","state":"CA","analysis_neighborhood":"Mission","supervisor_district":"9","police_district":"MISSION","data_as_of":"2024-01-29T14:30:06.000","data_loaded_at":"2026-05-10T08:04:43.199"}},
{"type":"Feature","geometry":{"type":"Point","coordinates":[-122.4223965,37.797678]},"properties":{":id":"row-8ie7-qzf9-ikpp",":version":"rv-6qed_nph3-xzcz",":created_at":"2026-05-10T15:04:56.433Z",":updated_at":"2026-05-10T15:04:56.433Z","active_licenses":"LLP","permit_number":"1465","ban":"0463182","permit_status":"Active","poe_class_code":null,"license_type":"Limited Live Performance","dba_name":"Woods Polk Station","street_address":"2255 POLK ST","city":"San Francisco","state":"CA","analysis_neighborhood":"Russian Hill","supervisor_district":"3","police_district":"NORTHERN","data_as_of":"2024-01-29T14:30:06.000","data_loaded_at":"2026-05-10T08:04:43.199"}},
{"type":"Feature","geometry":{"type":"Point","coordinates":[-122.4057735,37.783458]},"properties":{":id":"row-b4ve~c3h6~58xe",":version":"rv-wckt~7qtj~p3bj",":created_at":"2026-05-10T15:04:56.433Z",":updated_at":"2026-05-10T15:04:56.433Z","active_licenses":"POE","permit_number":"1466","ban":"0382512","permit_status":"Active","poe_class_code":"P23","license_type":"Place of Entertainment","dba_name":"Executive Order Bar & Lounge","street_address":"868 MISSION ST","city":"San Francisco","state":"CA","analysis_neighborhood":"South of Market","supervisor_district":"6","police_district":"SOUTHERN","data_as_of":"2024-01-29T14:30:06.000","data_loaded_at":"2026-05-10T08:04:43.199"}},
{"type":"Feature","geometry":{"type":"Point","coordinates":[-122.405607,37.796787]},"properties":{":id":"row-s4cy-aciw_n2yu",":version":"rv-bw9p.j22i~n9yb",":created_at":"2026-05-10T15:04:56.433Z",":updated_at":"2026-05-10T15:04:56.433Z","active_licenses":"LLP","permit_number":"1469","ban":"0111067","permit_status":"Active","poe_class_code":null,"license_type":"Limited Live Performance","dba_name":"Comstock Saloon","street_address":"155 COLUMBUS AVE","city":"San Francisco","state":"CA","analysis_neighborhood":"Chinatown","supervisor_district":"3","police_district":"CENTRAL","data_as_of":"2024-01-29T14:30:06.000","data_loaded_at":"2026-05-10T08:04:43.199"}},
{"type":"Feature","geometry":{"type":"Point","coordinates":[-122.404281982,37.798455981]},"properties":{":id":"row-6ftd_b5er~qt86",":version":"rv-tdtz.bg2v_4dvd",":created_at":"2026-05-10T15:04:56.433Z",":updated_at":"2026-05-10T15:04:56.433Z","active_licenses":"EHP","permit_number":"1471","ban":"0368286","permit_status":"Active","poe_class_code":null,"license_type":"Extended Hours Premises","dba_name":"Vanity Nightclub","street_address":"412 BROADWAY","city":"San Francisco","state":"CA","analysis_neighborhood":"North Beach","supervisor_district":"3","police_district":"CENTRAL","data_as_of":"2024-01-29T14:30:06.000","data_loaded_at":"2026-05-10T08:04:43.199"}},
{"type":"Feature","geometry":{"type":"Point","coordinates":[-122.420637,37.78893]},"properties":{":id":"row-gpyh.hp6r~8k8z",":version":"rv-7rjm~zpza~navg",":created_at":"2026-05-10T15:04:56.433Z",":updated_at":"2026-05-10T15:04:56.433Z","active_licenses":"LLP","permit_number":"1473","ban":"1092708","permit_status":"Active","poe_class_code":null,"license_type":"Limited Live Performance","dba_name":"El Lopo / The Pour House","street_address":"1327 POLK ST","city":"San Francisco","state":"CA","analysis_neighborhood":"Nob Hill","supervisor_district":"3","police_district":"NORTHERN","data_as_of":"2024-01-29T14:30:06.000","data_loaded_at":"2026-05-10T08:04:43.199"}},
{"type":"Feature","geometry":{"type":"Point","coordinates":[-122.461434,37.78146]},"properties":{":id":"row-k9ci-sjfk~8xvc",":version":"rv-wgji-7vgn~kwv2",":created_at":"2026-05-10T15:04:56.433Z",":updated_at":"2026-05-10T15:04:56.433Z","active_licenses":"POE, MAD","permit_number":"1474","ban":"1095941","permit_status":"Active","poe_class_code":"P23","license_type":"Place of Entertainment, Mechanical Amusement Device","dba_name":"3910 Lounge","street_address":"3910 GEARY BLVD","city":"San Francisco","state":"CA","analysis_neighborhood":"Inner Richmond","supervisor_district":"1","police_district":"RICHMOND","data_as_of":"2024-01-29T14:30:06.000","data_loaded_at":"2026-05-10T08:04:43.199"}},
{"type":"Feature","geometry":{"type":"Point","coordinates":[-122.4125235,37.789497]},"properties":{":id":"row-498e_ayng~achd",":version":"rv-vtjd-byjf-63dh",":created_at":"2026-05-10T15:04:56.433Z",":updated_at":"2026-05-10T15:04:56.433Z","active_licenses":"BP","permit_number":"1477","ban":"1097099","permit_status":"Active","poe_class_code":null,"license_type":"Billiard or Pool Tables","dba_name":"Peacekeeper","street_address":"925 BUSH ST","city":"San Francisco","state":"CA","analysis_neighborhood":"Nob Hill","supervisor_district":"3","police_district":"CENTRAL","data_as_of":"2024-01-29T14:30:06.000","data_loaded_at":"2026-05-10T08:04:43.199"}},
{"type":"Feature","geometry":{"type":"Point","coordinates":[-122.3893935,37.754253]},"properties":{":id":"row-6ydv-rfub-njvy",":version":"rv-9jpx~df2d~zbrm",":created_at":"2026-05-10T15:04:56.433Z",":updated_at":"2026-05-10T15:04:56.433Z","active_licenses":"LLP","permit_number":"1479","ban":"1010389","permit_status":"Active","poe_class_code":null,"license_type":"Limited Live Performance","dba_name":"Minnesota Street Project","street_address":"1275 MINNESOTA ST","city":"San Francisco","state":"CA","analysis_neighborhood":"Potrero Hill","supervisor_district":"10","police_district":"BAYVIEW","data_as_of":"2024-01-29T14:30:06.000","data_loaded_at":"2026-05-10T08:04:43.199"}},
{"type":"Feature","geometry":{"type":"Point","coordinates":[-122.4170145,37.784016]},"properties":{":id":"row-tu4s_xncy_756w",":version":"rv-f23e-y6ru-drd6",":created_at":"2026-05-10T15:04:56.433Z",":updated_at":"2026-05-10T15:04:56.433Z","active_licenses":"LLP","permit_number":"1480","ban":"0397690","permit_status":"Active","poe_class_code":null,"license_type":"Limited Live Performance","dba_name":"Cova Hotel","street_address":"655 ELLIS ST","city":"San Francisco","state":"CA","analysis_neighborhood":"Tenderloin","supervisor_district":"5","police_district":"TENDERLOIN","data_as_of":"2024-01-29T14:30:06.000","data_loaded_at":"2026-05-10T08:04:43.199"}},
{"type":"Feature","geometry":{"type":"Point","coordinates":[-122.4182745,37.786275]},"properties":{":id":"row-i5k2_h5p8.bm9b",":version":"rv-rb4a_s5jx-98h3",":created_at":"2026-05-10T15:04:56.433Z",":updated_at":"2026-05-10T15:04:56.433Z","active_licenses":"POE, EHP","permit_number":"1481","ban":"450957","permit_status":"Active","poe_class_code":"P23","license_type":"Place of Entertainment, Extended Hours Premises","dba_name":"House of Thai","street_address":"901 LARKIN ST","city":"San Francisco","state":"CA","analysis_neighborhood":"Tenderloin","supervisor_district":"3","police_district":"NORTHERN","data_as_of":"2024-01-29T14:30:06.000","data_loaded_at":"2026-05-10T08:04:43.199"}},
{"type":"Feature","geometry":{"type":"Point","coordinates":[-122.3908695,37.779147]},"properties":{":id":"row-2t8k-2yud-aqzv",":version":"rv-348q-6mej~rdiz",":created_at":"2026-05-10T15:04:56.433Z",":updated_at":"2026-05-10T15:04:56.433Z","active_licenses":"LLP","permit_number":"1482","ban":"1017781","permit_status":"Active","poe_class_code":null,"license_type":"Limited Live Performance","dba_name":"Hotel Via","street_address":"138 KING ST","city":"San Francisco","state":"CA","analysis_neighborhood":"Mission Bay","supervisor_district":"6","police_district":"SOUTHERN","data_as_of":"2026-01-05T21:32:21.000","data_loaded_at":"2026-05-10T08:04:43.199"}},
{"type":"Feature","geometry":{"type":"Point","coordinates":[-122.421393,37.762506]},"properties":{":id":"row-fczx-dn68~ss57",":version":"rv-cpkx.mvke-nref",":created_at":"2026-05-10T15:04:56.433Z",":updated_at":"2026-05-10T15:04:56.433Z","active_licenses":"POE, MAD","permit_number":"1485","ban":"1096001","permit_status":"Active","poe_class_code":"P23","license_type":"Place of Entertainment, Mechanical Amusement Device","dba_name":"The Valencia Room","street_address":"647 VALENCIA ST","city":"San Francisco","state":"CA","analysis_neighborhood":"Mission","supervisor_district":"9","police_district":"MISSION","data_as_of":"2024-01-29T14:30:06.000","data_loaded_at":"2026-05-10T08:04:43.199"}},
{"type":"Feature","geometry":{"type":"Point","coordinates":[-122.481207,37.783827]},"properties":{":id":"row-sv2m-d9ju_7sqx",":version":"rv-ep9h-fa9b.xbyt",":created_at":"2026-05-10T15:04:56.433Z",":updated_at":"2026-05-10T15:04:56.433Z","active_licenses":"LLP","permit_number":"1487","ban":"1091951","permit_status":"Active","poe_class_code":null,"license_type":"Limited Live Performance","dba_name":"Bazaar Café","street_address":"5927 CALIFORNIA ST","city":"San Francisco","state":"CA","analysis_neighborhood":"Outer Richmond","supervisor_district":"1","police_district":"RICHMOND","data_as_of":"2024-01-29T14:30:06.000","data_loaded_at":"2026-05-10T08:04:43.199"}},
{"type":"Feature","geometry":{"type":"Point","coordinates":[-122.3970435,37.764621]},"properties":{":id":"row-kgih-ijvz_yhqg",":version":"rv-guim~c6bm-k662",":created_at":"2026-05-10T15:04:56.433Z",":updated_at":"2026-05-10T15:04:56.433Z","active_licenses":"POE","permit_number":"1490","ban":"0484699","permit_status":"Active","poe_class_code":"P23","license_type":"Place of Entertainment","dba_name":"Monte Cristo Club","street_address":"136 MISSOURI ST","city":"San Francisco","state":"CA","analysis_neighborhood":"Potrero Hill","supervisor_district":"10","police_district":"BAYVIEW","data_as_of":"2025-09-26T13:53:04.000","data_loaded_at":"2026-05-10T08:04:43.199"}},
{"type":"Feature","geometry":{"type":"Point","coordinates":[-122.396236026,37.795534007]},"properties":{":id":"row-xep2_ab7r.7r36",":version":"rv-jg9n-mpjp-bqu7",":created_at":"2026-05-10T15:04:56.433Z",":updated_at":"2026-05-10T15:04:56.433Z","active_licenses":"LLP","permit_number":"1491","ban":"1092524","permit_status":"Active","poe_class_code":null,"license_type":"Limited Live Performance","dba_name":"Harborview Restaurant & Bar","street_address":"4 EMBARCADERO CTR","city":"San Francisco","state":"CA","analysis_neighborhood":"Financial District/South Beach","supervisor_district":"3","police_district":"CENTRAL","data_as_of":"2024-01-29T14:30:06.000","data_loaded_at":"2026-05-10T08:04:43.199"}},
{"type":"Feature","geometry":{"type":"Point","coordinates":[-122.4194805,37.768446]},"properties":{":id":"row-vz94.kytx_t5c4",":version":"rv-zgpb~3vx8~95uw",":created_at":"2026-05-10T15:04:56.433Z",":updated_at":"2026-05-10T15:04:56.433Z","active_licenses":"LLP","permit_number":"1493","ban":"1071108","permit_status":"Active","poe_class_code":null,"license_type":"Limited Live Performance","dba_name":"Standard Deviant Brewing","street_address":"280 14TH ST","city":"San Francisco","state":"CA","analysis_neighborhood":"Mission","supervisor_district":"9","police_district":"MISSION","data_as_of":"2024-01-29T14:30:06.000","data_loaded_at":"2026-05-10T08:04:43.199"}},
{"type":"Feature","geometry":{"type":"Point","coordinates":[-122.416146,37.739232]},"properties":{":id":"row-g3sf-e6xx_rt5b",":version":"rv-au9n.3y2c-gee9",":created_at":"2026-05-10T15:04:56.433Z",":updated_at":"2026-05-10T15:04:56.433Z","active_licenses":"POE","permit_number":"1494","ban":"0370349","permit_status":"Active","poe_class_code":"P23","license_type":"Place of Entertainment","dba_name":"Bernal Heights Neighborhood Center","street_address":"515 CORTLAND AVE","city":"San Francisco","state":"CA","analysis_neighborhood":"Bernal Heights","supervisor_district":"9","police_district":"INGLESIDE","data_as_of":"2025-10-14T20:14:45.000","data_loaded_at":"2026-05-10T08:04:43.199"}},
{"type":"Feature","geometry":{"type":"Point","coordinates":[-122.410152,37.787301]},"properties":{":id":"row-55d2~ighi~tedd",":version":"rv-pfwd_rneh_rnde",":created_at":"2026-05-10T15:04:56.433Z",":updated_at":"2026-05-10T15:04:56.433Z","active_licenses":"POE","permit_number":"1495","ban":"0939962","permit_status":"Active","poe_class_code":"P23","license_type":"Place of Entertainment","dba_name":"Biscuits and Blues","street_address":"401 MASON ST","city":"San Francisco","state":"CA","analysis_neighborhood":"Tenderloin","supervisor_district":"3","police_district":"CENTRAL","data_as_of":"2024-01-29T14:30:06.000","data_loaded_at":"2026-05-10T08:04:43.199"}},
{"type":"Feature","geometry":{"type":"Point","coordinates":[-122.4388485,37.722015]},"properties":{":id":"row-zj27_n9j2_fmqj",":version":"rv-24y7.t7jq-uzed",":created_at":"2026-05-10T15:04:56.433Z",":updated_at":"2026-05-10T15:04:56.433Z","active_licenses":"POE","permit_number":"1497","ban":"0401848","permit_status":"Active","poe_class_code":"P23","license_type":"Place of Entertainment","dba_name":"Croatian Cultural Center of SF","street_address":"60 ONONDAGA AVE","city":"San Francisco","state":"CA","analysis_neighborhood":"Outer Mission","supervisor_district":"11","police_district":"INGLESIDE","data_as_of":"2024-01-29T14:30:06.000","data_loaded_at":"2026-05-10T08:04:43.199"}},
{"type":"Feature","geometry":{"type":"Point","coordinates":[-122.39581802,37.794342981]},"properties":{":id":"row-8at6~4brq-pf47",":version":"rv-xtdm.efzf_8fbw",":created_at":"2026-05-10T15:04:56.433Z",":updated_at":"2026-05-10T15:04:56.433Z","active_licenses":"POE","permit_number":"1498","ban":"0369914","permit_status":"Active","poe_class_code":"P23","license_type":"Place of Entertainment","dba_name":"Hyatt Regency - San Francisco","street_address":"5 EMBARCADERO CTR","city":"San Francisco","state":"CA","analysis_neighborhood":"Financial District/South Beach","supervisor_district":"3","police_district":"CENTRAL","data_as_of":"2024-01-29T14:30:06.000","data_loaded_at":"2026-05-10T08:04:43.199"}},
{"type":"Feature","geometry":{"type":"Point","coordinates":[-122.461434,37.781325]},"properties":{":id":"row-uiff.ibf7_r6x7",":version":"rv-vrjr.4k7r_7g6t",":created_at":"2026-05-10T15:04:56.433Z",":updated_at":"2026-05-10T15:04:56.433Z","active_licenses":"POE","permit_number":"1499","ban":"0422654","permit_status":"Active","poe_class_code":"P23","license_type":"Place of Entertainment","dba_name":"Ireland's 32","street_address":"3920 GEARY BLVD","city":"San Francisco","state":"CA","analysis_neighborhood":"Inner Richmond","supervisor_district":"1","police_district":"RICHMOND","data_as_of":"2024-01-29T14:30:06.000","data_loaded_at":"2026-05-10T08:04:43.199"}},
{"type":"Feature","geometry":{"type":"Point","coordinates":[-122.46669,37.763775]},"properties":{":id":"row-uip7_ehg8-4ibf",":version":"rv-8kji.bvzk~jktn",":created_at":"2026-05-10T15:04:56.433Z",":updated_at":"2026-05-10T15:04:56.433Z","active_licenses":"POE, BP","permit_number":"150","ban":"0948065","permit_status":"Active","poe_class_code":"P23","license_type":"Place of Entertainment, Billiard or Pool Tables","dba_name":"MUCKY DUCK","street_address":"1315 9TH AVE","city":"San Francisco","state":"CA","analysis_neighborhood":"Inner Sunset","supervisor_district":"7","police_district":"TARAVAL","data_as_of":"2024-01-29T14:30:06.000","data_loaded_at":"2026-05-10T08:04:43.199"}},
{"type":"Feature","geometry":{"type":"Point","coordinates":[-122.4171855,37.73889]},"properties":{":id":"row-8jpq_nm3r.25rq",":version":"rv-pspa.xs3v_3g9j",":created_at":"2026-05-10T15:04:56.433Z",":updated_at":"2026-05-10T15:04:56.433Z","active_licenses":"MAD, BP","permit_number":"1501","ban":"1100047","permit_status":"Active","poe_class_code":null,"license_type":"Mechanical Amusement Device, Billiard or Pool Tables","dba_name":"Wild Side West","street_address":"424 CORTLAND AVE","city":"San Francisco","state":"CA","analysis_neighborhood":"Bernal Heights","supervisor_district":"9","police_district":"INGLESIDE","data_as_of":"2024-01-29T14:30:06.000","data_loaded_at":"2026-05-10T08:04:43.199"}},
{"type":"Feature","geometry":{"type":"Point","coordinates":[-122.409135,37.800882]},"properties":{":id":"row-aj74-gif3~vcvm",":version":"rv-f6vd-k6r3-cytp",":created_at":"2026-05-10T15:04:56.433Z",":updated_at":"2026-05-10T15:04:56.433Z","active_licenses":"POE","permit_number":"1502","ban":"0357470","permit_status":"Active","poe_class_code":"P23","license_type":"Place of Entertainment","dba_name":"S F ITALIAN ATHLETIC CLUB","street_address":"1630 STOCKTON ST","city":"San Francisco","state":"CA","analysis_neighborhood":"North Beach","supervisor_district":"3","police_district":"CENTRAL","data_as_of":"2025-09-26T13:54:42.000","data_loaded_at":"2026-05-10T08:04:43.199"}},
{"type":"Feature","geometry":{"type":"Point","coordinates":[-122.397822,37.782063]},"properties":{":id":"row-7m98~nsiy.pi4x",":version":"rv-es28~nf3j~j52g",":created_at":"2026-05-10T15:04:56.433Z",":updated_at":"2026-05-10T15:04:56.433Z","active_licenses":"POE, EHP","permit_number":"1503","ban":"0385740","permit_status":"Active","poe_class_code":"P23","license_type":"Place of Entertainment, Extended Hours Premises","dba_name":"CITY NIGHTS","street_address":"715 HARRISON ST","city":"San Francisco","state":"CA","analysis_neighborhood":"South of Market","supervisor_district":"6","police_district":"SOUTHERN","data_as_of":"2025-03-28T15:06:35.000","data_loaded_at":"2026-05-10T08:04:43.199"}},
{"type":"Feature","geometry":{"type":"Point","coordinates":[-122.422113,37.77003]},"properties":{":id":"row-hjdd-biyd_fs6j",":version":"rv-82zb-q8wi~brry",":created_at":"2026-05-10T15:04:56.433Z",":updated_at":"2026-05-10T15:04:56.433Z","active_licenses":"MAD, BP","permit_number":"1506","ban":"0324889","permit_status":"Active","poe_class_code":null,"license_type":"Mechanical Amusement Device, Billiard or Pool Tables","dba_name":"Zeitgeist","street_address":"199 VALENCIA ST","city":"San Francisco","state":"CA","analysis_neighborhood":"Mission","supervisor_district":"9","police_district":"SOUTHERN","data_as_of":"2024-01-29T14:30:06.000","data_loaded_at":"2026-05-10T08:04:43.199"}},
{"type":"Feature","geometry":{"type":"Point","coordinates":[-122.414715,37.806921]},"properties":{":id":"row-hyxx.iaw6_kjcr",":version":"rv-6qj5-u3ds-5sf7",":created_at":"2026-05-10T15:04:56.433Z",":updated_at":"2026-05-10T15:04:56.433Z","active_licenses":"POE","permit_number":"1510","ban":"0488301","permit_status":"Active","poe_class_code":"P23","license_type":"Place of Entertainment","dba_name":"Bay Area Longshoremen's Hall","street_address":"400 NORTH POINT ST","city":"San Francisco","state":"CA","analysis_neighborhood":"North Beach","supervisor_district":"3","police_district":"CENTRAL","data_as_of":"2024-01-29T14:30:06.000","data_loaded_at":"2026-05-10T08:04:43.199"}},
{"type":"Feature","geometry":{"type":"Point","coordinates":[-122.396222304,37.795040654]},"properties":{":id":"row-shuz.geeu-ace7",":version":"rv-gep4_dkj6~xtt3",":created_at":"2026-05-10T15:04:56.433Z",":updated_at":"2026-05-10T15:04:56.433Z","active_licenses":"POE","permit_number":"1513","ban":"0324628","permit_status":"Active","poe_class_code":"P23","license_type":"Place of Entertainment","dba_name":"HARD ROCK CAFE","street_address":"39 PIER","city":"San Francisco","state":"CA","analysis_neighborhood":"Financial District/South Beach","supervisor_district":"3","police_district":"CENTRAL","data_as_of":"2024-01-29T14:30:06.000","data_loaded_at":"2026-05-10T08:04:43.199"}},
{"type":"Feature","geometry":null,"properties":{":id":"row-a6bu-4ydp_7v7h",":version":"rv-dxqq~mhh8_my59",":created_at":"2026-05-10T15:04:56.433Z",":updated_at":"2026-05-10T15:04:56.433Z","active_licenses":"MAD","permit_number":"1514","ban":"0134493","permit_status":"Active","poe_class_code":null,"license_type":"Mechanical Amusement Device","dba_name":"PIER 39","street_address":null,"city":"San Francisco","state":"CA","analysis_neighborhood":null,"supervisor_district":null,"police_district":null,"data_as_of":"2024-01-29T14:30:06.000","data_loaded_at":"2026-05-10T08:04:43.199"}},
{"type":"Feature","geometry":{"type":"Point","coordinates":[-122.399660033,37.794666983]},"properties":{":id":"row-5i2g.edw8-nihh",":version":"rv-fa9t_ux77~r2kc",":created_at":"2026-05-10T15:04:56.433Z",":updated_at":"2026-05-10T15:04:56.433Z","active_licenses":"EHP","permit_number":"1515","ban":"0486963","permit_status":"Active","poe_class_code":null,"license_type":"Extended Hours Premises","dba_name":"PORT OF SAN FRANCISCO","street_address":"1 PIER","city":"San Francisco","state":"CA","analysis_neighborhood":"Financial District/South Beach","supervisor_district":"3","police_district":"CENTRAL","data_as_of":"2024-01-29T14:30:06.000","data_loaded_at":"2026-05-10T08:04:43.199"}},
{"type":"Feature","geometry":{"type":"Point","coordinates":[-122.399660033,37.794666983]},"properties":{":id":"row-6h45~fvj7~swpb",":version":"rv-vmf5_v5qy-azsd",":created_at":"2026-05-10T15:04:56.433Z",":updated_at":"2026-05-10T15:04:56.433Z","active_licenses":"POE","permit_number":"1516","ban":"0486963","permit_status":"Active","poe_class_code":"P23","license_type":"Place of Entertainment","dba_name":"PORT OF SAN FRANCISCO","street_address":"1 PIER","city":"San Francisco","state":"CA","analysis_neighborhood":"Financial District/South Beach","supervisor_district":"3","police_district":"CENTRAL","data_as_of":"2024-01-29T14:30:06.000","data_loaded_at":"2026-05-10T08:04:43.199"}},
{"type":"Feature","geometry":{"type":"Point","coordinates":[-122.431383,37.772217]},"properties":{":id":"row-3nes~8dxg-b5bm",":version":"rv-q555.x7fb-vcci",":created_at":"2026-05-10T15:04:56.433Z",":updated_at":"2026-05-10T15:04:56.433Z","active_licenses":"POE","permit_number":"1517","ban":"0307402","permit_status":"Active","poe_class_code":"P23","license_type":"Place of Entertainment","dba_name":"UNITY MUTUAL BENEFIT ASSOC.  / Peacock Lounge","street_address":"548 HAIGHT ST","city":"San Francisco","state":"CA","analysis_neighborhood":"Hayes Valley","supervisor_district":"5","police_district":"NORTHERN","data_as_of":"2025-04-14T13:10:20.000","data_loaded_at":"2026-05-10T08:04:43.199"}},
{"type":"Feature","geometry":{"type":"Point","coordinates":[-122.392908,37.779291]},"properties":{":id":"row-nptb.w362.b7qv",":version":"rv-ncpe~wusi.p9ac",":created_at":"2026-05-10T15:04:56.433Z",":updated_at":"2026-05-10T15:04:56.433Z","active_licenses":"LLP","permit_number":"1519","ban":"472585","permit_status":"Active","poe_class_code":null,"license_type":"Limited Live Performance","dba_name":"Alchemist and Woodbury","street_address":"685 3RD ST","city":"San Francisco","state":"CA","analysis_neighborhood":"Financial District/South Beach","supervisor_district":"6","police_district":"SOUTHERN","data_as_of":"2024-01-29T14:30:06.000","data_loaded_at":"2026-05-10T08:04:43.199"}},
{"type":"Feature","geometry":{"type":"Point","coordinates":[-122.396427,37.764927]},"properties":{":id":"row-w37g_7v3y.w7cn",":version":"rv-4yck~pujm-88eb",":created_at":"2026-05-10T15:04:56.433Z",":updated_at":"2026-05-10T15:04:56.433Z","active_licenses":"POE","permit_number":"152","ban":"0414825","permit_status":"Active","poe_class_code":"P23","license_type":"Place of Entertainment","dba_name":"Bottom of the Hill","street_address":"1233 17TH ST","city":"San Francisco","state":"CA","analysis_neighborhood":"Potrero Hill","supervisor_district":"10","police_district":"BAYVIEW","data_as_of":"2024-01-29T14:30:06.000","data_loaded_at":"2026-05-10T08:04:43.199"}},
{"type":"Feature","geometry":{"type":"Point","coordinates":[-122.429997,37.785672]},"properties":{":id":"row-ndw9-8bdv.8xxb",":version":"rv-nj2a-hnt7-adsv",":created_at":"2026-05-10T15:04:56.433Z",":updated_at":"2026-05-10T15:04:56.433Z","active_licenses":"POE","permit_number":"1520","ban":"1100370","permit_status":"Active","poe_class_code":"P23","license_type":"Place of Entertainment","dba_name":"Dimples Cocktail Lounge","street_address":"1700 POST ST","city":"San Francisco","state":"CA","analysis_neighborhood":"Japantown","supervisor_district":"5","police_district":"NORTHERN","data_as_of":"2024-01-29T14:30:06.000","data_loaded_at":"2026-05-10T08:04:43.199"}},
{"type":"Feature","geometry":{"type":"Point","coordinates":[-122.4164745,37.807848]},"properties":{":id":"row-9x2j~248i.rjby",":version":"rv-udrt_myq6_hkvz",":created_at":"2026-05-10T15:04:56.433Z",":updated_at":"2026-05-10T15:04:56.433Z","active_licenses":"LLP","permit_number":"1522","ban":"1088893","permit_status":"Active","poe_class_code":null,"license_type":"Limited Live Performance","dba_name":"Supreme Crab","street_address":"245 JEFFERSON ST","city":"San Francisco","state":"CA","analysis_neighborhood":"North Beach","supervisor_district":"3","police_district":"CENTRAL","data_as_of":"2024-01-29T14:30:06.000","data_loaded_at":"2026-05-10T08:04:43.199"}},
{"type":"Feature","geometry":{"type":"Point","coordinates":[-122.4187425,37.760382]},"properties":{":id":"row-6s79.xmcn-mq8z",":version":"rv-97z9-i46i.9nbx",":created_at":"2026-05-10T15:04:56.433Z",":updated_at":"2026-05-10T15:04:56.433Z","active_licenses":"POE","permit_number":"1524","ban":"1101325","permit_status":"Active","poe_class_code":"P23","license_type":"Place of Entertainment","dba_name":"Kimbara","street_address":"3380 19TH ST","city":"San Francisco","state":"CA","analysis_neighborhood":"Mission","supervisor_district":"9","police_district":"MISSION","data_as_of":"2024-01-29T14:30:06.000","data_loaded_at":"2026-05-10T08:04:43.199"}},
{"type":"Feature","geometry":{"type":"Point","coordinates":[-122.4244035,37.735461]},"properties":{":id":"row-eunm_8brz~hufa",":version":"rv-9zue~8kuq.s5n9",":created_at":"2026-05-10T15:04:56.433Z",":updated_at":"2026-05-10T15:04:56.433Z","active_licenses":"LLP, BP","permit_number":"1526","ban":"454590","permit_status":"Active","poe_class_code":null,"license_type":"Limited Live Performance, Billiard or Pool Tables","dba_name":"St. Mary's Pub","street_address":"3845 MISSION ST","city":"San Francisco","state":"CA","analysis_neighborhood":"Bernal Heights","supervisor_district":"9","police_district":"INGLESIDE","data_as_of":"2024-01-29T14:30:06.000","data_loaded_at":"2026-05-10T08:04:43.199"}},
{"type":"Feature","geometry":{"type":"Point","coordinates":[-122.427585,37.751598]},"properties":{":id":"row-ux7m.swdj~knw5",":version":"rv-28sj~ajbv_it55",":created_at":"2026-05-10T15:04:56.433Z",":updated_at":"2026-05-10T15:04:56.433Z","active_licenses":"EHP","permit_number":"1527","ban":"1083011","permit_status":"Active","poe_class_code":null,"license_type":"Extended Hours Premises","dba_name":"Happy Donuts","street_address":"3801 24TH ST","city":"San Francisco","state":"CA","analysis_neighborhood":"Noe Valley","supervisor_district":"8","police_district":"MISSION","data_as_of":"2024-01-29T14:30:06.000","data_loaded_at":"2026-05-10T08:04:43.199"}},
{"type":"Feature","geometry":{"type":"Point","coordinates":[-122.417613,37.785978]},"properties":{":id":"row-zykf-u9j2-k3hv",":version":"rv-7wyj~hua5.3hjt",":created_at":"2026-05-10T15:04:56.433Z",":updated_at":"2026-05-10T15:04:56.433Z","active_licenses":"BP","permit_number":"1528","ban":"1017344","permit_status":"Active","poe_class_code":null,"license_type":"Billiard or Pool Tables","dba_name":"Ha-Ra Club","street_address":"875 GEARY ST","city":"San Francisco","state":"CA","analysis_neighborhood":"Tenderloin","supervisor_district":"5","police_district":"TENDERLOIN","data_as_of":"2025-06-25T16:33:08.000","data_loaded_at":"2026-05-10T08:04:43.199"}},
{"type":"Feature","geometry":{"type":"Point","coordinates":[-122.431653,37.797345]},"properties":{":id":"row-x5mw.cdrk~2h2k",":version":"rv-egvw_954y~r5s6",":created_at":"2026-05-10T15:04:56.433Z",":updated_at":"2026-05-10T15:04:56.433Z","active_licenses":"LLP, BP","permit_number":"1529","ban":"1016839","permit_status":"Active","poe_class_code":null,"license_type":"Limited Live Performance, Billiard or Pool Tables","dba_name":"The Blue Light","street_address":"1979 UNION ST","city":"San Francisco","state":"CA","analysis_neighborhood":"Marina","supervisor_district":"2","police_district":"NORTHERN","data_as_of":"2024-01-29T14:30:06.000","data_loaded_at":"2026-05-10T08:04:43.199"}},
{"type":"Feature","geometry":{"type":"Point","coordinates":[-122.412447,37.781379]},"properties":{":id":"row-9cnc-7p9x.8m9a",":version":"rv-z2mh-ua77-5x8k",":created_at":"2026-05-10T15:04:56.433Z",":updated_at":"2026-05-10T15:04:56.433Z","active_licenses":"POE","permit_number":"1533","ban":"0435423","permit_status":"Active","poe_class_code":"P23","license_type":"Place of Entertainment","dba_name":"The Hibernia","street_address":"1 JONES ST","city":"San Francisco","state":"CA","analysis_neighborhood":"Tenderloin","supervisor_district":"5","police_district":"TENDERLOIN","data_as_of":"2026-01-05T21:16:55.000","data_loaded_at":"2026-05-10T08:04:43.199"}},
{"type":"Feature","geometry":{"type":"Point","coordinates":[-122.408757,37.759473]},"properties":{":id":"row-x348-ffnq_8d2f",":version":"rv-wn49.5gd6-2mct",":created_at":"2026-05-10T15:04:56.433Z",":updated_at":"2026-05-10T15:04:56.433Z","active_licenses":"BP","permit_number":"1534","ban":"1103531","permit_status":"Active","poe_class_code":null,"license_type":"Billiard or Pool Tables","dba_name":"Lost Resort","street_address":"2736 20TH ST","city":"San Francisco","state":"CA","analysis_neighborhood":"Mission","supervisor_district":"9","police_district":"MISSION","data_as_of":"2024-01-29T14:30:06.000","data_loaded_at":"2026-05-10T08:04:43.199"}},
{"type":"Feature","geometry":{"type":"Point","coordinates":[-122.422113,37.77003]},"properties":{":id":"row-5wxv.kaw2-jfhm",":version":"rv-ttfq_u2qy-k396",":created_at":"2026-05-10T15:04:56.433Z",":updated_at":"2026-05-10T15:04:56.433Z","active_licenses":"LLP","permit_number":"1538","ban":"324889","permit_status":"Active","poe_class_code":null,"license_type":"Limited Live Performance","dba_name":"Zeitgeist","street_address":"199 VALENCIA ST","city":"San Francisco","state":"CA","analysis_neighborhood":"Mission","supervisor_district":"9","police_district":"SOUTHERN","data_as_of":"2024-01-29T14:30:06.000","data_loaded_at":"2026-05-10T08:04:43.199"}},
{"type":"Feature","geometry":{"type":"Point","coordinates":[-122.424336,37.773999]},"properties":{":id":"row-ngcs-u28m_xcsh",":version":"rv-nuv8-8tzg~hzhf",":created_at":"2026-05-10T15:04:56.433Z",":updated_at":"2026-05-10T15:04:56.433Z","active_licenses":"LLP","permit_number":"1539","ban":"0429796","permit_status":"Active","poe_class_code":null,"license_type":"Limited Live Performance","dba_name":"MERCURY CAFE","street_address":"201 OCTAVIA ST","city":"San Francisco","state":"CA","analysis_neighborhood":"Hayes Valley","supervisor_district":"5","police_district":"NORTHERN","data_as_of":"2026-01-05T21:33:56.000","data_loaded_at":"2026-05-10T08:04:43.199"}},
{"type":"Feature","geometry":{"type":"Point","coordinates":[-122.4030825,37.795905]},"properties":{":id":"row-2i46-66tr-cgj7",":version":"rv-zqi3.ing7-3j68",":created_at":"2026-05-10T15:04:56.433Z",":updated_at":"2026-05-10T15:04:56.433Z","active_licenses":"POE","permit_number":"154","ban":"0367892","permit_status":"Active","poe_class_code":"P23","license_type":"Place of Entertainment","dba_name":"Barbarossa","street_address":"714 MONTGOMERY ST","city":"San Francisco","state":"CA","analysis_neighborhood":"Chinatown","supervisor_district":"3","police_district":"CENTRAL","data_as_of":"2024-01-29T14:30:06.000","data_loaded_at":"2026-05-10T08:04:43.199"}},
{"type":"Feature","geometry":{"type":"Point","coordinates":[-122.435487,37.800252]},"properties":{":id":"row-jmvp.u3gf-kred",":version":"rv-czwe_9kcu-qxrh",":created_at":"2026-05-10T15:04:56.433Z",":updated_at":"2026-05-10T15:04:56.433Z","active_licenses":"POE, MAD, BP","permit_number":"1540","ban":"1101267","permit_status":"Active","poe_class_code":"P23","license_type":"Place of Entertainment, Mechanical Amusement Device, Billiard or Pool Tables","dba_name":"Westwood","street_address":"2036 LOMBARD ST","city":"San Francisco","state":"CA","analysis_neighborhood":"Marina","supervisor_district":"2","police_district":"NORTHERN","data_as_of":"2024-01-29T14:30:06.000","data_loaded_at":"2026-05-10T08:04:43.199"}},
{"type":"Feature","geometry":{"type":"Point","coordinates":[-122.458275,37.775376]},"properties":{":id":"row-unih-r8eb-ayie",":version":"rv-vpwe.fy4i-fndq",":created_at":"2026-05-10T15:04:56.433Z",":updated_at":"2026-05-10T15:04:56.433Z","active_licenses":"LLP","permit_number":"1541","ban":"1097980","permit_status":"Active","poe_class_code":null,"license_type":"Limited Live Performance","dba_name":"Velo Rouge Café","street_address":"798 ARGUELLO BLVD","city":"San Francisco","state":"CA","analysis_neighborhood":"Lone Mountain/USF","supervisor_district":"1","police_district":"RICHMOND","data_as_of":"2024-01-29T14:30:06.000","data_loaded_at":"2026-05-10T08:04:43.199"}},
{"type":"Feature","geometry":{"type":"Point","coordinates":[-122.410683,37.792179]},"properties":{":id":"row-82k2_xy7w.95s8",":version":"rv-jjsm~gy47_c5qs",":created_at":"2026-05-10T15:04:56.433Z",":updated_at":"2026-05-10T15:04:56.433Z","active_licenses":"POE, EHP","permit_number":"1542","ban":"1021268","permit_status":"Active","poe_class_code":"P23","license_type":"Place of Entertainment, Extended Hours Premises","dba_name":"FAIRMONT HOTEL / The Laurel Court Bar","street_address":"950 MASON ST","city":"San Francisco","state":"CA","analysis_neighborhood":"Nob Hill","supervisor_district":"3","police_district":"CENTRAL","data_as_of":"2024-01-29T14:30:06.000","data_loaded_at":"2026-05-10T08:04:43.199"}},
{"type":"Feature","geometry":{"type":"Point","coordinates":[-122.414805,37.77795]},"properties":{":id":"row-sy8f.mh26~ngi4",":version":"rv-9cmi_6ftu.ntdb",":created_at":"2026-05-10T15:04:56.433Z",":updated_at":"2026-05-10T15:04:56.433Z","active_licenses":"POE","permit_number":"1543","ban":"1093823","permit_status":"Active","poe_class_code":"P23","license_type":"Place of Entertainment","dba_name":"Hotel Whitcomb","street_address":"1231 MARKET ST","city":"San Francisco","state":"CA","analysis_neighborhood":"South of Market","supervisor_district":"6","police_district":"SOUTHERN","data_as_of":"2024-01-29T14:30:06.000","data_loaded_at":"2026-05-10T08:04:43.199"}},
{"type":"Feature","geometry":{"type":"Point","coordinates":[-122.4147915,37.752669]},"properties":{":id":"row-p54n-p8sy-wvcr",":version":"rv-sizh-8rga_pbha",":created_at":"2026-05-10T15:04:56.433Z",":updated_at":"2026-05-10T15:04:56.433Z","active_licenses":"LLP","permit_number":"1545","ban":"0483348","permit_status":"Active","poe_class_code":null,"license_type":"Limited Live Performance","dba_name":"Adobe Books","street_address":"3130 24TH ST","city":"San Francisco","state":"CA","analysis_neighborhood":"Mission","supervisor_district":"9","police_district":"MISSION","data_as_of":"2024-01-29T14:30:06.000","data_loaded_at":"2026-05-10T08:04:43.199"}},
{"type":"Feature","geometry":{"type":"Point","coordinates":[-122.412213,37.752804]},"properties":{":id":"row-kddg_qw25-wih7",":version":"rv-26k8_iw7m-euf7",":created_at":"2026-05-10T15:04:56.433Z",":updated_at":"2026-05-10T15:04:56.433Z","active_licenses":"LLP","permit_number":"1546","ban":"1002098","permit_status":"Active","poe_class_code":null,"license_type":"Limited Live Performance","dba_name":"Temo's Café","street_address":"3000 24TH ST","city":"San Francisco","state":"CA","analysis_neighborhood":"Mission","supervisor_district":"9","police_district":"MISSION","data_as_of":"2024-01-29T14:30:06.000","data_loaded_at":"2026-05-10T08:04:43.199"}},
{"type":"Feature","geometry":{"type":"Point","coordinates":[-122.4179955,37.752489]},"properties":{":id":"row-p3e9.zicy~bc2b",":version":"rv-zqsm~ds2t.ndr5",":created_at":"2026-05-10T15:04:56.433Z",":updated_at":"2026-05-10T15:04:56.433Z","active_licenses":"LLP","permit_number":"1548","ban":"0121735","permit_status":"Active","poe_class_code":null,"license_type":"Limited Live Performance","dba_name":"Silverstone Café","street_address":"3278 24TH ST","city":"San Francisco","state":"CA","analysis_neighborhood":"Mission","supervisor_district":"9","police_district":"MISSION","data_as_of":"2024-01-29T14:30:06.000","data_loaded_at":"2026-05-10T08:04:43.199"}},
{"type":"Feature","geometry":{"type":"Point","coordinates":[-122.4222795,37.797093]},"properties":{":id":"row-q6q2.p5qa~5e8q",":version":"rv-nt7r-54t2_x5cb",":created_at":"2026-05-10T15:04:56.433Z",":updated_at":"2026-05-10T15:04:56.433Z","active_licenses":"LLP","permit_number":"1549","ban":"1106304","permit_status":"Active","poe_class_code":null,"license_type":"Limited Live Performance","dba_name":"Macondray","street_address":"2209 POLK ST","city":"San Francisco","state":"CA","analysis_neighborhood":"Russian Hill","supervisor_district":"3","police_district":"NORTHERN","data_as_of":"2025-03-28T15:06:35.000","data_loaded_at":"2026-05-10T08:04:43.199"}},
{"type":"Feature","geometry":{"type":"Point","coordinates":[-122.390226,37.779849]},"properties":{":id":"row-9nw4-3nvi.48e4",":version":"rv-jekk~c883-kq6t",":created_at":"2026-05-10T15:04:56.433Z",":updated_at":"2026-05-10T15:04:56.433Z","active_licenses":"POE","permit_number":"1551","ban":"0316853","permit_status":"Active","poe_class_code":"P23","license_type":"Place of Entertainment","dba_name":"MoMo's","street_address":"760 2ND ST","city":"San Francisco","state":"CA","analysis_neighborhood":"Mission Bay","supervisor_district":"6","police_district":"SOUTHERN","data_as_of":"2024-01-29T14:30:06.000","data_loaded_at":"2026-05-10T08:04:43.199"}},
{"type":"Feature","geometry":{"type":"Point","coordinates":[-122.4171045,37.765476]},"properties":{":id":"row-j6vi~7bcb-gnp8",":version":"rv-zcux-ei8y-nfzz",":created_at":"2026-05-10T15:04:56.433Z",":updated_at":"2026-05-10T15:04:56.433Z","active_licenses":"LLP","permit_number":"1554","ban":"485594","permit_status":"Active","poe_class_code":null,"license_type":"Limited Live Performance","dba_name":"Poc-Chuc Restaurant","street_address":"2886 16TH ST","city":"San Francisco","state":"CA","analysis_neighborhood":"Mission","supervisor_district":"9","police_district":"MISSION","data_as_of":"2024-01-29T14:30:06.000","data_loaded_at":"2026-05-10T08:04:43.199"}},
{"type":"Feature","geometry":{"type":"Point","coordinates":[-122.461434,37.781325]},"properties":{":id":"row-3ihi~dhq7~sz5y",":version":"rv-83cg-6pyh.vbvj",":created_at":"2026-05-10T15:04:56.433Z",":updated_at":"2026-05-10T15:04:56.433Z","active_licenses":"BP","permit_number":"1555","ban":"422654","permit_status":"Active","poe_class_code":null,"license_type":"Billiard or Pool Tables","dba_name":"Ireland's 32","street_address":"3920 GEARY BLVD","city":"San Francisco","state":"CA","analysis_neighborhood":"Inner Richmond","supervisor_district":"1","police_district":"RICHMOND","data_as_of":"2024-01-29T14:30:06.000","data_loaded_at":"2026-05-10T08:04:43.199"}},
{"type":"Feature","geometry":{"type":"Point","coordinates":[-122.4173385,37.755333]},"properties":{":id":"row-25d6-x4bj~uy86",":version":"rv-57ec~du86-6bdj",":created_at":"2026-05-10T15:04:56.433Z",":updated_at":"2026-05-10T15:04:56.433Z","active_licenses":"LLP","permit_number":"1559","ban":"1088231","permit_status":"Active","poe_class_code":null,"license_type":"Limited Live Performance","dba_name":"El Trebol","street_address":"3149 22ND ST","city":"San Francisco","state":"CA","analysis_neighborhood":"Mission","supervisor_district":"9","police_district":"MISSION","data_as_of":"2024-01-29T14:30:06.000","data_loaded_at":"2026-05-10T08:04:43.199"}},
{"type":"Feature","geometry":{"type":"Point","coordinates":[-122.385681,37.749285]},"properties":{":id":"row-d3ky-gzip_vqqp",":version":"rv-dxjk-7ym7-5qih",":created_at":"2026-05-10T15:04:56.433Z",":updated_at":"2026-05-10T15:04:56.433Z","active_licenses":"EHP","permit_number":"1563","ban":"1026767","permit_status":"Active","poe_class_code":null,"license_type":"Extended Hours Premises","dba_name":"The Midway","street_address":"900 MARIN ST","city":"San Francisco","state":"CA","analysis_neighborhood":"Bayview Hunters Point","supervisor_district":"10","police_district":"BAYVIEW","data_as_of":"2024-01-29T14:30:06.000","data_loaded_at":"2026-05-10T08:04:43.199"}},
{"type":"Feature","geometry":{"type":"Point","coordinates":[-122.409423,37.791864]},"properties":{":id":"row-e2qm~ptbc-iy5y",":version":"rv-4hfi.3jzy_cg4g",":created_at":"2026-05-10T15:04:56.433Z",":updated_at":"2026-05-10T15:04:56.433Z","active_licenses":"LLP","permit_number":"1564","ban":"1005997","permit_status":"Active","poe_class_code":null,"license_type":"Limited Live Performance","dba_name":"Stanford Court Hotel","street_address":"905 CALIFORNIA ST","city":"San Francisco","state":"CA","analysis_neighborhood":"Nob Hill","supervisor_district":"3","police_district":"CENTRAL","data_as_of":"2024-01-29T14:30:06.000","data_loaded_at":"2026-05-10T08:04:43.199"}},
{"type":"Feature","geometry":{"type":"Point","coordinates":[-122.475319875,37.743098939]},"properties":{":id":"row-exvw-2ubx~6ngh",":version":"rv-gxpt.arhs-9jp9",":created_at":"2026-05-10T15:04:56.433Z",":updated_at":"2026-05-10T15:04:56.433Z","active_licenses":"POE","permit_number":"1567","ban":"1109150","permit_status":"Active","poe_class_code":"P23","license_type":"Place of Entertainment","dba_name":"K-Time Karaoke","street_address":"870 TARAVAL ST","city":"San Francisco","state":"CA","analysis_neighborhood":"West of Twin Peaks","supervisor_district":"7","police_district":"TARAVAL","data_as_of":"2024-01-29T14:30:06.000","data_loaded_at":"2026-05-10T08:04:43.199"}},
{"type":"Feature","geometry":{"type":"Point","coordinates":[-122.4203985,37.769724]},"properties":{":id":"row-m3hv-m3cr.jcwr",":version":"rv-zw4j.aysv_kgbp",":created_at":"2026-05-10T15:04:56.433Z",":updated_at":"2026-05-10T15:04:56.433Z","active_licenses":"POE","permit_number":"1569","ban":"1109651","permit_status":"Active","poe_class_code":"P23","license_type":"Place of Entertainment","dba_name":"Brick and Mortar","street_address":"1710 MISSION ST","city":"San Francisco","state":"CA","analysis_neighborhood":"Mission","supervisor_district":"9","police_district":"MISSION","data_as_of":"2024-01-29T14:30:06.000","data_loaded_at":"2026-05-10T08:04:43.199"}},
{"type":"Feature","geometry":{"type":"Point","coordinates":[-122.41026,37.791414]},"properties":{":id":"row-xwq6.scg2-fe9t",":version":"rv-p74s.dibw-csvd",":created_at":"2026-05-10T15:04:56.433Z",":updated_at":"2026-05-10T15:04:56.433Z","active_licenses":"POE","permit_number":"1570","ban":"1064954","permit_status":"Active","poe_class_code":"P23","license_type":"Place of Entertainment","dba_name":"Intercontinental Mark Hopkins","street_address":"999 CALIFORNIA ST","city":"San Francisco","state":"CA","analysis_neighborhood":"Nob Hill","supervisor_district":"3","police_district":"CENTRAL","data_as_of":"2024-01-29T14:30:06.000","data_loaded_at":"2026-05-10T08:04:43.199"}},
{"type":"Feature","geometry":{"type":"Point","coordinates":[-122.414994,37.763838]},"properties":{":id":"row-5m2a~2bz3.d83q",":version":"rv-fb7t~78p3.qih5",":created_at":"2026-05-10T15:04:56.433Z",":updated_at":"2026-05-10T15:04:56.433Z","active_licenses":"POE","permit_number":"1573","ban":"197374","permit_status":"Active","poe_class_code":"P23","license_type":"Place of Entertainment","dba_name":"The Rite Spot","street_address":"2099 FOLSOM ST","city":"San Francisco","state":"CA","analysis_neighborhood":"Mission","supervisor_district":"9","police_district":"MISSION","data_as_of":"2024-01-29T14:30:06.000","data_loaded_at":"2026-05-10T08:04:43.199"}},
{"type":"Feature","geometry":{"type":"Point","coordinates":[-122.404194,37.790316]},"properties":{":id":"row-efvv_ymjx.w3bq",":version":"rv-jr8c~yuye-ybm3",":created_at":"2026-05-10T15:04:56.433Z",":updated_at":"2026-05-10T15:04:56.433Z","active_licenses":"POE","permit_number":"1574","ban":"1095161","permit_status":"Active","poe_class_code":"P23","license_type":"Place of Entertainment","dba_name":"NIGHTINGALE","street_address":"239 KEARNY ST","city":"San Francisco","state":"CA","analysis_neighborhood":"Financial District/South Beach","supervisor_district":"3","police_district":"CENTRAL","data_as_of":"2026-02-05T13:30:46.000","data_loaded_at":"2026-05-10T08:04:43.199"}},
{"type":"Feature","geometry":{"type":"Point","coordinates":[-122.434353,37.725507]},"properties":{":id":"row-rxv9-kmmm~44vv",":version":"rv-wrh7-frxx-muhs",":created_at":"2026-05-10T15:04:56.433Z",":updated_at":"2026-05-10T15:04:56.433Z","active_licenses":"LLP","permit_number":"1582","ban":"1083345","permit_status":"Active","poe_class_code":null,"license_type":"Limited Live Performance","dba_name":"Recovery Room","street_address":"4528 MISSION ST","city":"San Francisco","state":"CA","analysis_neighborhood":"Outer Mission","supervisor_district":"11","police_district":"INGLESIDE","data_as_of":"2024-01-29T14:30:06.000","data_loaded_at":"2026-05-10T08:04:43.199"}},
{"type":"Feature","geometry":{"type":"Point","coordinates":[-122.414022,37.771596]},"properties":{":id":"row-6jaa~y4r6-vmgq",":version":"rv-35r4-dwre_b66z",":created_at":"2026-05-10T15:04:56.433Z",":updated_at":"2026-05-10T15:04:56.433Z","active_licenses":"POE, EHP","permit_number":"1584","ban":"1117520","permit_status":"Active","poe_class_code":"P23","license_type":"Place of Entertainment, Extended Hours Premises","dba_name":"Layaly LLC","street_address":"1501 FOLSOM ST","city":"San Francisco","state":"CA","analysis_neighborhood":"Mission","supervisor_district":"6","police_district":"SOUTHERN","data_as_of":"2024-01-29T14:30:06.000","data_loaded_at":"2026-05-10T08:04:43.199"}},
{"type":"Feature","geometry":{"type":"Point","coordinates":[-122.419188,37.756737]},"properties":{":id":"row-2cbw.xc7u~77jz",":version":"rv-hqba-d4fw.rfkw",":created_at":"2026-05-10T15:04:56.433Z",":updated_at":"2026-05-10T15:04:56.433Z","active_licenses":"POE","permit_number":"1586","ban":"1106755","permit_status":"Active","poe_class_code":"P23","license_type":"Place of Entertainment","dba_name":"Arcana SF","street_address":"2512 MISSION ST","city":"San Francisco","state":"CA","analysis_neighborhood":"Mission","supervisor_district":"9","police_district":"MISSION","data_as_of":"2024-01-29T14:30:06.000","data_loaded_at":"2026-05-10T08:04:43.199"}},
{"type":"Feature","geometry":{"type":"Point","coordinates":[-122.4062775,37.795752]},"properties":{":id":"row-js7f-6bmj_it32",":version":"rv-b5vy~wtbh~qg9g",":created_at":"2026-05-10T15:04:56.433Z",":updated_at":"2026-05-10T15:04:56.433Z","active_licenses":"POE","permit_number":"1587","ban":"1118267","permit_status":"Active","poe_class_code":"P23","license_type":"Place of Entertainment","dba_name":"Lion's Den Bar and Lounge","street_address":"57 WENTWORTH PL","city":"San Francisco","state":"CA","analysis_neighborhood":"Chinatown","supervisor_district":"3","police_district":"CENTRAL","data_as_of":"2024-01-29T14:30:06.000","data_loaded_at":"2026-05-10T08:04:43.199"}},
{"type":"Feature","geometry":{"type":"Point","coordinates":[-122.410278,37.79964]},"properties":{":id":"row-cx63_ygb4_sdk4",":version":"rv-5fu4-8d7c_w7mc",":created_at":"2026-05-10T15:04:56.433Z",":updated_at":"2026-05-10T15:04:56.433Z","active_licenses":"POE","permit_number":"1588","ban":"1122800","permit_status":"Active","poe_class_code":"P23","license_type":"Place of Entertainment","dba_name":"Club Fugazi Experiences","street_address":"678 GREEN ST","city":"San Francisco","state":"CA","analysis_neighborhood":"Chinatown","supervisor_district":"3","police_district":"CENTRAL","data_as_of":"2024-01-29T14:30:06.000","data_loaded_at":"2026-05-10T08:04:43.199"}},
{"type":"Feature","geometry":{"type":"Point","coordinates":[-122.4164835,37.777131]},"properties":{":id":"row-dhw9.y3gi-fpa9",":version":"rv-egcb~axsp.grv9",":created_at":"2026-05-10T15:04:56.433Z",":updated_at":"2026-05-10T15:04:56.433Z","active_licenses":"POE","permit_number":"1590","ban":"481442","permit_status":"Active","poe_class_code":"P23","license_type":"Place of Entertainment","dba_name":"Cadillac Bar and Grill","street_address":"1355 MARKET ST","city":"San Francisco","state":"CA","analysis_neighborhood":"South of Market","supervisor_district":"6","police_district":"SOUTHERN","data_as_of":"2024-01-29T14:30:06.000","data_loaded_at":"2026-05-10T08:04:43.199"}},
{"type":"Feature","geometry":{"type":"Point","coordinates":[-122.430987,37.797435]},"properties":{":id":"row-yjzm_g3rc.z8uw",":version":"rv-avyw~j878.brq9",":created_at":"2026-05-10T15:04:56.433Z",":updated_at":"2026-05-10T15:04:56.433Z","active_licenses":"LLP","permit_number":"1591","ban":"1013255","permit_status":"Active","poe_class_code":null,"license_type":"Limited Live Performance","dba_name":"The Italian Homemade Company","street_address":"1919 UNION ST","city":"San Francisco","state":"CA","analysis_neighborhood":"Marina","supervisor_district":"2","police_district":"NORTHERN","data_as_of":"2024-01-29T14:30:06.000","data_loaded_at":"2026-05-10T08:04:43.199"}},
{"type":"Feature","geometry":{"type":"Point","coordinates":[-122.4007965,37.794294]},"properties":{":id":"row-wmxg.gqbg.5628",":version":"rv-dyxq~a6cx.bgvt",":created_at":"2026-05-10T15:04:56.433Z",":updated_at":"2026-05-10T15:04:56.433Z","active_licenses":"POE","permit_number":"1592","ban":"1113603","permit_status":"Active","poe_class_code":"P23","license_type":"Place of Entertainment","dba_name":"The Reserve","street_address":"301 BATTERY ST","city":"San Francisco","state":"CA","analysis_neighborhood":"Chinatown","supervisor_district":"3","police_district":"CENTRAL","data_as_of":"2024-01-29T14:30:06.000","data_loaded_at":"2026-05-10T08:04:43.199"}},
{"type":"Feature","geometry":{"type":"Point","coordinates":[-122.429871,37.772415]},"properties":{":id":"row-vw2k~b52m~sbbv",":version":"rv-bd4j-uq5s_6f7h",":created_at":"2026-05-10T15:04:56.433Z",":updated_at":"2026-05-10T15:04:56.433Z","active_licenses":"POE","permit_number":"1593","ban":"1110180","permit_status":"Active","poe_class_code":"P23","license_type":"Place of Entertainment","dba_name":"Nickie's","street_address":"466 HAIGHT ST","city":"San Francisco","state":"CA","analysis_neighborhood":"Hayes Valley","supervisor_district":"5","police_district":"NORTHERN","data_as_of":"2024-01-29T14:30:06.000","data_loaded_at":"2026-05-10T08:04:43.199"}},
{"type":"Feature","geometry":{"type":"Point","coordinates":[-122.4092835,37.799883]},"properties":{":id":"row-6vzy_6zsw-rg5e",":version":"rv-4ka9_xj7r~srb2",":created_at":"2026-05-10T15:04:56.433Z",":updated_at":"2026-05-10T15:04:56.433Z","active_licenses":"LLP","permit_number":"1596","ban":"1114232","permit_status":"Active","poe_class_code":null,"license_type":"Limited Live Performance","dba_name":"Red Window","street_address":"500 COLUMBUS AVE","city":"San Francisco","state":"CA","analysis_neighborhood":"North Beach","supervisor_district":"3","police_district":"CENTRAL","data_as_of":"2025-02-04T12:42:30.000","data_loaded_at":"2026-05-10T08:04:43.199"}},
{"type":"Feature","geometry":{"type":"Point","coordinates":[-122.417865,37.749681]},"properties":{":id":"row-33un_ivxw_ib4t",":version":"rv-ueyj_4z7d-bv6h",":created_at":"2026-05-10T15:04:56.433Z",":updated_at":"2026-05-10T15:04:56.433Z","active_licenses":"LLP","permit_number":"1597","ban":"1060205","permit_status":"Active","poe_class_code":null,"license_type":"Limited Live Performance","dba_name":"Endgames Improv (location 2)","street_address":"2965 MISSION ST","city":"San Francisco","state":"CA","analysis_neighborhood":"Mission","supervisor_district":"9","police_district":"MISSION","data_as_of":"2024-01-29T14:30:06.000","data_loaded_at":"2026-05-10T08:04:43.199"}},
{"type":"Feature","geometry":{"type":"Point","coordinates":[-122.4456615,37.769994]},"properties":{":id":"row-qrdx~n4s4-y4r5",":version":"rv-kqv5_i8u3.icxq",":created_at":"2026-05-10T15:04:56.433Z",":updated_at":"2026-05-10T15:04:56.433Z","active_licenses":"LLP","permit_number":"1599","ban":"1112885","permit_status":"Active","poe_class_code":null,"license_type":"Limited Live Performance","dba_name":"The Mellow SF","street_address":"1401 HAIGHT ST","city":"San Francisco","state":"CA","analysis_neighborhood":"Haight Ashbury","supervisor_district":"5","police_district":"PARK","data_as_of":"2024-01-29T14:30:06.000","data_loaded_at":"2026-05-10T08:04:43.199"}},
{"type":"Feature","geometry":{"type":"Point","coordinates":[-122.4307215,37.797543]},"properties":{":id":"row-ssv7-ycgr.744v",":version":"rv-gn57_r5ji_rwm8",":created_at":"2026-05-10T15:04:56.433Z",":updated_at":"2026-05-10T15:04:56.433Z","active_licenses":"LLP, MAD, BP","permit_number":"1600","ban":"1124462","permit_status":"Active","poe_class_code":null,"license_type":"Limited Live Performance, Mechanical Amusement Device, Billiard or Pool Tables","dba_name":"Bus Stop","street_address":"1901 UNION ST","city":"San Francisco","state":"CA","analysis_neighborhood":"Marina","supervisor_district":"2","police_district":"NORTHERN","data_as_of":"2024-01-29T14:30:06.000","data_loaded_at":"2026-05-10T08:04:43.199"}},
{"type":"Feature","geometry":{"type":"Point","coordinates":[-122.4233145,37.764576]},"properties":{":id":"row-fee3~gkcr-j3ce",":version":"rv-88sb-strt-t6u9",":created_at":"2026-05-10T15:04:56.433Z",":updated_at":"2026-05-10T15:04:56.433Z","active_licenses":"LLP","permit_number":"1601","ban":"0397243","permit_status":"Active","poe_class_code":null,"license_type":"Limited Live Performance","dba_name":"Gestalt","street_address":"3159 16TH ST","city":"San Francisco","state":"CA","analysis_neighborhood":"Mission","supervisor_district":"9","police_district":"MISSION","data_as_of":"2024-01-29T14:30:06.000","data_loaded_at":"2026-05-10T08:04:43.199"}},
{"type":"Feature","geometry":{"type":"Point","coordinates":[-122.4157095,37.781838]},"properties":{":id":"row-5ny8-fndq.7svd",":version":"rv-hguq_wm7p-rmh5",":created_at":"2026-05-10T15:04:56.433Z",":updated_at":"2026-05-10T15:04:56.433Z","active_licenses":"LLP","permit_number":"1603","ban":"0433003","permit_status":"Active","poe_class_code":null,"license_type":"Limited Live Performance","dba_name":"La Cocina Municipal Marketplace","street_address":"101 HYDE ST","city":"San Francisco","state":"CA","analysis_neighborhood":"Tenderloin","supervisor_district":"5","police_district":"TENDERLOIN","data_as_of":"2024-01-29T14:30:06.000","data_loaded_at":"2026-05-10T08:04:43.199"}},
{"type":"Feature","geometry":{"type":"Point","coordinates":[-122.4111195,37.786707]},"properties":{":id":"row-9jvr_bufx_7b93",":version":"rv-yush-e6h3~kenc",":created_at":"2026-05-10T15:04:56.433Z",":updated_at":"2026-05-10T15:04:56.433Z","active_licenses":"POE","permit_number":"1604","ban":"1086612","permit_status":"Active","poe_class_code":"P23","license_type":"Place of Entertainment","dba_name":"The Clift Royal Sonesta Hotel","street_address":"495 GEARY ST","city":"San Francisco","state":"CA","analysis_neighborhood":"Tenderloin","supervisor_district":"3","police_district":"TENDERLOIN","data_as_of":"2024-01-29T14:30:06.000","data_loaded_at":"2026-05-10T08:04:43.199"}},
{"type":"Feature","geometry":{"type":"Point","coordinates":[-122.4181395,37.75266]},"properties":{":id":"row-w7ib~4bkr_idph",":version":"rv-gpw9-xfyy_ejsv",":created_at":"2026-05-10T15:04:56.433Z",":updated_at":"2026-05-10T15:04:56.433Z","active_licenses":"LLP","permit_number":"1606","ban":"1015750","permit_status":"Active","poe_class_code":null,"license_type":"Limited Live Performance","dba_name":"El Farolito Bar","street_address":"2777 MISSION ST","city":"San Francisco","state":"CA","analysis_neighborhood":"Mission","supervisor_district":"9","police_district":"MISSION","data_as_of":"2024-01-29T14:30:06.000","data_loaded_at":"2026-05-10T08:04:43.199"}},
{"type":"Feature","geometry":{"type":"Point","coordinates":[-122.405877,37.79775]},"properties":{":id":"row-2xga.ye88-qrbp",":version":"rv-egdi~9cnq~g4ag",":created_at":"2026-05-10T15:04:56.433Z",":updated_at":"2026-05-10T15:04:56.433Z","active_licenses":"POE","permit_number":"1607","ban":"1147352","permit_status":"Active","poe_class_code":"P23","license_type":"Place of Entertainment","dba_name":"Paris 75","street_address":"515 BROADWAY","city":"San Francisco","state":"CA","analysis_neighborhood":"North Beach","supervisor_district":"3","police_district":"CENTRAL","data_as_of":"2024-03-13T11:35:10.000","data_loaded_at":"2026-05-10T08:04:43.199"}},
{"type":"Feature","geometry":{"type":"Point","coordinates":[-122.480865,37.74258]},"properties":{":id":"row-ewc9~mvti~a5pe",":version":"rv-9upu-5wxg.dnk8",":created_at":"2026-05-10T15:04:56.433Z",":updated_at":"2026-05-10T15:04:56.433Z","active_licenses":"BP","permit_number":"1609","ban":"1106728","permit_status":"Active","poe_class_code":null,"license_type":"Billiard or Pool Tables","dba_name":"Karl's Beacon","street_address":"1355 TARAVAL ST","city":"San Francisco","state":"CA","analysis_neighborhood":"Sunset/Parkside","supervisor_district":"4","police_district":"TARAVAL","data_as_of":"2024-01-29T14:30:06.000","data_loaded_at":"2026-05-10T08:04:43.199"}},
{"type":"Feature","geometry":{"type":"Point","coordinates":[-122.42268,37.764657]},"properties":{":id":"row-gtpv~ze63-x7q5",":version":"rv-2ae8_87ts-bufy",":created_at":"2026-05-10T15:04:56.433Z",":updated_at":"2026-05-10T15:04:56.433Z","active_licenses":"POE, MAD, BP","permit_number":"161","ban":"0382151","permit_status":"Active","poe_class_code":"P23","license_type":"Place of Entertainment, Mechanical Amusement Device, Billiard or Pool Tables","dba_name":"DELIRIUM COCKTAILS","street_address":"3139 16TH ST","city":"San Francisco","state":"CA","analysis_neighborhood":"Mission","supervisor_district":"9","police_district":"MISSION","data_as_of":"2024-01-29T14:30:06.000","data_loaded_at":"2026-05-10T08:04:43.199"}},
{"type":"Feature","geometry":{"type":"Point","coordinates":[-122.405715,37.789974]},"properties":{":id":"row-bi3b_z7bh~7z5w",":version":"rv-3fwh~mq9j-r59r",":created_at":"2026-05-10T15:04:56.433Z",":updated_at":"2026-05-10T15:04:56.433Z","active_licenses":"LLP","permit_number":"1610","ban":"1122954","permit_status":"Active","poe_class_code":null,"license_type":"Limited Live Performance","dba_name":"Sool Bar & Lounge","street_address":"323 GRANT AVE","city":"San Francisco","state":"CA","analysis_neighborhood":"Financial District/South Beach","supervisor_district":"3","police_district":"CENTRAL","data_as_of":"2024-01-29T14:30:06.000","data_loaded_at":"2026-05-10T08:04:43.199"}},
{"type":"Feature","geometry":{"type":"Point","coordinates":[-122.4103995,37.783935]},"properties":{":id":"row-kmaj-sjw9-kf5h",":version":"rv-abku.zar2_j9z4",":created_at":"2026-05-10T15:04:56.433Z",":updated_at":"2026-05-10T15:04:56.433Z","active_licenses":"POE, EHP","permit_number":"1611","ban":"1128118","permit_status":"Active","poe_class_code":"P23","license_type":"Place of Entertainment, Extended Hours Premises","dba_name":"The Record Store","street_address":"177 EDDY ST","city":"San Francisco","state":"CA","analysis_neighborhood":"Tenderloin","supervisor_district":"5","police_district":"TENDERLOIN","data_as_of":"2026-01-12T17:10:25.000","data_loaded_at":"2026-05-10T08:04:43.199"}},
{"type":"Feature","geometry":{"type":"Point","coordinates":[-122.420898,37.786446]},"properties":{":id":"row-d55n.5pik_tj2y",":version":"rv-d33q_bvab.krdg",":created_at":"2026-05-10T15:04:56.433Z",":updated_at":"2026-05-10T15:04:56.433Z","active_licenses":"POE","permit_number":"1613","ban":"1125754","permit_status":"Active","poe_class_code":"P23","license_type":"Place of Entertainment","dba_name":"Tai-Sho","street_address":"1161 POST ST","city":"San Francisco","state":"CA","analysis_neighborhood":"Tenderloin","supervisor_district":"3","police_district":"NORTHERN","data_as_of":"2024-01-29T14:30:06.000","data_loaded_at":"2026-05-10T08:04:43.199"}},
{"type":"Feature","geometry":{"type":"Point","coordinates":[-122.434578,37.797498]},"properties":{":id":"row-mjpy-r5zr_ay3c",":version":"rv-697n.477b-grup",":created_at":"2026-05-10T15:04:56.433Z",":updated_at":"2026-05-10T15:04:56.433Z","active_licenses":"LLP","permit_number":"1616","ban":"0449597","permit_status":"Active","poe_class_code":null,"license_type":"Limited Live Performance","dba_name":"THE BRIXTON","street_address":"2140 UNION ST","city":"San Francisco","state":"CA","analysis_neighborhood":"Marina","supervisor_district":"2","police_district":"NORTHERN","data_as_of":"2026-01-05T21:34:30.000","data_loaded_at":"2026-05-10T08:04:43.199"}},
{"type":"Feature","geometry":{"type":"Point","coordinates":[-122.4114705,37.788759]},"properties":{":id":"row-i9q6_2r6z_6ctk",":version":"rv-ida3.e9jb.6c3b",":created_at":"2026-05-10T15:04:56.433Z",":updated_at":"2026-05-10T15:04:56.433Z","active_licenses":"POE, BP","permit_number":"1617","ban":"1125062","permit_status":"Active","poe_class_code":"P23","license_type":"Place of Entertainment, Billiard or Pool Tables","dba_name":"Persona","street_address":"685 SUTTER ST","city":"San Francisco","state":"CA","analysis_neighborhood":"Nob Hill","supervisor_district":"3","police_district":"CENTRAL","data_as_of":"2026-01-05T21:20:06.000","data_loaded_at":"2026-05-10T08:04:43.199"}},
{"type":"Feature","geometry":{"type":"Point","coordinates":[-122.441409,37.799829]},"properties":{":id":"row-qy9j.c2rt_p745",":version":"rv-x28d.cfjp.6mqr",":created_at":"2026-05-10T15:04:56.433Z",":updated_at":"2026-05-10T15:04:56.433Z","active_licenses":"POE, BP","permit_number":"1618","ban":"1129746","permit_status":"Active","poe_class_code":"P23","license_type":"Place of Entertainment, Billiard or Pool Tables","dba_name":"GeeLou","street_address":"3251 SCOTT ST","city":"San Francisco","state":"CA","analysis_neighborhood":"Marina","supervisor_district":"2","police_district":"NORTHERN","data_as_of":"2025-02-06T11:42:30.000","data_loaded_at":"2026-05-10T08:04:43.199"}},
{"type":"Feature","geometry":{"type":"Point","coordinates":[-122.4143775,37.803465]},"properties":{":id":"row-qxuf-4t7b-k3k6",":version":"rv-7bej.khs8~shjh",":created_at":"2026-05-10T15:04:56.433Z",":updated_at":"2026-05-10T15:04:56.433Z","active_licenses":"POE","permit_number":"1620","ban":"1064205","permit_status":"Active","poe_class_code":"P23","license_type":"Place of Entertainment","dba_name":"The Lost Church","street_address":"665 CHESTNUT ST","city":"San Francisco","state":"CA","analysis_neighborhood":"North Beach","supervisor_district":"3","police_district":"CENTRAL","data_as_of":"2024-01-29T14:30:06.000","data_loaded_at":"2026-05-10T08:04:43.199"}},
{"type":"Feature","geometry":{"type":"Point","coordinates":[-122.406894,37.781325]},"properties":{":id":"row-yt4x~53kb~5f2z",":version":"rv-253m_mkec_dtcx",":created_at":"2026-05-10T15:04:56.433Z",":updated_at":"2026-05-10T15:04:56.433Z","active_licenses":"LLP","permit_number":"1621","ban":"476804","permit_status":"Active","poe_class_code":null,"license_type":"Limited Live Performance","dba_name":"Community Art Stabilization Trust","street_address":"447 MINNA ST","city":"San Francisco","state":"CA","analysis_neighborhood":"South of Market","supervisor_district":"6","police_district":"SOUTHERN","data_as_of":"2024-01-29T14:30:06.000","data_loaded_at":"2026-05-10T08:04:43.199"}},
{"type":"Feature","geometry":{"type":"Point","coordinates":[-122.387346918,37.742526383]},"properties":{":id":"row-mi7z_5dzq~d4zb",":version":"rv-fh55_i7u6.tgfk",":created_at":"2026-05-10T15:04:56.433Z",":updated_at":"2026-05-10T15:04:56.433Z","active_licenses":"POE","permit_number":"1622","ban":"475917","permit_status":"Active","poe_class_code":"P23","license_type":"Place of Entertainment","dba_name":"Southeast Community Center","street_address":"1550 EVANS AVE","city":"San Francisco","state":"CA","analysis_neighborhood":"Bayview Hunters Point","supervisor_district":"10","police_district":"BAYVIEW","data_as_of":"2024-01-29T14:30:06.000","data_loaded_at":"2026-05-10T08:04:43.199"}},
{"type":"Feature","geometry":{"type":"Point","coordinates":[-122.4063225,37.781487]},"properties":{":id":"row-z48q_kryu_9knv",":version":"rv-h77b~mm3s~hirf",":created_at":"2026-05-10T15:04:56.433Z",":updated_at":"2026-05-10T15:04:56.433Z","active_licenses":"LLP","permit_number":"1624","ban":"1132462","permit_status":"Active","poe_class_code":null,"license_type":"Limited Live Performance","dba_name":"5M Project Owners Association","street_address":"430 NATOMA ST","city":"San Francisco","state":"CA","analysis_neighborhood":"South of Market","supervisor_district":"6","police_district":"SOUTHERN","data_as_of":"2025-02-06T13:43:51.000","data_loaded_at":"2026-05-10T08:04:43.199"}},
{"type":"Feature","geometry":{"type":"Point","coordinates":[-122.4166005,37.75248]},"properties":{":id":"row-jbtk_qjgw.rmrf",":version":"rv-9xtw~t4zv_9yy9",":created_at":"2026-05-10T15:04:56.433Z",":updated_at":"2026-05-10T15:04:56.433Z","active_licenses":"LLP","permit_number":"1625","ban":"396103","permit_status":"Active","poe_class_code":null,"license_type":"Limited Live Performance","dba_name":"The Napper Tandy","street_address":"3200 24TH ST","city":"San Francisco","state":"CA","analysis_neighborhood":"Mission","supervisor_district":"9","police_district":"MISSION","data_as_of":"2024-01-29T14:30:06.000","data_loaded_at":"2026-05-10T08:04:43.199"}},
{"type":"Feature","geometry":{"type":"Point","coordinates":[-122.392269,37.778823]},"properties":{":id":"row-ag8e_f2fu~zgdc",":version":"rv-nu94.hwvt~sk7s",":created_at":"2026-05-10T15:04:56.433Z",":updated_at":"2026-05-10T15:04:56.433Z","active_licenses":"LLP","permit_number":"1627","ban":"1124761","permit_status":"Active","poe_class_code":null,"license_type":"Limited Live Performance","dba_name":"Kaiyo Rooftop and Bar","street_address":"701 3RD ST","city":"San Francisco","state":"CA","analysis_neighborhood":"Mission Bay","supervisor_district":"6","police_district":"SOUTHERN","data_as_of":"2024-01-29T14:30:06.000","data_loaded_at":"2026-05-10T08:04:43.199"}},
{"type":"Feature","geometry":{"type":"Point","coordinates":[-122.420529,37.745154]},"properties":{":id":"row-ijq4_imie_d3he",":version":"rv-4mbw.mksq.nt4w",":created_at":"2026-05-10T15:04:56.433Z",":updated_at":"2026-05-10T15:04:56.433Z","active_licenses":"LLP","permit_number":"1628","ban":"1072002","permit_status":"Active","poe_class_code":null,"license_type":"Limited Live Performance","dba_name":"Emmy's Spaghetti Shack","street_address":"3230 MISSION ST","city":"San Francisco","state":"CA","analysis_neighborhood":"Bernal Heights","supervisor_district":"9","police_district":"INGLESIDE","data_as_of":"2026-05-04T12:00:21.000","data_loaded_at":"2026-05-10T08:04:43.199"}},
{"type":"Feature","geometry":{"type":"Point","coordinates":[-122.429196,37.767951]},"properties":{":id":"row-sauv_cjbx-tv47",":version":"rv-ubjg~a84p~xwuw",":created_at":"2026-05-10T15:04:56.433Z",":updated_at":"2026-05-10T15:04:56.433Z","active_licenses":"LLP","permit_number":"1629","ban":"458500","permit_status":"Active","poe_class_code":null,"license_type":"Limited Live Performance","dba_name":"Churchill","street_address":"198 CHURCH ST","city":"San Francisco","state":"CA","analysis_neighborhood":"Castro/Upper Market","supervisor_district":"8","police_district":"NORTHERN","data_as_of":"2024-01-29T14:30:06.000","data_loaded_at":"2026-05-10T08:04:43.199"}},
{"type":"Feature","geometry":{"type":"Point","coordinates":[-122.4479655,37.769598]},"properties":{":id":"row-7945~7bmf-kaav",":version":"rv-p974~5jcw~hr3f",":created_at":"2026-05-10T15:04:56.433Z",":updated_at":"2026-05-10T15:04:56.433Z","active_licenses":"LLP","permit_number":"1630","ban":"460444","permit_status":"Active","poe_class_code":null,"license_type":"Limited Live Performance","dba_name":"Gold Cane","street_address":"1569 HAIGHT ST","city":"San Francisco","state":"CA","analysis_neighborhood":"Haight Ashbury","supervisor_district":"5","police_district":"PARK","data_as_of":"2024-01-29T14:30:06.000","data_loaded_at":"2026-05-10T08:04:43.199"}},
{"type":"Feature","geometry":{"type":"Point","coordinates":[-122.3985825,37.787607]},"properties":{":id":"row-wvqd~msyx-fa2u",":version":"rv-9593-byib_cj7q",":created_at":"2026-05-10T15:04:56.433Z",":updated_at":"2026-05-10T15:04:56.433Z","active_licenses":"POE","permit_number":"1631","ban":"1154422","permit_status":"Active","poe_class_code":"P23","license_type":"Place of Entertainment","dba_name":"Natoma Cabana","street_address":"90 NATOMA ST","city":"San Francisco","state":"CA","analysis_neighborhood":"Financial District/South Beach","supervisor_district":"6","police_district":"SOUTHERN","data_as_of":"2024-01-29T14:30:06.000","data_loaded_at":"2026-05-10T08:04:43.199"}},
{"type":"Feature","geometry":{"type":"Point","coordinates":[-122.398092,37.779201]},"properties":{":id":"row-5kxg.auhp-af23",":version":"rv-ifbw_z3gu-bi4q",":created_at":"2026-05-10T15:04:56.433Z",":updated_at":"2026-05-10T15:04:56.433Z","active_licenses":"MAD","permit_number":"1632","ban":null,"permit_status":"Active","poe_class_code":null,"license_type":"Mechanical Amusement Device","dba_name":"Thriller Social Club","street_address":"508 4TH ST","city":"San Francisco","state":"CA","analysis_neighborhood":"South of Market","supervisor_district":"6","police_district":"SOUTHERN","data_as_of":"2024-01-29T14:30:06.000","data_loaded_at":"2026-05-10T08:04:43.199"}},
{"type":"Feature","geometry":{"type":"Point","coordinates":[-122.4202005,37.767861]},"properties":{":id":"row-srp8.mfwz~jk4i",":version":"rv-a5gu_twbq-b3d8",":created_at":"2026-05-10T15:04:56.433Z",":updated_at":"2026-05-10T15:04:56.433Z","active_licenses":"LLP","permit_number":"1633","ban":"1085563","permit_status":"Active","poe_class_code":null,"license_type":"Limited Live Performance","dba_name":"Skylight Studios","street_address":"1800 MISSION ST","city":"San Francisco","state":"CA","analysis_neighborhood":"Mission","supervisor_district":"9","police_district":"MISSION","data_as_of":"2024-01-29T14:30:06.000","data_loaded_at":"2026-05-10T08:04:43.199"}},
{"type":"Feature","geometry":{"type":"Point","coordinates":[-122.3907255,37.779507]},"properties":{":id":"row-6vtc~z3u6~nfwa",":version":"rv-gz2t-38cz-rukv",":created_at":"2026-05-10T15:04:56.433Z",":updated_at":"2026-05-10T15:04:56.433Z","active_licenses":"LLP","permit_number":"1636","ban":"1130719","permit_status":"Active","poe_class_code":null,"license_type":"Limited Live Performance","dba_name":"Underdogs Cantina","street_address":"128 KING ST","city":"San Francisco","state":"CA","analysis_neighborhood":"Mission Bay","supervisor_district":"6","police_district":"SOUTHERN","data_as_of":"2024-01-29T14:30:06.000","data_loaded_at":"2026-05-10T08:04:43.199"}},
{"type":"Feature","geometry":{"type":"Point","coordinates":[-122.388795,37.75959]},"properties":{":id":"row-e9gp-ek5n.8b23",":version":"rv-68mc.xdn6-huk4",":created_at":"2026-05-10T15:04:56.433Z",":updated_at":"2026-05-10T15:04:56.433Z","active_licenses":"LLP","permit_number":"1637","ban":"1080534","permit_status":"Active","poe_class_code":null,"license_type":"Limited Live Performance","dba_name":"Aura Restaurant & Bar","street_address":"2368 3RD ST","city":"San Francisco","state":"CA","analysis_neighborhood":"Potrero Hill","supervisor_district":"10","police_district":"BAYVIEW","data_as_of":"2024-01-29T14:30:06.000","data_loaded_at":"2026-05-10T08:04:43.199"}},
{"type":"Feature","geometry":null,"properties":{":id":"row-ebws_wxkp.avn3",":version":"rv-erc8_tiea.kjmj",":created_at":"2026-05-10T15:04:56.433Z",":updated_at":"2026-05-10T15:04:56.433Z","active_licenses":"LLP","permit_number":"1638","ban":"477366","permit_status":"Active","poe_class_code":null,"license_type":"Limited Live Performance","dba_name":"The Klamath","street_address":null,"city":"San Francisco","state":"CA","analysis_neighborhood":null,"supervisor_district":null,"police_district":null,"data_as_of":"2026-01-05T21:34:51.000","data_loaded_at":"2026-05-10T08:04:43.199"}},
{"type":"Feature","geometry":{"type":"Point","coordinates":[-122.4196515,37.786608]},"properties":{":id":"row-bba7_dkr8.8c5t",":version":"rv-d26m.basc_arer",":created_at":"2026-05-10T15:04:56.433Z",":updated_at":"2026-05-10T15:04:56.433Z","active_licenses":"LLP","permit_number":"1640","ban":"1107730","permit_status":"Active","poe_class_code":null,"license_type":"Limited Live Performance","dba_name":"Barley","street_address":"1038 POLK ST","city":"San Francisco","state":"CA","analysis_neighborhood":"Tenderloin","supervisor_district":"3","police_district":"NORTHERN","data_as_of":"2024-01-29T14:30:06.000","data_loaded_at":"2026-05-10T08:04:43.199"}},
{"type":"Feature","geometry":{"type":"Point","coordinates":[-122.401953,37.786554]},"properties":{":id":"row-piui-ree4-hnvk",":version":"rv-ucgw.e4bz-btmb",":created_at":"2026-05-10T15:04:56.433Z",":updated_at":"2026-05-10T15:04:56.433Z","active_licenses":"LLP","permit_number":"1642","ban":"441113","permit_status":"Active","poe_class_code":null,"license_type":"Limited Live Performance","dba_name":"The Grove - Yerba Buena","street_address":"690 MISSION ST","city":"San Francisco","state":"CA","analysis_neighborhood":"Financial District/South Beach","supervisor_district":"6","police_district":"SOUTHERN","data_as_of":"2024-01-29T14:30:06.000","data_loaded_at":"2026-05-10T08:04:43.199"}},
{"type":"Feature","geometry":{"type":"Point","coordinates":[-122.419089,37.76112]},"properties":{":id":"row-5ehp.hckn_xb9h",":version":"rv-ksv3~m2rr_fa4j",":created_at":"2026-05-10T15:04:56.433Z",":updated_at":"2026-05-10T15:04:56.433Z","active_licenses":"POE","permit_number":"1644","ban":"378507","permit_status":"Active","poe_class_code":"P23","license_type":"Place of Entertainment","dba_name":"Big Baobab","street_address":"2243 MISSION ST","city":"San Francisco","state":"CA","analysis_neighborhood":"Mission","supervisor_district":"9","police_district":"MISSION","data_as_of":"2024-01-29T14:30:06.000","data_loaded_at":"2026-05-10T08:04:43.199"}},
{"type":"Feature","geometry":{"type":"Point","coordinates":[-122.4032625,37.787049]},"properties":{":id":"row-rzbr-8kuj_4gcb",":version":"rv-rjjr_b7mp~pine",":created_at":"2026-05-10T15:04:56.433Z",":updated_at":"2026-05-10T15:04:56.433Z","active_licenses":"LLP","permit_number":"1645","ban":"1109351","permit_status":"Active","poe_class_code":null,"license_type":"Limited Live Performance","dba_name":"Kona's Street Market","street_address":"32 3RD ST","city":"San Francisco","state":"CA","analysis_neighborhood":"Financial District/South Beach","supervisor_district":"6","police_district":"SOUTHERN","data_as_of":"2024-01-29T14:30:06.000","data_loaded_at":"2026-05-10T08:04:43.199"}},
{"type":"Feature","geometry":{"type":"Point","coordinates":[-122.465799,37.740681]},"properties":{":id":"row-5zq6~p65w_erhp",":version":"rv-gc47.hnes-vinr",":created_at":"2026-05-10T15:04:56.433Z",":updated_at":"2026-05-10T15:04:56.433Z","active_licenses":"LLP","permit_number":"1646","ban":"1134103","permit_status":"Active","poe_class_code":null,"license_type":"Limited Live Performance","dba_name":"Unwined","street_address":"9 WEST PORTAL AVE","city":"San Francisco","state":"CA","analysis_neighborhood":"West of Twin Peaks","supervisor_district":"7","police_district":"TARAVAL","data_as_of":"2024-01-29T14:30:06.000","data_loaded_at":"2026-05-10T08:04:43.199"}},
{"type":"Feature","geometry":{"type":"Point","coordinates":[-122.4046845,37.796679]},"properties":{":id":"row-jejz-gqsw~69c7",":version":"rv-865h-6ncp-m7ds",":created_at":"2026-05-10T15:04:56.433Z",":updated_at":"2026-05-10T15:04:56.433Z","active_licenses":"POE","permit_number":"1647","ban":"1132991","permit_status":"Active","poe_class_code":"P23","license_type":"Place of Entertainment","dba_name":"Lyon and Swan","street_address":"124 COLUMBUS AVE","city":"San Francisco","state":"CA","analysis_neighborhood":"Chinatown","supervisor_district":"3","police_district":"CENTRAL","data_as_of":"2025-02-26T15:08:48.000","data_loaded_at":"2026-05-10T08:04:43.199"}},
{"type":"Feature","geometry":{"type":"Point","coordinates":[-122.415471,37.763217]},"properties":{":id":"row-5dmu-s8fa~fgjm",":version":"rv-uij6.mbz8.5924",":created_at":"2026-05-10T15:04:56.433Z",":updated_at":"2026-05-10T15:04:56.433Z","active_licenses":"LLP","permit_number":"1648","ban":"1128380","permit_status":"Active","poe_class_code":null,"license_type":"Limited Live Performance","dba_name":"Stable Café","street_address":"2128 FOLSOM ST","city":"San Francisco","state":"CA","analysis_neighborhood":"Mission","supervisor_district":"9","police_district":"MISSION","data_as_of":"2024-01-29T14:30:06.000","data_loaded_at":"2026-05-10T08:04:43.199"}},
{"type":"Feature","geometry":{"type":"Point","coordinates":[-122.4048645,37.743066]},"properties":{":id":"row-qq67_kwed_7hsp",":version":"rv-s6v5~yyin_rwuk",":created_at":"2026-05-10T15:04:56.433Z",":updated_at":"2026-05-10T15:04:56.433Z","active_licenses":"LLP","permit_number":"1649","ban":"1133621","permit_status":"Active","poe_class_code":null,"license_type":"Limited Live Performance","dba_name":"The Old Clam House","street_address":"299 BAY SHORE BLVD","city":"San Francisco","state":"CA","analysis_neighborhood":"Bayview Hunters Point","supervisor_district":"10","police_district":"BAYVIEW","data_as_of":"2024-01-29T14:30:06.000","data_loaded_at":"2026-05-10T08:04:43.199"}},
{"type":"Feature","geometry":{"type":"Point","coordinates":[-122.5073385,37.76013]},"properties":{":id":"row-kfp5~ep99.9r4z",":version":"rv-rgzi~avth.ef5x",":created_at":"2026-05-10T15:04:56.433Z",":updated_at":"2026-05-10T15:04:56.433Z","active_licenses":"LLP, BP","permit_number":"1650","ban":"1131684","permit_status":"Active","poe_class_code":null,"license_type":"Limited Live Performance, Billiard or Pool Tables","dba_name":"Pitts Pub","street_address":"4207 JUDAH ST","city":"San Francisco","state":"CA","analysis_neighborhood":"Sunset/Parkside","supervisor_district":"4","police_district":"TARAVAL","data_as_of":"2024-01-29T14:30:06.000","data_loaded_at":"2026-05-10T08:04:43.199"}},
{"type":"Feature","geometry":{"type":"Point","coordinates":[-122.4625095,37.725039]},"properties":{":id":"row-f5xn~wvww_hq4z",":version":"rv-5scm~c2h3~php3",":created_at":"2026-05-10T15:04:56.433Z",":updated_at":"2026-05-10T15:04:56.433Z","active_licenses":"LLP","permit_number":"1651","ban":"1117142","permit_status":"Active","poe_class_code":null,"license_type":"Limited Live Performance","dba_name":"That's Amore SF","street_address":"1901 OCEAN AVE","city":"San Francisco","state":"CA","analysis_neighborhood":"West of Twin Peaks","supervisor_district":"7","police_district":"TARAVAL","data_as_of":"2024-01-29T14:30:06.000","data_loaded_at":"2026-05-10T08:04:43.199"}},
{"type":"Feature","geometry":{"type":"Point","coordinates":[-122.420889,37.790784]},"properties":{":id":"row-3hus~g9pt_ahrq",":version":"rv-4xmm_vu4x.yxd8",":created_at":"2026-05-10T15:04:56.433Z",":updated_at":"2026-05-10T15:04:56.433Z","active_licenses":"LLP","permit_number":"1652","ban":"1090138","permit_status":"Active","poe_class_code":null,"license_type":"Limited Live Performance","dba_name":"Ora Wine Bar","street_address":"1519 POLK ST","city":"San Francisco","state":"CA","analysis_neighborhood":"Nob Hill","supervisor_district":"3","police_district":"NORTHERN","data_as_of":"2024-01-29T14:30:06.000","data_loaded_at":"2026-05-10T08:04:43.199"}},
{"type":"Feature","geometry":{"type":"Point","coordinates":[-122.419737,37.76841]},"properties":{":id":"row-qymy.n4hb~zgrb",":version":"rv-4rnf.azcw.r62q",":created_at":"2026-05-10T15:04:56.433Z",":updated_at":"2026-05-10T15:04:56.433Z","active_licenses":"POE","permit_number":"1653","ban":"1133682","permit_status":"Active","poe_class_code":"P23","license_type":"Place of Entertainment","dba_name":"Dahlia Lounge","street_address":"1799 MISSION ST","city":"San Francisco","state":"CA","analysis_neighborhood":"Mission","supervisor_district":"9","police_district":"MISSION","data_as_of":"2024-01-29T14:30:06.000","data_loaded_at":"2026-05-10T08:04:43.199"}},
{"type":"Feature","geometry":{"type":"Point","coordinates":[-122.391999,37.778508]},"properties":{":id":"row-2aee~n3gw.667c",":version":"rv-gt4e-8aa8.nuft",":created_at":"2026-05-10T15:04:56.433Z",":updated_at":"2026-05-10T15:04:56.433Z","active_licenses":"POE","permit_number":"1654","ban":"1124924","permit_status":"Active","poe_class_code":"P23","license_type":"Place of Entertainment","dba_name":"Candlestick Park Bar","street_address":"747 3RD ST","city":"San Francisco","state":"CA","analysis_neighborhood":"Mission Bay","supervisor_district":"6","police_district":"SOUTHERN","data_as_of":"2024-01-29T14:30:06.000","data_loaded_at":"2026-05-10T08:04:43.199"}},
{"type":"Feature","geometry":{"type":"Point","coordinates":[-122.403486037,37.792262006]},"properties":{":id":"row-2229_rt7i~taak",":version":"rv-2mms~3n3j-rgb6",":created_at":"2026-05-10T15:04:56.433Z",":updated_at":"2026-05-10T15:04:56.433Z","active_licenses":"LLP","permit_number":"1656","ban":"1094558","permit_status":"Active","poe_class_code":null,"license_type":"Limited Live Performance","dba_name":"The Vault Restaurant","street_address":"555 CALIFORNIA ST","city":"San Francisco","state":"CA","analysis_neighborhood":"Financial District/South Beach","supervisor_district":"3","police_district":"CENTRAL","data_as_of":"2024-01-29T14:30:06.000","data_loaded_at":"2026-05-10T08:04:43.199"}},
{"type":"Feature","geometry":{"type":"Point","coordinates":[-122.40537842,37.7980607]},"properties":{":id":"row-wky9~8dc3.wbbv",":version":"rv-2w3r.kfy6_56ik",":created_at":"2026-05-10T15:04:56.433Z",":updated_at":"2026-05-10T15:04:56.433Z","active_licenses":"POE","permit_number":"1657","ban":"1129511","permit_status":"Active","poe_class_code":"P23","license_type":"Place of Entertainment","dba_name":"Keys Jazz Bistro","street_address":"498 BROADWAY","city":"San Francisco","state":"CA","analysis_neighborhood":"North Beach","supervisor_district":"3","police_district":"CENTRAL","data_as_of":"2024-01-29T14:30:06.000","data_loaded_at":"2026-05-10T08:04:43.199"}},
{"type":"Feature","geometry":{"type":"Point","coordinates":[-122.435496,37.799217]},"properties":{":id":"row-pfry.mvzv_dchk",":version":"rv-zru6-uma3.4tfv",":created_at":"2026-05-10T15:04:56.433Z",":updated_at":"2026-05-10T15:04:56.433Z","active_licenses":"LLP","permit_number":"1658","ban":"1129532","permit_status":"Active","poe_class_code":null,"license_type":"Limited Live Performance","dba_name":"For the Record","street_address":"2120 GREENWICH ST","city":"San Francisco","state":"CA","analysis_neighborhood":"Marina","supervisor_district":"2","police_district":"NORTHERN","data_as_of":"2025-02-11T13:18:12.000","data_loaded_at":"2026-05-10T08:04:43.199"}},
{"type":"Feature","geometry":{"type":"Point","coordinates":[-122.402772,37.787652]},"properties":{":id":"row-s6i6~chhe~p7n6",":version":"rv-n846~yebp_w9v6",":created_at":"2026-05-10T15:04:56.433Z",":updated_at":"2026-05-10T15:04:56.433Z","active_licenses":"POE","permit_number":"1659","ban":null,"permit_status":"Active","poe_class_code":"P23","license_type":"Place of Entertainment","dba_name":"Dawn Club & Lark Bar","street_address":"685 MARKET ST","city":"San Francisco","state":"CA","analysis_neighborhood":"Financial District/South Beach","supervisor_district":"6","police_district":"SOUTHERN","data_as_of":"2024-01-29T14:30:06.000","data_loaded_at":"2026-05-10T08:04:43.199"}},
{"type":"Feature","geometry":{"type":"Point","coordinates":[-122.404807882,37.790216844]},"properties":{":id":"row-9vsi-26uq~sne8",":version":"rv-gz2m~awvb.zbvr",":created_at":"2026-05-10T15:04:56.433Z",":updated_at":"2026-05-10T15:04:56.433Z","active_licenses":"POE","permit_number":"1660","ban":"1135503","permit_status":"Active","poe_class_code":"P23","license_type":"Place of Entertainment","dba_name":"Harlan Records","street_address":"18 HARLAN PL","city":"San Francisco","state":"CA","analysis_neighborhood":"Financial District/South Beach","supervisor_district":"3","police_district":"CENTRAL","data_as_of":"2024-01-29T14:30:06.000","data_loaded_at":"2026-05-10T08:04:43.199"}},
{"type":"Feature","geometry":{"type":"Point","coordinates":[-122.4190575,37.763865]},"properties":{":id":"row-n2ev-6pe8.n8a4",":version":"rv-yey3~jf34_et7d",":created_at":"2026-05-10T15:04:56.433Z",":updated_at":"2026-05-10T15:04:56.433Z","active_licenses":"LLP","permit_number":"1661","ban":"1087347","permit_status":"Active","poe_class_code":null,"license_type":"Limited Live Performance","dba_name":"Union Station","street_address":"2075 MISSION ST","city":"San Francisco","state":"CA","analysis_neighborhood":"Mission","supervisor_district":"9","police_district":"MISSION","data_as_of":"2024-01-29T14:30:06.000","data_loaded_at":"2026-05-10T08:04:43.199"}},
{"type":"Feature","geometry":{"type":"Point","coordinates":[-122.416074,37.778112]},"properties":{":id":"row-mk5z.zj7m-9m2t",":version":"rv-h3x9.9a8j.xuhd",":created_at":"2026-05-10T15:04:56.433Z",":updated_at":"2026-05-10T15:04:56.433Z","active_licenses":"LLP","permit_number":"1662","ban":"1020981","permit_status":"Active","poe_class_code":null,"license_type":"Limited Live Performance","dba_name":"Moe Greens","street_address":"1276 MARKET ST","city":"San Francisco","state":"CA","analysis_neighborhood":"Tenderloin","supervisor_district":"6","police_district":"TENDERLOIN","data_as_of":"2024-01-29T14:30:06.000","data_loaded_at":"2026-05-10T08:04:43.199"}},
{"type":"Feature","geometry":{"type":"Point","coordinates":[-122.4078705,37.782063]},"properties":{":id":"row-zbvk_dcxm-zgtu",":version":"rv-itey.e958_s8kb",":created_at":"2026-05-10T15:04:56.433Z",":updated_at":"2026-05-10T15:04:56.433Z","active_licenses":"LLP","permit_number":"1663","ban":"474382","permit_status":"Active","poe_class_code":null,"license_type":"Limited Live Performance","dba_name":"Barbary Coast","street_address":"952 MISSION ST","city":"San Francisco","state":"CA","analysis_neighborhood":"South of Market","supervisor_district":"6","police_district":"SOUTHERN","data_as_of":"2025-03-05T15:51:42.000","data_loaded_at":"2026-05-10T08:04:43.199"}},
{"type":"Feature","geometry":{"type":"Point","coordinates":[-122.4205785,37.788363]},"properties":{":id":"row-ckpb_6a2s.dykt",":version":"rv-fcuk-8bey.2vuk",":created_at":"2026-05-10T15:04:56.433Z",":updated_at":"2026-05-10T15:04:56.433Z","active_licenses":"LLP","permit_number":"1664","ban":"429615","permit_status":"Active","poe_class_code":null,"license_type":"Limited Live Performance","dba_name":"McTeague's Saloon","street_address":"1237 POLK ST","city":"San Francisco","state":"CA","analysis_neighborhood":"Nob Hill","supervisor_district":"3","police_district":"NORTHERN","data_as_of":"2024-01-29T14:30:06.000","data_loaded_at":"2026-05-10T08:04:43.199"}},
{"type":"Feature","geometry":{"type":"Point","coordinates":[-122.390505,37.774719]},"properties":{":id":"row-fg2i.ny29_aydr",":version":"rv-w57x~nvws_98vd",":created_at":"2026-05-10T15:04:56.433Z",":updated_at":"2026-05-10T15:04:56.433Z","active_licenses":"POE","permit_number":"1665","ban":"1137152","permit_status":"Active","poe_class_code":"P23","license_type":"Place of Entertainment","dba_name":"Cavana Rooftop Bar","street_address":"108 CHANNEL ST","city":"San Francisco","state":"CA","analysis_neighborhood":"Mission Bay","supervisor_district":"6","police_district":"BAYVIEW","data_as_of":"2024-01-29T14:30:06.000","data_loaded_at":"2026-05-10T08:04:43.199"}},
{"type":"Feature","geometry":{"type":"Point","coordinates":[-122.408028,37.799082]},"properties":{":id":"row-mtgy~xsja_69bz",":version":"rv-7xai-6f7q-qesc",":created_at":"2026-05-10T15:04:56.433Z",":updated_at":"2026-05-10T15:04:56.433Z","active_licenses":"LLP","permit_number":"1666","ban":"1132807","permit_status":"Active","poe_class_code":null,"license_type":"Limited Live Performance","dba_name":"Mona Lisa Mare E Monti","street_address":"414 COLUMBUS AVE","city":"San Francisco","state":"CA","analysis_neighborhood":"North Beach","supervisor_district":"3","police_district":"CENTRAL","data_as_of":"2024-01-29T14:30:06.000","data_loaded_at":"2026-05-10T08:04:43.199"}},
{"type":"Feature","geometry":{"type":"Point","coordinates":[-122.423931,37.765017]},"properties":{":id":"row-6ihz-2xq8_zazk",":version":"rv-5q9h~nvjf-hj9a",":created_at":"2026-05-10T15:04:56.433Z",":updated_at":"2026-05-10T15:04:56.433Z","active_licenses":"LLP","permit_number":"1667","ban":"1135200","permit_status":"Active","poe_class_code":null,"license_type":"Limited Live Performance","dba_name":"Arepas","street_address":"3198 16TH ST","city":"San Francisco","state":"CA","analysis_neighborhood":"Mission","supervisor_district":"9","police_district":"MISSION","data_as_of":"2024-01-29T14:30:06.000","data_loaded_at":"2026-05-10T08:04:43.199"}},
{"type":"Feature","geometry":{"type":"Point","coordinates":[-122.493542083,37.775868364]},"properties":{":id":"row-dx3c~z2df_k8x2",":version":"rv-f7me-f3f2_tdr8",":created_at":"2026-05-10T15:04:56.433Z",":updated_at":"2026-05-10T15:04:56.433Z","active_licenses":"LLP","permit_number":"1669","ban":"1087904","permit_status":"Active","poe_class_code":null,"license_type":"Limited Live Performance","dba_name":"Eye and Hand Society","street_address":"3245 BALBOA ST","city":"San Francisco","state":"CA","analysis_neighborhood":"Outer Richmond","supervisor_district":"1","police_district":"RICHMOND","data_as_of":"2024-01-29T14:30:06.000","data_loaded_at":"2026-05-10T08:04:43.199"}},
{"type":"Feature","geometry":{"type":"Point","coordinates":[-122.4232605,37.765071]},"properties":{":id":"row-jryh-c2pr~fk63",":version":"rv-uyd3.j2fc_yh5r",":created_at":"2026-05-10T15:04:56.433Z",":updated_at":"2026-05-10T15:04:56.433Z","active_licenses":"POE, BP","permit_number":"1670","ban":"1140029","permit_status":"Active","poe_class_code":"P23","license_type":"Place of Entertainment, Billiard or Pool Tables","dba_name":"Kilowatt","street_address":"3160 16TH ST","city":"San Francisco","state":"CA","analysis_neighborhood":"Mission","supervisor_district":"9","police_district":"MISSION","data_as_of":"2024-01-29T14:30:06.000","data_loaded_at":"2026-05-10T08:04:43.199"}},
{"type":"Feature","geometry":{"type":"Point","coordinates":[-122.407857,37.800783]},"properties":{":id":"row-dyvx~uazf~37xm",":version":"rv-y9rh_imf7_3e8s",":created_at":"2026-05-10T15:04:56.433Z",":updated_at":"2026-05-10T15:04:56.433Z","active_licenses":"LLP","permit_number":"1671","ban":"339377","permit_status":"Active","poe_class_code":null,"license_type":"Limited Live Performance","dba_name":"Libreria Pino/Telegraph Hill Books","street_address":"1501 GRANT AVE","city":"San Francisco","state":"CA","analysis_neighborhood":"North Beach","supervisor_district":"3","police_district":"CENTRAL","data_as_of":"2024-01-29T14:30:06.000","data_loaded_at":"2026-05-10T08:04:43.199"}},
{"type":"Feature","geometry":{"type":"Point","coordinates":[-122.4185895,37.776177]},"properties":{":id":"row-8sqn.nk2d~qcbs",":version":"rv-7w5i_vst4~a4xh",":created_at":"2026-05-10T15:04:56.433Z",":updated_at":"2026-05-10T15:04:56.433Z","active_licenses":"LLP","permit_number":"1672","ban":"322936","permit_status":"Active","poe_class_code":null,"license_type":"Limited Live Performance","dba_name":"Intersection for the Arts","street_address":"1446 MARKET ST","city":"San Francisco","state":"CA","analysis_neighborhood":"Tenderloin","supervisor_district":"6","police_district":"NORTHERN","data_as_of":"2024-01-29T14:30:06.000","data_loaded_at":"2026-05-10T08:04:43.199"}},
{"type":"Feature","geometry":{"type":"Point","coordinates":[-122.4241875,37.768221]},"properties":{":id":"row-j7cc-r3i8_3rg9",":version":"rv-k2kd-h8qk-e3y8",":created_at":"2026-05-10T15:04:56.433Z",":updated_at":"2026-05-10T15:04:56.433Z","active_licenses":"POE","permit_number":"1673","ban":"1120111","permit_status":"Active","poe_class_code":"P23","license_type":"Place of Entertainment","dba_name":"Bar Part Time","street_address":"496 14TH ST","city":"San Francisco","state":"CA","analysis_neighborhood":"Mission","supervisor_district":"9","police_district":"MISSION","data_as_of":"2024-01-29T14:30:06.000","data_loaded_at":"2026-05-10T08:04:43.199"}},
{"type":"Feature","geometry":{"type":"Point","coordinates":[-122.4213345,37.764684]},"properties":{":id":"row-j8ub_t3x3~dpxm",":version":"rv-6xwj.r83k~vg6f",":created_at":"2026-05-10T15:04:56.433Z",":updated_at":"2026-05-10T15:04:56.433Z","active_licenses":"POE","permit_number":"1674","ban":null,"permit_status":"Active","poe_class_code":"P23","license_type":"Place of Entertainment","dba_name":"Mother","street_address":"3079 16TH ST","city":"San Francisco","state":"CA","analysis_neighborhood":"Mission","supervisor_district":"9","police_district":"MISSION","data_as_of":"2025-03-28T15:06:35.000","data_loaded_at":"2026-05-10T08:04:43.199"}},
{"type":"Feature","geometry":{"type":"Point","coordinates":[-122.4344205,37.725696]},"properties":{":id":"row-7e9h~xj7d~5xvn",":version":"rv-h8fx~34kd_ncmp",":created_at":"2026-05-10T15:04:56.433Z",":updated_at":"2026-05-10T15:04:56.433Z","active_licenses":"LLP","permit_number":"1675","ban":"1031595","permit_status":"Active","poe_class_code":null,"license_type":"Limited Live Performance","dba_name":"The Korner Store Bites & Vibes","street_address":"4516 MISSION ST","city":"San Francisco","state":"CA","analysis_neighborhood":"Outer Mission","supervisor_district":"11","police_district":"INGLESIDE","data_as_of":"2026-01-05T21:36:17.000","data_loaded_at":"2026-05-10T08:04:43.199"}},
{"type":"Feature","geometry":{"type":"Point","coordinates":[-122.4115155,37.800981]},"properties":{":id":"row-9qv9-fjzx-5wh7",":version":"rv-tv96_cnas_6ewf",":created_at":"2026-05-10T15:04:56.433Z",":updated_at":"2026-05-10T15:04:56.433Z","active_licenses":"LLP","permit_number":"1676","ban":"0391888","permit_status":"Active","poe_class_code":null,"license_type":"Limited Live Performance","dba_name":"PIAZZA PELLEGRINI","street_address":"659 COLUMBUS AVE","city":"San Francisco","state":"CA","analysis_neighborhood":"Chinatown","supervisor_district":"3","police_district":"CENTRAL","data_as_of":"2026-01-05T21:36:37.000","data_loaded_at":"2026-05-10T08:04:43.199"}},
{"type":"Feature","geometry":{"type":"Point","coordinates":[-122.4156024,37.809023846]},"properties":{":id":"row-8iup.te6m.chm3",":version":"rv-x9f2_7h4j-fv4s",":created_at":"2026-05-10T15:04:56.433Z",":updated_at":"2026-05-10T15:04:56.433Z","active_licenses":"LLP","permit_number":"1677","ban":"1080987","permit_status":"Active","poe_class_code":null,"license_type":"Limited Live Performance","dba_name":"METRO EVENTS LLC","street_address":"27 THE EMBARCADERO","city":"San Francisco","state":"CA","analysis_neighborhood":"North Beach","supervisor_district":"3","police_district":"CENTRAL","data_as_of":"2026-01-05T21:37:03.000","data_loaded_at":"2026-05-10T08:04:43.199"}},
{"type":"Feature","geometry":{"type":"Point","coordinates":[-122.422248,37.765143]},"properties":{":id":"row-xcnz_gccz.fzvg",":version":"rv-uhvn.uz47-2dww",":created_at":"2026-05-10T15:04:56.433Z",":updated_at":"2026-05-10T15:04:56.433Z","active_licenses":"LLP","permit_number":"1678","ban":"1133730","permit_status":"Active","poe_class_code":null,"license_type":"Limited Live Performance","dba_name":"RUDI'S SPORTS BAR & RESTAURANT","street_address":"3108 16TH ST","city":"San Francisco","state":"CA","analysis_neighborhood":"Mission","supervisor_district":"9","police_district":"MISSION","data_as_of":"2025-03-28T15:06:35.000","data_loaded_at":"2026-05-10T08:04:43.199"}},
{"type":"Feature","geometry":{"type":"Point","coordinates":[-122.365044,37.727568]},"properties":{":id":"row-2isb~353d-g2xv",":version":"rv-umtg-m5qb_2bi6",":created_at":"2026-05-10T15:04:56.433Z",":updated_at":"2026-05-10T15:04:56.433Z","active_licenses":"LLP","permit_number":"1679","ban":"1094327","permit_status":"Active","poe_class_code":null,"license_type":"Limited Live Performance","dba_name":"SHIPYARD TRUST FOR THE ARTS","street_address":"101 HORNE AVE","city":"San Francisco","state":"CA","analysis_neighborhood":"Bayview Hunters Point","supervisor_district":"10","police_district":"BAYVIEW","data_as_of":"2026-01-05T21:36:55.000","data_loaded_at":"2026-05-10T08:04:43.199"}},
{"type":"Feature","geometry":{"type":"Point","coordinates":[-122.465124,37.783179]},"properties":{":id":"row-wuud-6aqc_g9wi",":version":"rv-cn66_qsmw-hzwv",":created_at":"2026-05-10T15:04:56.433Z",":updated_at":"2026-05-10T15:04:56.433Z","active_licenses":"LLP","permit_number":"1681","ban":"1126200","permit_status":"Active","poe_class_code":null,"license_type":"Limited Live Performance","dba_name":"540","street_address":"540 CLEMENT ST","city":"San Francisco","state":"CA","analysis_neighborhood":"Inner Richmond","supervisor_district":"1","police_district":"RICHMOND","data_as_of":"2025-07-17T09:45:09.000","data_loaded_at":"2026-05-10T08:04:43.199"}},
{"type":"Feature","geometry":{"type":"Point","coordinates":[-122.4195525,37.788534]},"properties":{":id":"row-39f3~cx74~gtky",":version":"rv-pg4e-teyi-huv2",":created_at":"2026-05-10T15:04:56.433Z",":updated_at":"2026-05-10T15:04:56.433Z","active_licenses":"POE","permit_number":"1682","ban":"0430159","permit_status":"Active","poe_class_code":"P23","license_type":"Place of Entertainment","dba_name":"MUSIC CITY HOTEL","street_address":"1353 BUSH ST","city":"San Francisco","state":"CA","analysis_neighborhood":"Nob Hill","supervisor_district":"3","police_district":"NORTHERN","data_as_of":"2025-03-28T15:06:35.000","data_loaded_at":"2026-05-10T08:04:43.199"}},
{"type":"Feature","geometry":{"type":"Point","coordinates":[-122.4364185,37.722123]},"properties":{":id":"row-sgzt_e987-6pzm",":version":"rv-qfkd.d29a.pzah",":created_at":"2026-05-10T15:04:56.433Z",":updated_at":"2026-05-10T15:04:56.433Z","active_licenses":"LLP","permit_number":"1684","ban":"1067568","permit_status":"Active","poe_class_code":null,"license_type":"Limited Live Performance","dba_name":"ROCKS DEN","street_address":"4753 MISSION ST","city":"San Francisco","state":"CA","analysis_neighborhood":"Excelsior","supervisor_district":"11","police_district":"INGLESIDE","data_as_of":"2025-03-28T15:06:35.000","data_loaded_at":"2026-05-10T08:04:43.199"}},
{"type":"Feature","geometry":{"type":"Point","coordinates":[-122.4233145,37.777239]},"properties":{":id":"row-jr2v.a5d5.uwzj",":version":"rv-jvac_ejq8_7wen",":created_at":"2026-05-10T15:04:56.433Z",":updated_at":"2026-05-10T15:04:56.433Z","active_licenses":"LLP","permit_number":"1686","ban":"0469286","permit_status":"Active","poe_class_code":null,"license_type":"Limited Live Performance","dba_name":"FIG & THISTLE","street_address":"429 GOUGH ST","city":"San Francisco","state":"CA","analysis_neighborhood":"Hayes Valley","supervisor_district":"5","police_district":"NORTHERN","data_as_of":"2025-03-28T15:06:35.000","data_loaded_at":"2026-05-10T08:04:43.199"}},
{"type":"Feature","geometry":{"type":"Point","coordinates":[-122.41737,37.767015]},"properties":{":id":"row-2qnc.bgph_ch9b",":version":"rv-f5fz-c94s~vn3h",":created_at":"2026-05-10T15:04:56.433Z",":updated_at":"2026-05-10T15:04:56.433Z","active_licenses":"LLP","permit_number":"1687","ban":"1123679","permit_status":"Active","poe_class_code":null,"license_type":"Limited Live Performance","dba_name":"SYZYGY ACADEMY","street_address":"395 SOUTH VAN NESS AVE","city":"San Francisco","state":"CA","analysis_neighborhood":"Mission","supervisor_district":"9","police_district":"MISSION","data_as_of":"2026-03-05T10:56:31.000","data_loaded_at":"2026-05-10T08:04:43.199"}},
{"type":"Feature","geometry":{"type":"Point","coordinates":[-122.4212895,37.761507]},"properties":{":id":"row-eemz.bg6p~vtxi",":version":"rv-c68p-r6ur_5xcv",":created_at":"2026-05-10T15:04:56.433Z",":updated_at":"2026-05-10T15:04:56.433Z","active_licenses":"LLP","permit_number":"1688","ban":"0448434","permit_status":"Active","poe_class_code":null,"license_type":"Limited Live Performance","dba_name":"The City Station","street_address":"701 VALENCIA ST","city":"San Francisco","state":"CA","analysis_neighborhood":"Mission","supervisor_district":"9","police_district":"MISSION","data_as_of":"2026-01-05T21:37:39.000","data_loaded_at":"2026-05-10T08:04:43.199"}},
{"type":"Feature","geometry":{"type":"Point","coordinates":[-122.451111,37.786302]},"properties":{":id":"row-i3wv-kem5~syi8",":version":"rv-cwwu.ebg9~yxq2",":created_at":"2026-05-10T15:04:56.433Z",":updated_at":"2026-05-10T15:04:56.433Z","active_licenses":"FPAS","permit_number":"1689","ban":"1123524","permit_status":"Active","poe_class_code":null,"license_type":"Fixed Place Amplified Sound","dba_name":"PROPOSITION CHICKEN","street_address":"3465 CALIFORNIA ST","city":"San Francisco","state":"CA","analysis_neighborhood":"Presidio Heights","supervisor_district":"2","police_district":"RICHMOND","data_as_of":"2025-03-28T15:06:35.000","data_loaded_at":"2026-05-10T08:04:43.199"}},
{"type":"Feature","geometry":{"type":"Point","coordinates":[-122.4194985,37.77426]},"properties":{":id":"row-x2iw-e3cw~hsfh",":version":"rv-5erb.iqfg~umf3",":created_at":"2026-05-10T15:04:56.433Z",":updated_at":"2026-05-10T15:04:56.433Z","active_licenses":"LLP","permit_number":"1690","ban":"0490623","permit_status":"Active","poe_class_code":null,"license_type":"Limited Live Performance","dba_name":"SVN West","street_address":"10 SOUTH VAN NESS AVE","city":"San Francisco","state":"CA","analysis_neighborhood":"Mission","supervisor_district":"6","police_district":"SOUTHERN","data_as_of":"2026-01-05T21:37:14.000","data_loaded_at":"2026-05-10T08:04:43.199"}},
{"type":"Feature","geometry":{"type":"Point","coordinates":[-122.441499,37.800351]},"properties":{":id":"row-pc2p-5dtx~xhyg",":version":"rv-jruz.rqy4_yhau",":created_at":"2026-05-10T15:04:56.433Z",":updated_at":"2026-05-10T15:04:56.433Z","active_licenses":"LLP","permit_number":"1691","ban":"0374410","permit_status":"Active","poe_class_code":null,"license_type":"Limited Live Performance","dba_name":"RULLI RISTO-BAR","street_address":"2300 CHESTNUT ST","city":"San Francisco","state":"CA","analysis_neighborhood":"Marina","supervisor_district":"2","police_district":"NORTHERN","data_as_of":"2025-03-31T15:49:55.000","data_loaded_at":"2026-05-10T08:04:43.199"}},
{"type":"Feature","geometry":{"type":"Point","coordinates":[-122.391200008,37.77124795]},"properties":{":id":"row-z6ap_xcca~35c3",":version":"rv-s8m3~k2vb.qc82",":created_at":"2026-05-10T15:04:56.433Z",":updated_at":"2026-05-10T15:04:56.433Z","active_licenses":"FPAS","permit_number":"1692","ban":"1084632","permit_status":"Active","poe_class_code":null,"license_type":"Fixed Place Amplified Sound","dba_name":"PARKLAB GARDENS","street_address":"1379 4TH ST","city":"San Francisco","state":"CA","analysis_neighborhood":"Mission Bay","supervisor_district":"6","police_district":"BAYVIEW","data_as_of":"2025-03-28T15:06:35.000","data_loaded_at":"2026-05-10T08:04:43.199"}},
{"type":"Feature","geometry":{"type":"Point","coordinates":[-122.4338085,37.764]},"properties":{":id":"row-gswv.ygjh.tytp",":version":"rv-tzdn-526b~rt2d",":created_at":"2026-05-10T15:04:56.433Z",":updated_at":"2026-05-10T15:04:56.433Z","active_licenses":"FPAS","permit_number":"1693","ban":"1109714","permit_status":"Active","poe_class_code":null,"license_type":"Fixed Place Amplified Sound","dba_name":"TACO BOYS","street_address":"2312 MARKET ST","city":"San Francisco","state":"CA","analysis_neighborhood":"Castro/Upper Market","supervisor_district":"8","police_district":"PARK","data_as_of":"2025-03-28T15:06:35.000","data_loaded_at":"2026-05-10T08:04:43.199"}},
{"type":"Feature","geometry":{"type":"Point","coordinates":[-122.407218,37.782747]},"properties":{":id":"row-vwsb~bg3q~22yd",":version":"rv-3n7i~4t5d_cm5s",":created_at":"2026-05-10T15:04:56.433Z",":updated_at":"2026-05-10T15:04:56.433Z","active_licenses":"LLP","permit_number":"1695","ban":"0490623","permit_status":"Active","poe_class_code":null,"license_type":"Limited Live Performance","dba_name":"The Mint","street_address":"88 5TH ST","city":"San Francisco","state":"CA","analysis_neighborhood":"South of Market","supervisor_district":"6","police_district":"SOUTHERN","data_as_of":"2026-01-05T21:37:43.000","data_loaded_at":"2026-05-10T08:04:43.199"}},
{"type":"Feature","geometry":{"type":"Point","coordinates":[-122.4143325,37.786374]},"properties":{":id":"row-3f6b-6tch~ve29",":version":"rv-95q6-zfa5.krkz",":created_at":"2026-05-10T15:04:56.433Z",":updated_at":"2026-05-10T15:04:56.433Z","active_licenses":"POE","permit_number":"1696","ban":"1139687","permit_status":"Active","poe_class_code":"P23","license_type":"Place of Entertainment","dba_name":"PASHA MEDITERRANEAN","street_address":"673 GEARY ST","city":"San Francisco","state":"CA","analysis_neighborhood":"Tenderloin","supervisor_district":"5","police_district":"TENDERLOIN","data_as_of":"2025-03-28T15:06:35.000","data_loaded_at":"2026-05-10T08:04:43.199"}},
{"type":"Feature","geometry":{"type":"Point","coordinates":[-122.408163,37.781244]},"properties":{":id":"row-nphy~9ggq~bevx",":version":"rv-h683_4qne_bw7k",":created_at":"2026-05-10T15:04:56.433Z",":updated_at":"2026-05-10T15:04:56.433Z","active_licenses":"LLP","permit_number":"1697","ban":"1118794","permit_status":"Active","poe_class_code":null,"license_type":"Limited Live Performance","dba_name":"TRELLIS","street_address":"981 MISSION ST","city":"San Francisco","state":"CA","analysis_neighborhood":"South of Market","supervisor_district":"6","police_district":"SOUTHERN","data_as_of":"2025-03-28T15:06:35.000","data_loaded_at":"2026-05-10T08:04:43.199"}},
{"type":"Feature","geometry":{"type":"Point","coordinates":[-122.4098055,37.800225]},"properties":{":id":"row-bfwb~e6n7_8ecu",":version":"rv-qf9j.r3xa_8km8",":created_at":"2026-05-10T15:04:56.433Z",":updated_at":"2026-05-10T15:04:56.433Z","active_licenses":"LLP","permit_number":"1698","ban":"0182926","permit_status":"Active","poe_class_code":null,"license_type":"Limited Live Performance","dba_name":"Mario's Bohemian Cigar Store Cafe","street_address":"566 COLUMBUS AVE","city":"San Francisco","state":"CA","analysis_neighborhood":"North Beach","supervisor_district":"3","police_district":"CENTRAL","data_as_of":"2025-03-28T15:06:35.000","data_loaded_at":"2026-05-10T08:04:43.199"}},
{"type":"Feature","geometry":{"type":"Point","coordinates":[-122.412924,37.772271]},"properties":{":id":"row-hiyg.r27v~sjdg",":version":"rv-degc_shwr~rhtm",":created_at":"2026-05-10T15:04:56.433Z",":updated_at":"2026-05-10T15:04:56.433Z","active_licenses":"POE","permit_number":"1700","ban":"1124634","permit_status":"Active","poe_class_code":"P23","license_type":"Place of Entertainment","dba_name":"THE FOUNDRY SF","street_address":"1425 FOLSOM ST","city":"San Francisco","state":"CA","analysis_neighborhood":"South of Market","supervisor_district":"6","police_district":"SOUTHERN","data_as_of":"2025-03-28T15:06:35.000","data_loaded_at":"2026-05-10T08:04:43.199"}},
{"type":"Feature","geometry":null,"properties":{":id":"row-awn3.72mf~v4u2",":version":"rv-j3hi-furj.gah7",":created_at":"2026-05-10T15:04:56.433Z",":updated_at":"2026-05-10T15:04:56.433Z","active_licenses":"LLP","permit_number":"1701","ban":"1112695","permit_status":"Active","poe_class_code":null,"license_type":"Limited Live Performance","dba_name":"HUDSON ONE FERRY REIT, L.P.","street_address":null,"city":"San Francisco","state":"CA","analysis_neighborhood":null,"supervisor_district":null,"police_district":null,"data_as_of":"2026-01-05T21:37:09.000","data_loaded_at":"2026-05-10T08:04:43.199"}},
{"type":"Feature","geometry":{"type":"Point","coordinates":[-122.400954,37.790487]},"properties":{":id":"row-88kj-wfwt-5a4m",":version":"rv-rb4n.zycx~phj8",":created_at":"2026-05-10T15:04:56.433Z",":updated_at":"2026-05-10T15:04:56.433Z","active_licenses":"POE","permit_number":"1702","ban":"1145055","permit_status":"Active","poe_class_code":"P23","license_type":"Place of Entertainment","dba_name":"THE CONSERVATORY AT ONE SANSOME & HOLBROOK HOUSE","street_address":"1 SANSOME ST","city":"San Francisco","state":"CA","analysis_neighborhood":"Financial District/South Beach","supervisor_district":"3","police_district":"CENTRAL","data_as_of":"2025-05-29T15:51:03.000","data_loaded_at":"2026-05-10T08:04:43.199"}},
{"type":"Feature","geometry":{"type":"Point","coordinates":[-122.452218,37.769229]},"properties":{":id":"row-ghyh-zcx9.deg8",":version":"rv-4ggp~baux_fmjm",":created_at":"2026-05-10T15:04:56.433Z",":updated_at":"2026-05-10T15:04:56.433Z","active_licenses":"LLP","permit_number":"1703","ban":"0461317","permit_status":"Active","poe_class_code":null,"license_type":"Limited Live Performance","dba_name":"MURIO'S","street_address":"1811 HAIGHT ST","city":"San Francisco","state":"CA","analysis_neighborhood":"Haight Ashbury","supervisor_district":"5","police_district":"PARK","data_as_of":"2026-01-05T21:37:47.000","data_loaded_at":"2026-05-10T08:04:43.199"}},
{"type":"Feature","geometry":{"type":"Point","coordinates":[-122.4219375,37.762002]},"properties":{":id":"row-jq6v~dbqp_pcj4",":version":"rv-y3j5.h8d5~dnbs",":created_at":"2026-05-10T15:04:56.433Z",":updated_at":"2026-05-10T15:04:56.433Z","active_licenses":"LLP","permit_number":"1704","ban":"1145960","permit_status":"Active","poe_class_code":null,"license_type":"Limited Live Performance","dba_name":"Petra Mediterranean","street_address":"680 VALENCIA ST","city":"San Francisco","state":"CA","analysis_neighborhood":"Mission","supervisor_district":"9","police_district":"MISSION","data_as_of":"2025-03-28T15:06:35.000","data_loaded_at":"2026-05-10T08:04:43.199"}},
{"type":"Feature","geometry":{"type":"Point","coordinates":[-122.4144585,37.752255]},"properties":{":id":"row-pv3f_kpjr_fcma",":version":"rv-a9hz_ygsr-43aa",":created_at":"2026-05-10T15:04:56.433Z",":updated_at":"2026-05-10T15:04:56.433Z","active_licenses":"LLP","permit_number":"1705","ban":"1139395","permit_status":"Active","poe_class_code":null,"license_type":"Limited Live Performance","dba_name":"GYROS & TZATZIKI","street_address":"3111 24TH ST","city":"San Francisco","state":"CA","analysis_neighborhood":"Mission","supervisor_district":"9","police_district":"MISSION","data_as_of":"2025-03-28T15:06:35.000","data_loaded_at":"2026-05-10T08:04:43.199"}},
{"type":"Feature","geometry":{"type":"Point","coordinates":[-122.424246,37.776402]},"properties":{":id":"row-42n8-u4nc-kb3v",":version":"rv-fg3a_n28d~nbn9",":created_at":"2026-05-10T15:04:56.433Z",":updated_at":"2026-05-10T15:04:56.433Z","active_licenses":"FPAS","permit_number":"1706","ban":"1139297","permit_status":"Active","poe_class_code":null,"license_type":"Fixed Place Amplified Sound","dba_name":"LUXFIT SF","street_address":"432 OCTAVIA ST","city":"San Francisco","state":"CA","analysis_neighborhood":"Hayes Valley","supervisor_district":"5","police_district":"NORTHERN","data_as_of":"2025-03-28T15:06:35.000","data_loaded_at":"2026-05-10T08:04:43.199"}},
{"type":"Feature","geometry":{"type":"Point","coordinates":[-122.392962,37.789812]},"properties":{":id":"row-33j2.6pf5.h5ig",":version":"rv-db9f-jrhe~2uty",":created_at":"2026-05-10T15:04:56.433Z",":updated_at":"2026-05-10T15:04:56.433Z","active_licenses":"LLP","permit_number":"1709","ban":"1125233","permit_status":"Active","poe_class_code":null,"license_type":"Limited Live Performance","dba_name":"THE CROSSING AT EAST CUT","street_address":"250 MAIN ST","city":"San Francisco","state":"CA","analysis_neighborhood":"Financial District/South Beach","supervisor_district":"6","police_district":"SOUTHERN","data_as_of":"2026-01-05T21:37:55.000","data_loaded_at":"2026-05-10T08:04:43.199"}},
{"type":"Feature","geometry":{"type":"Point","coordinates":[-122.434839,37.724211]},"properties":{":id":"row-da9u~9ijy~3vfg",":version":"rv-3jrm.b9vq~szh3",":created_at":"2026-05-10T15:04:56.433Z",":updated_at":"2026-05-10T15:04:56.433Z","active_licenses":"LLP","permit_number":"1711","ban":"1142131","permit_status":"Active","poe_class_code":null,"license_type":"Limited Live Performance","dba_name":"TALA WINE","street_address":"4625 MISSION ST","city":"San Francisco","state":"CA","analysis_neighborhood":"Excelsior","supervisor_district":"11","police_district":"INGLESIDE","data_as_of":"2025-03-28T15:06:35.000","data_loaded_at":"2026-05-10T08:04:43.199"}},
{"type":"Feature","geometry":{"type":"Point","coordinates":[-122.418792,37.799046]},"properties":{":id":"row-byjq_rhy2_5xaw",":version":"rv-tnd2-nfwq~wqz3",":created_at":"2026-05-10T15:04:56.433Z",":updated_at":"2026-05-10T15:04:56.433Z","active_licenses":"FPAS","permit_number":"1712","ban":"0424079","permit_status":"Active","poe_class_code":null,"license_type":"Fixed Place Amplified Sound","dba_name":"BACCHUS WINE & SAKE BAR","street_address":"1954 HYDE ST","city":"San Francisco","state":"CA","analysis_neighborhood":"Russian Hill","supervisor_district":"3","police_district":"CENTRAL","data_as_of":"2025-03-28T15:06:35.000","data_loaded_at":"2026-05-10T08:04:43.199"}},
{"type":"Feature","geometry":{"type":"Point","coordinates":[-122.4317835,37.797858]},"properties":{":id":"row-6gv9-vrw4-svqx",":version":"rv-3yfd_swkq-fqph",":created_at":"2026-05-10T15:04:56.433Z",":updated_at":"2026-05-10T15:04:56.433Z","active_licenses":"LLP","permit_number":"1713","ban":"1144153","permit_status":"Active","poe_class_code":null,"license_type":"Limited Live Performance","dba_name":"NEON","street_address":"1974 UNION ST","city":"San Francisco","state":"CA","analysis_neighborhood":"Marina","supervisor_district":"2","police_district":"NORTHERN","data_as_of":"2026-01-05T21:38:01.000","data_loaded_at":"2026-05-10T08:04:43.199"}},
{"type":"Feature","geometry":{"type":"Point","coordinates":[-122.4038565,37.796535]},"properties":{":id":"row-acim~ycwz-uw53",":version":"rv-bvkf_mg3a-h4si",":created_at":"2026-05-10T15:04:56.433Z",":updated_at":"2026-05-10T15:04:56.433Z","active_licenses":"LLP","permit_number":"1714","ban":"0477746","permit_status":"Active","poe_class_code":null,"license_type":"Limited Live Performance","dba_name":"ROKA AKOR","street_address":"801 MONTGOMERY ST","city":"San Francisco","state":"CA","analysis_neighborhood":"Chinatown","supervisor_district":"3","police_district":"CENTRAL","data_as_of":"2026-01-05T21:38:14.000","data_loaded_at":"2026-05-10T08:04:43.199"}},
{"type":"Feature","geometry":{"type":"Point","coordinates":[-122.4397665,37.717695]},"properties":{":id":"row-ybyg~yfgi-hmkd",":version":"rv-xibp-ptfd.gzwi",":created_at":"2026-05-10T15:04:56.433Z",":updated_at":"2026-05-10T15:04:56.433Z","active_licenses":"LLP","permit_number":"1715","ban":"1146012","permit_status":"Active","poe_class_code":null,"license_type":"Limited Live Performance","dba_name":"Leon Event Hall","street_address":"5051 MISSION ST","city":"San Francisco","state":"CA","analysis_neighborhood":"Excelsior","supervisor_district":"11","police_district":"INGLESIDE","data_as_of":"2025-03-28T15:06:35.000","data_loaded_at":"2026-05-10T08:04:43.199"}},
{"type":"Feature","geometry":{"type":"Point","coordinates":[-122.4297585,37.797534]},"properties":{":id":"row-8kwr-ztvc-qdgd",":version":"rv-vqee~me6y-7siw",":created_at":"2026-05-10T15:04:56.433Z",":updated_at":"2026-05-10T15:04:56.433Z","active_licenses":"LLP","permit_number":"1716","ban":"1135913","permit_status":"Active","poe_class_code":null,"license_type":"Limited Live Performance","dba_name":"TRINITY","street_address":"1851 UNION ST","city":"San Francisco","state":"CA","analysis_neighborhood":"Marina","supervisor_district":"2","police_district":"NORTHERN","data_as_of":"2025-03-28T15:06:35.000","data_loaded_at":"2026-05-10T08:04:43.199"}},
{"type":"Feature","geometry":{"type":"Point","coordinates":[-122.429889,37.771893]},"properties":{":id":"row-wxc6_7hy9-5vkt",":version":"rv-ejbx_44zd_w4e2",":created_at":"2026-05-10T15:04:56.433Z",":updated_at":"2026-05-10T15:04:56.433Z","active_licenses":"LLP","permit_number":"1717","ban":"1145292","permit_status":"Active","poe_class_code":null,"license_type":"Limited Live Performance","dba_name":"THE FAIGHT","street_address":"475 HAIGHT ST","city":"San Francisco","state":"CA","analysis_neighborhood":"Hayes Valley","supervisor_district":"5","police_district":"NORTHERN","data_as_of":"2025-03-28T15:06:35.000","data_loaded_at":"2026-05-10T08:04:43.199"}},
{"type":"Feature","geometry":{"type":"Point","coordinates":[-122.504913,37.742013]},"properties":{":id":"row-jgpr.vpvx~iv7y",":version":"rv-9vqr~tfx2~8myi",":created_at":"2026-05-10T15:04:56.433Z",":updated_at":"2026-05-10T15:04:56.433Z","active_licenses":"LLP","permit_number":"1718","ban":"1072288","permit_status":"Active","poe_class_code":null,"license_type":"Limited Live Performance","dba_name":"WHITE CAP","street_address":"3608 TARAVAL ST","city":"San Francisco","state":"CA","analysis_neighborhood":"Sunset/Parkside","supervisor_district":"4","police_district":"TARAVAL","data_as_of":"2026-01-05T21:38:38.000","data_loaded_at":"2026-05-10T08:04:43.199"}},
{"type":"Feature","geometry":{"type":"Point","coordinates":[-122.463873,37.781352]},"properties":{":id":"row-gdyz~uimf.4pwz",":version":"rv-tjfk~wrhb-f2st",":created_at":"2026-05-10T15:04:56.433Z",":updated_at":"2026-05-10T15:04:56.433Z","active_licenses":"POE","permit_number":"1719","ban":"1076644","permit_status":"Active","poe_class_code":"P23","license_type":"Place of Entertainment","dba_name":"WASABI BISTRO GRAND HOT POT","street_address":"4134 GEARY BLVD","city":"San Francisco","state":"CA","analysis_neighborhood":"Inner Richmond","supervisor_district":"1","police_district":"RICHMOND","data_as_of":"2025-03-28T15:06:35.000","data_loaded_at":"2026-05-10T08:04:43.199"}},
{"type":"Feature","geometry":{"type":"Point","coordinates":[-122.4345465,37.759779]},"properties":{":id":"row-j3j3-yicu.vsn4",":version":"rv-n8sb_tmzv-w5fw",":created_at":"2026-05-10T15:04:56.433Z",":updated_at":"2026-05-10T15:04:56.433Z","active_licenses":"LLP","permit_number":"1720","ban":"1134127","permit_status":"Active","poe_class_code":null,"license_type":"Limited Live Performance","dba_name":"QUEER ARTS FEATURED","street_address":"575 CASTRO ST","city":"San Francisco","state":"CA","analysis_neighborhood":"Castro/Upper Market","supervisor_district":"8","police_district":"MISSION","data_as_of":"2025-03-28T15:06:35.000","data_loaded_at":"2026-05-10T08:04:43.199"}},
{"type":"Feature","geometry":{"type":"Point","coordinates":[-122.4216135,37.76472]},"properties":{":id":"row-iurd-aazq~a9g3",":version":"rv-uim5~kf9s~qzpy",":created_at":"2026-05-10T15:04:56.433Z",":updated_at":"2026-05-10T15:04:56.433Z","active_licenses":"POE","permit_number":"1721","ban":"1148112","permit_status":"Active","poe_class_code":"P23","license_type":"Place of Entertainment","dba_name":"SKYLARK","street_address":"3089 16TH ST","city":"San Francisco","state":"CA","analysis_neighborhood":"Mission","supervisor_district":"9","police_district":"MISSION","data_as_of":"2025-03-28T15:06:35.000","data_loaded_at":"2026-05-10T08:04:43.199"}},
{"type":"Feature","geometry":{"type":"Point","coordinates":[-122.4310185,37.772154]},"properties":{":id":"row-ci3w_9hfq~p7x7",":version":"rv-7kyg~jp2c.9et6",":created_at":"2026-05-10T15:04:56.433Z",":updated_at":"2026-05-10T15:04:56.433Z","active_licenses":"LLP","permit_number":"1722","ban":"1114315","permit_status":"Active","poe_class_code":null,"license_type":"Limited Live Performance","dba_name":"WOODS LOWER HAIGHT","street_address":"530 HAIGHT ST","city":"San Francisco","state":"CA","analysis_neighborhood":"Hayes Valley","supervisor_district":"5","police_district":"NORTHERN","data_as_of":"2026-01-05T21:39:10.000","data_loaded_at":"2026-05-10T08:04:43.199"}},
{"type":"Feature","geometry":{"type":"Point","coordinates":[-122.392557,37.77804]},"properties":{":id":"row-xrym.dtte-4kyc",":version":"rv-ydnj-fnv7-u482",":created_at":"2026-05-10T15:04:56.433Z",":updated_at":"2026-05-10T15:04:56.433Z","active_licenses":"POE, BP, MAD","permit_number":"1723","ban":"1148678","permit_status":"Active","poe_class_code":"P23","license_type":"Place of Entertainment, Billiard or Pool Tables, Mechanical Amusement Device","dba_name":"LUCKY STRIKE LANES","street_address":"200 KING ST","city":"San Francisco","state":"CA","analysis_neighborhood":"Mission Bay","supervisor_district":"6","police_district":"SOUTHERN","data_as_of":"2025-03-28T15:06:35.000","data_loaded_at":"2026-05-10T08:04:43.199"}},
{"type":"Feature","geometry":{"type":"Point","coordinates":[-122.408321976,37.776043987]},"properties":{":id":"row-n2bm~a9aa-43c8",":version":"rv-fx86_gbju~6atq",":created_at":"2026-05-10T15:04:56.433Z",":updated_at":"2026-05-10T15:04:56.433Z","active_licenses":"POE","permit_number":"1724","ban":"1149671","permit_status":"Active","poe_class_code":"P23","license_type":"Place of Entertainment","dba_name":"THE STUD","street_address":"1127 FOLSOM ST","city":"San Francisco","state":"CA","analysis_neighborhood":"South of Market","supervisor_district":"6","police_district":"SOUTHERN","data_as_of":"2025-03-28T15:06:35.000","data_loaded_at":"2026-05-10T08:04:43.199"}},
{"type":"Feature","geometry":{"type":"Point","coordinates":[-122.418819,37.752408]},"properties":{":id":"row-d3rc.7gdm~m7ae",":version":"rv-zcag.aav6~agdw",":created_at":"2026-05-10T15:04:56.433Z",":updated_at":"2026-05-10T15:04:56.433Z","active_licenses":"LLP","permit_number":"1725","ban":"0357150","permit_status":"Active","poe_class_code":null,"license_type":"Limited Live Performance","dba_name":"Dance Mission Theater","street_address":"3316 24TH ST","city":"San Francisco","state":"CA","analysis_neighborhood":"Mission","supervisor_district":"9","police_district":"MISSION","data_as_of":"2025-03-28T15:06:35.000","data_loaded_at":"2026-05-10T08:04:43.199"}},
{"type":"Feature","geometry":{"type":"Point","coordinates":[-122.401498017,37.792329983]},"properties":{":id":"row-w3pv~sjun.tfxh",":version":"rv-qvre-v95j-p8j8",":created_at":"2026-05-10T15:04:56.433Z",":updated_at":"2026-05-10T15:04:56.433Z","active_licenses":"LLP","permit_number":"1727","ban":"1112885","permit_status":"Active","poe_class_code":null,"license_type":"Limited Live Performance","dba_name":"THE MELLOW SF","street_address":"332 PINE ST","city":"San Francisco","state":"CA","analysis_neighborhood":"Financial District/South Beach","supervisor_district":"3","police_district":"CENTRAL","data_as_of":"2025-03-28T15:06:35.000","data_loaded_at":"2026-05-10T08:04:43.199"}},
{"type":"Feature","geometry":{"type":"Point","coordinates":[-122.4151245,37.771146]},"properties":{":id":"row-ejs6-mpd7-wprj",":version":"rv-4waw_bcxi~krwv",":created_at":"2026-05-10T15:04:56.433Z",":updated_at":"2026-05-10T15:04:56.433Z","active_licenses":"LLP","permit_number":"1728","ban":"0484945","permit_status":"Active","poe_class_code":null,"license_type":"Limited Live Performance","dba_name":"THE WILLOWS","street_address":"1582 FOLSOM ST","city":"San Francisco","state":"CA","analysis_neighborhood":"Mission","supervisor_district":"6","police_district":"SOUTHERN","data_as_of":"2026-01-05T21:39:16.000","data_loaded_at":"2026-05-10T08:04:43.199"}},
{"type":"Feature","geometry":{"type":"Point","coordinates":[-122.4029025,37.775259]},"properties":{":id":"row-fgna_ncax_ycsr",":version":"rv-kf9t~yk7j~3b8q",":created_at":"2026-05-10T15:04:56.433Z",":updated_at":"2026-05-10T15:04:56.433Z","active_licenses":"LLP","permit_number":"1730","ban":"1139529","permit_status":"Active","poe_class_code":null,"license_type":"Limited Live Performance","dba_name":"SINOMBRE","street_address":"312 HARRIET ST","city":"San Francisco","state":"CA","analysis_neighborhood":"South of Market","supervisor_district":"6","police_district":"SOUTHERN","data_as_of":"2025-03-28T15:06:35.000","data_loaded_at":"2026-05-10T08:04:43.199"}},
{"type":"Feature","geometry":{"type":"Point","coordinates":[-122.406309,37.78686]},"properties":{":id":"row-fmj6-y8w5_uteb",":version":"rv-993f-vr5u~y882",":created_at":"2026-05-10T15:04:56.433Z",":updated_at":"2026-05-10T15:04:56.433Z","active_licenses":"POE","permit_number":"1731","ban":"1149114","permit_status":"Active","poe_class_code":"P23","license_type":"Place of Entertainment","dba_name":"Chotto Matte","street_address":"100 STOCKTON ST","city":"San Francisco","state":"CA","analysis_neighborhood":"Financial District/South Beach","supervisor_district":"3","police_district":"TENDERLOIN","data_as_of":"2026-01-05T21:21:09.000","data_loaded_at":"2026-05-10T08:04:43.199"}},
{"type":"Feature","geometry":{"type":"Point","coordinates":[-122.441409,37.72314]},"properties":{":id":"row-b8te~4cgm.6c2u",":version":"rv-ehy3~y47j.spbi",":created_at":"2026-05-10T15:04:56.433Z",":updated_at":"2026-05-10T15:04:56.433Z","active_licenses":"LLP","permit_number":"1732","ban":"1117257","permit_status":"Active","poe_class_code":null,"license_type":"Limited Live Performance","dba_name":"THE CHECK-IN","street_address":"201 OCEAN AVE","city":"San Francisco","state":"CA","analysis_neighborhood":"Outer Mission","supervisor_district":"11","police_district":"INGLESIDE","data_as_of":"2026-01-05T21:39:48.000","data_loaded_at":"2026-05-10T08:04:43.199"}},
{"type":"Feature","geometry":{"type":"Point","coordinates":[-122.407362,37.78623]},"properties":{":id":"row-zwk8_cwpc~2sfn",":version":"rv-b7j4_mqin-jij7",":created_at":"2026-05-10T15:04:56.433Z",":updated_at":"2026-05-10T15:04:56.433Z","active_licenses":"FPAS","permit_number":"1734","ban":"0450593","permit_status":"Active","poe_class_code":null,"license_type":"Fixed Place Amplified Sound","dba_name":"ONE65","street_address":"165 OFARRELL ST","city":"San Francisco","state":"CA","analysis_neighborhood":"Financial District/South Beach","supervisor_district":"3","police_district":"TENDERLOIN","data_as_of":"2025-03-28T15:06:35.000","data_loaded_at":"2026-05-10T08:04:43.199"}},
{"type":"Feature","geometry":{"type":"Point","coordinates":[-122.4003015,37.788111]},"properties":{":id":"row-s3wv.eb3j~eps7",":version":"rv-vjgb_2yx6_gugp",":created_at":"2026-05-10T15:04:56.433Z",":updated_at":"2026-05-10T15:04:56.433Z","active_licenses":"LLP","permit_number":"1735","ban":"1154423","permit_status":"Active","poe_class_code":null,"license_type":"Limited Live Performance","dba_name":"TEQUILA MOCKINGBIRD","street_address":"86 2ND ST","city":"San Francisco","state":"CA","analysis_neighborhood":"Financial District/South Beach","supervisor_district":"6","police_district":"SOUTHERN","data_as_of":"2025-03-28T15:06:35.000","data_loaded_at":"2026-05-10T08:04:43.199"}},
{"type":"Feature","geometry":{"type":"Point","coordinates":[-122.408757,37.759473]},"properties":{":id":"row-8h7w~htty~wqk5",":version":"rv-j3sw~y3u6_pdcc",":created_at":"2026-05-10T15:04:56.433Z",":updated_at":"2026-05-10T15:04:56.433Z","active_licenses":"FPAS","permit_number":"1736","ban":"1103531","permit_status":"Active","poe_class_code":null,"license_type":"Fixed Place Amplified Sound","dba_name":"LOST RESORT","street_address":"2736 20TH ST","city":"San Francisco","state":"CA","analysis_neighborhood":"Mission","supervisor_district":"9","police_district":"MISSION","data_as_of":"2025-03-28T15:06:35.000","data_loaded_at":"2026-05-10T08:04:43.199"}},
{"type":"Feature","geometry":{"type":"Point","coordinates":[-122.4330885,37.771524]},"properties":{":id":"row-rwbt~9p7v-v97i",":version":"rv-xyq5_j2m7-dac2",":created_at":"2026-05-10T15:04:56.433Z",":updated_at":"2026-05-10T15:04:56.433Z","active_licenses":"LLP","permit_number":"1738","ban":"1149586","permit_status":"Active","poe_class_code":null,"license_type":"Limited Live Performance","dba_name":"WAVE COLLECTIVE","street_address":"663 HAIGHT ST","city":"San Francisco","state":"CA","analysis_neighborhood":"Haight Ashbury","supervisor_district":"5","police_district":"PARK","data_as_of":"2026-01-05T21:40:26.000","data_loaded_at":"2026-05-10T08:04:43.199"}},
{"type":"Feature","geometry":{"type":"Point","coordinates":[-122.438151,37.800171]},"properties":{":id":"row-wb9h-q4pr-idrx",":version":"rv-x2ud-ecfe~8frg",":created_at":"2026-05-10T15:04:56.433Z",":updated_at":"2026-05-10T15:04:56.433Z","active_licenses":"FPAS","permit_number":"1739","ban":"0945400","permit_status":"Active","poe_class_code":null,"license_type":"Fixed Place Amplified Sound","dba_name":"ACE WASABIS ROCK N ROLL SUSHI","street_address":"3339 STEINER ST","city":"San Francisco","state":"CA","analysis_neighborhood":"Marina","supervisor_district":"2","police_district":"NORTHERN","data_as_of":"2025-03-28T15:06:35.000","data_loaded_at":"2026-05-10T08:04:43.199"}},
{"type":"Feature","geometry":{"type":"Point","coordinates":[-122.422374,37.797552]},"properties":{":id":"row-vmnp~mtzq_z7re",":version":"rv-kh3p-cetk-w4hz",":created_at":"2026-05-10T15:04:56.433Z",":updated_at":"2026-05-10T15:04:56.433Z","active_licenses":"MAD","permit_number":"174","ban":"0947447","permit_status":"Active","poe_class_code":null,"license_type":"Mechanical Amusement Device","dba_name":"Greens Sports Bar","street_address":"2239 POLK ST","city":"San Francisco","state":"CA","analysis_neighborhood":"Russian Hill","supervisor_district":"3","police_district":"NORTHERN","data_as_of":"2024-01-29T14:30:06.000","data_loaded_at":"2026-05-10T08:04:43.199"}},
{"type":"Feature","geometry":{"type":"Point","coordinates":[-122.478246,37.782135]},"properties":{":id":"row-x59e~zpme.hssq",":version":"rv-ymis-6pra~ks8u",":created_at":"2026-05-10T15:04:56.433Z",":updated_at":"2026-05-10T15:04:56.433Z","active_licenses":"FPAS","permit_number":"1740","ban":"0028448","permit_status":"Active","poe_class_code":null,"license_type":"Fixed Place Amplified Sound","dba_name":"TIA MARGARITA","street_address":"300 19TH AVE","city":"San Francisco","state":"CA","analysis_neighborhood":"Outer Richmond","supervisor_district":"1","police_district":"RICHMOND","data_as_of":"2025-03-28T15:06:35.000","data_loaded_at":"2026-05-10T08:04:43.199"}},
{"type":"Feature","geometry":{"type":"Point","coordinates":[-122.42412,37.776123]},"properties":{":id":"row-pnnc-iq4t_w3vr",":version":"rv-fbjm-x38j~6azt",":created_at":"2026-05-10T15:04:56.433Z",":updated_at":"2026-05-10T15:04:56.433Z","active_licenses":"LLP","permit_number":"1741","ban":"0462695","permit_status":"Active","poe_class_code":null,"license_type":"Limited Live Performance","dba_name":"BIERGARTEN","street_address":"424 OCTAVIA ST","city":"San Francisco","state":"CA","analysis_neighborhood":"Hayes Valley","supervisor_district":"5","police_district":"NORTHERN","data_as_of":"2026-01-05T21:40:31.000","data_loaded_at":"2026-05-10T08:04:43.199"}},
{"type":"Feature","geometry":{"type":"Point","coordinates":[-122.4402165,37.800036]},"properties":{":id":"row-fk5e-phy8-q75y",":version":"rv-hk8m.utgp.saiq",":created_at":"2026-05-10T15:04:56.433Z",":updated_at":"2026-05-10T15:04:56.433Z","active_licenses":"FPAS","permit_number":"1742","ban":"1112002","permit_status":"Active","poe_class_code":null,"license_type":"Fixed Place Amplified Sound","dba_name":"CAMPUS","street_address":"2241 CHESTNUT ST","city":"San Francisco","state":"CA","analysis_neighborhood":"Marina","supervisor_district":"2","police_district":"NORTHERN","data_as_of":"2025-03-28T15:06:35.000","data_loaded_at":"2026-05-10T08:04:43.199"}},
{"type":"Feature","geometry":{"type":"Point","coordinates":[-122.432976,37.797705]},"properties":{":id":"row-w4z2.czix.3kwu",":version":"rv-hhry~mw59.62tu",":created_at":"2026-05-10T15:04:56.433Z",":updated_at":"2026-05-10T15:04:56.433Z","active_licenses":"BP, LLP","permit_number":"1743","ban":"0488201","permit_status":"Active","poe_class_code":null,"license_type":"Billiard or Pool Tables, Limited Live Performance","dba_name":"PALM HOUSE","street_address":"2032 UNION ST","city":"San Francisco","state":"CA","analysis_neighborhood":"Marina","supervisor_district":"2","police_district":"NORTHERN","data_as_of":"2026-01-05T21:40:46.000","data_loaded_at":"2026-05-10T08:04:43.199"}},
{"type":"Feature","geometry":{"type":"Point","coordinates":[-122.418075458,37.785799799]},"properties":{":id":"row-mc4v_xmz2_b2eq",":version":"rv-7s2k~en4k_2wna",":created_at":"2026-05-10T15:04:56.433Z",":updated_at":"2026-05-10T15:04:56.433Z","active_licenses":"LLP","permit_number":"1744","ban":"1149353","permit_status":"Active","poe_class_code":null,"license_type":"Limited Live Performance","dba_name":"ROSEBUD GALLERY","street_address":"839 LARKIN ST","city":"San Francisco","state":"CA","analysis_neighborhood":"Tenderloin","supervisor_district":"5","police_district":"NORTHERN","data_as_of":"2025-03-28T15:06:35.000","data_loaded_at":"2026-05-10T08:04:43.199"}},
{"type":"Feature","geometry":{"type":"Point","coordinates":[-122.419746,37.761327]},"properties":{":id":"row-cv2j.fj6y~pvx4",":version":"rv-5jj5_zriy~2fha",":created_at":"2026-05-10T15:04:56.433Z",":updated_at":"2026-05-10T15:04:56.433Z","active_licenses":"LLP","permit_number":"1745","ban":"1106042","permit_status":"Active","poe_class_code":null,"license_type":"Limited Live Performance","dba_name":"PRUBECHU","street_address":"2224 MISSION ST","city":"San Francisco","state":"CA","analysis_neighborhood":"Mission","supervisor_district":"9","police_district":"MISSION","data_as_of":"2026-01-05T21:40:52.000","data_loaded_at":"2026-05-10T08:04:43.199"}},
{"type":"Feature","geometry":{"type":"Point","coordinates":[-122.438031803,37.776511475]},"properties":{":id":"row-bpqg~zp9w.rdtj",":version":"rv-w9rt~94t2.cx24",":created_at":"2026-05-10T15:04:56.433Z",":updated_at":"2026-05-10T15:04:56.433Z","active_licenses":"LLP","permit_number":"1746","ban":"1033588","permit_status":"Active","poe_class_code":null,"license_type":"Limited Live Performance","dba_name":"FLY BAR DIVISADERO","street_address":"762 DIVISADERO ST","city":"San Francisco","state":"CA","analysis_neighborhood":"Hayes Valley","supervisor_district":"5","police_district":"PARK","data_as_of":"2025-03-28T15:06:35.000","data_loaded_at":"2026-05-10T08:04:43.199"}},
{"type":"Feature","geometry":{"type":"Point","coordinates":[-122.3974935,37.787058]},"properties":{":id":"row-k5fg-pgus-887p",":version":"rv-dhig_kgxy~y63z",":created_at":"2026-05-10T15:04:56.433Z",":updated_at":"2026-05-10T15:04:56.433Z","active_licenses":"POE","permit_number":"1747","ban":"1138144","permit_status":"Active","poe_class_code":"P23","license_type":"Place of Entertainment","dba_name":"ZOE","street_address":"579 HOWARD ST","city":"San Francisco","state":"CA","analysis_neighborhood":"Financial District/South Beach","supervisor_district":"6","police_district":"SOUTHERN","data_as_of":"2025-03-28T15:06:35.000","data_loaded_at":"2026-05-10T08:04:43.199"}},
{"type":"Feature","geometry":{"type":"Point","coordinates":[-122.482944,37.78236]},"properties":{":id":"row-gwj6~dzna-5dnw",":version":"rv-99gf_c6ns~4c2d",":created_at":"2026-05-10T15:04:56.433Z",":updated_at":"2026-05-10T15:04:56.433Z","active_licenses":"LLP","permit_number":"1748","ban":"0465300","permit_status":"Active","poe_class_code":null,"license_type":"Limited Live Performance","dba_name":"4 STAR THEATER","street_address":"2200 CLEMENT ST","city":"San Francisco","state":"CA","analysis_neighborhood":"Outer Richmond","supervisor_district":"1","police_district":"RICHMOND","data_as_of":"2025-03-28T15:06:35.000","data_loaded_at":"2026-05-10T08:04:43.199"}},
{"type":"Feature","geometry":{"type":"Point","coordinates":[-122.4087885,37.782891]},"properties":{":id":"row-n3f5.vfr6~685s",":version":"rv-cr86~z9sp_vim9",":created_at":"2026-05-10T15:04:56.433Z",":updated_at":"2026-05-10T15:04:56.433Z","active_licenses":"LLP","permit_number":"1750","ban":"1153005","permit_status":"Active","poe_class_code":null,"license_type":"Limited Live Performance","dba_name":"SALUHALL","street_address":"945 MARKET ST","city":"San Francisco","state":"CA","analysis_neighborhood":"South of Market","supervisor_district":"6","police_district":"SOUTHERN","data_as_of":"2025-03-28T15:06:35.000","data_loaded_at":"2026-05-10T08:04:43.199"}},
{"type":"Feature","geometry":{"type":"Point","coordinates":[-122.4083565,37.786257]},"properties":{":id":"row-mg5t.ri84-62bs",":version":"rv-3mbr-rfrc~z7nn",":created_at":"2026-05-10T15:04:56.433Z",":updated_at":"2026-05-10T15:04:56.433Z","active_licenses":"EHP","permit_number":"1751","ban":"1038712","permit_status":"Active","poe_class_code":null,"license_type":"Extended Hours Premises","dba_name":"HINODEYA RAMEN UNION SQUARE","street_address":"219 OFARRELL ST","city":"San Francisco","state":"CA","analysis_neighborhood":"Tenderloin","supervisor_district":"3","police_district":"TENDERLOIN","data_as_of":"2026-04-13T13:04:32.000","data_loaded_at":"2026-05-10T08:04:43.199"}},
{"type":"Feature","geometry":{"type":"Point","coordinates":[-122.429912229,37.785585599]},"properties":{":id":"row-r5x9_76th.nnqp",":version":"rv-295v~6wzd_2hu8",":created_at":"2026-05-10T15:04:56.433Z",":updated_at":"2026-05-10T15:04:56.433Z","active_licenses":"LLP","permit_number":"1752","ban":"1034548","permit_status":"Active","poe_class_code":null,"license_type":"Limited Live Performance","dba_name":"FERMENTATION LAB","street_address":"1700 POST ST","city":"San Francisco","state":"CA","analysis_neighborhood":"Japantown","supervisor_district":"5","police_district":"NORTHERN","data_as_of":"2025-03-28T15:06:35.000","data_loaded_at":"2026-05-10T08:04:43.199"}},
{"type":"Feature","geometry":{"type":"Point","coordinates":[-122.4103095,37.774476]},"properties":{":id":"row-yu82~cqwi-rgrd",":version":"rv-zsa8~4nmq.txrf",":created_at":"2026-05-10T15:04:56.433Z",":updated_at":"2026-05-10T15:04:56.433Z","active_licenses":"POE","permit_number":"1753","ban":"0476136","permit_status":"Active","poe_class_code":"P23","license_type":"Place of Entertainment","dba_name":"DRIFTWOOD","street_address":"1225 FOLSOM ST","city":"San Francisco","state":"CA","analysis_neighborhood":"South of Market","supervisor_district":"6","police_district":"SOUTHERN","data_as_of":"2025-10-01T11:40:18.000","data_loaded_at":"2026-05-10T08:04:43.199"}},
{"type":"Feature","geometry":{"type":"Point","coordinates":[-122.402007,37.791324]},"properties":{":id":"row-4b3g~bw73~46tt",":version":"rv-btyp.wptr.6yzg",":created_at":"2026-05-10T15:04:56.433Z",":updated_at":"2026-05-10T15:04:56.433Z","active_licenses":"LLP","permit_number":"1754","ban":"1120110","permit_status":"Active","poe_class_code":null,"license_type":"Limited Live Performance","dba_name":"KALW PUBLIC MEDIA, INC.","street_address":"220 MONTGOMERY ST","city":"San Francisco","state":"CA","analysis_neighborhood":"Financial District/South Beach","supervisor_district":"3","police_district":"CENTRAL","data_as_of":"2026-01-05T21:40:59.000","data_loaded_at":"2026-05-10T08:04:43.199"}},
{"type":"Feature","geometry":{"type":"Point","coordinates":[-122.4006885,37.794708]},"properties":{":id":"row-vsb8-kgje_yum8",":version":"rv-gt99-7qqe.b6za",":created_at":"2026-05-10T15:04:56.433Z",":updated_at":"2026-05-10T15:04:56.433Z","active_licenses":"POE","permit_number":"1756","ban":"1151616","permit_status":"Active","poe_class_code":"P23","license_type":"Place of Entertainment","dba_name":"THE THIRD FLOOR","street_address":"333 BATTERY ST","city":"San Francisco","state":"CA","analysis_neighborhood":"Chinatown","supervisor_district":"3","police_district":"CENTRAL","data_as_of":"2026-01-05T21:21:16.000","data_loaded_at":"2026-05-10T08:04:43.199"}},
{"type":"Feature","geometry":{"type":"Point","coordinates":[-122.504598,37.752777]},"properties":{":id":"row-h9k7_bei2_5num",":version":"rv-4ze9.fbh7~h7ub",":created_at":"2026-05-10T15:04:56.433Z",":updated_at":"2026-05-10T15:04:56.433Z","active_licenses":"LLP","permit_number":"1757","ban":"0302173","permit_status":"Active","poe_class_code":null,"license_type":"Limited Live Performance","dba_name":"FLANAHAN'S PUB","street_address":"3805 NORIEGA ST","city":"San Francisco","state":"CA","analysis_neighborhood":"Sunset/Parkside","supervisor_district":"4","police_district":"TARAVAL","data_as_of":"2026-01-05T21:41:32.000","data_loaded_at":"2026-05-10T08:04:43.199"}},
{"type":"Feature","geometry":{"type":"Point","coordinates":[-122.42286,37.770435]},"properties":{":id":"row-exdh.3cx5~e36j",":version":"rv-2d9b.kt72.23pk",":created_at":"2026-05-10T15:04:56.433Z",":updated_at":"2026-05-10T15:04:56.433Z","active_licenses":"LLP","permit_number":"1758","ban":"0953541","permit_status":"Active","poe_class_code":null,"license_type":"Limited Live Performance","dba_name":"SAN FRANCISCO GAY MEN'S CHORUS","street_address":"170 VALENCIA ST","city":"San Francisco","state":"CA","analysis_neighborhood":"Mission","supervisor_district":"8","police_district":"SOUTHERN","data_as_of":"2025-03-28T15:06:35.000","data_loaded_at":"2026-05-10T08:04:43.199"}},
{"type":"Feature","geometry":{"type":"Point","coordinates":[-122.4910575,37.753326]},"properties":{":id":"row-9j53~yb83_ygip",":version":"rv-cgp5.vyx7~3tce",":created_at":"2026-05-10T15:04:56.433Z",":updated_at":"2026-05-10T15:04:56.433Z","active_licenses":"POE","permit_number":"1759","ban":"1145849","permit_status":"Active","poe_class_code":"P23","license_type":"Place of Entertainment","dba_name":"XIAN BISTRO","street_address":"2543 NORIEGA ST","city":"San Francisco","state":"CA","analysis_neighborhood":"Sunset/Parkside","supervisor_district":"4","police_district":"TARAVAL","data_as_of":"2025-03-28T15:06:35.000","data_loaded_at":"2026-05-10T08:04:43.199"}},
{"type":"Feature","geometry":{"type":"Point","coordinates":[-122.4386955,37.800729]},"properties":{":id":"row-qkw4_8xes_amrb",":version":"rv-9m2u~dcqk~3wza",":created_at":"2026-05-10T15:04:56.433Z",":updated_at":"2026-05-10T15:04:56.433Z","active_licenses":"LLP, BP","permit_number":"1760","ban":"1151160","permit_status":"Active","poe_class_code":null,"license_type":"Limited Live Performance, Billiard or Pool Tables","dba_name":"SULLY'S MARINA LOUNGE","street_address":"2138 CHESTNUT ST","city":"San Francisco","state":"CA","analysis_neighborhood":"Marina","supervisor_district":"2","police_district":"NORTHERN","data_as_of":"2025-03-28T15:06:35.000","data_loaded_at":"2026-05-10T08:04:43.199"}},
{"type":"Feature","geometry":{"type":"Point","coordinates":[-122.4180585,37.767906]},"properties":{":id":"row-j5yu.piku.wxpx",":version":"rv-2fvm_58jv-527j",":created_at":"2026-05-10T15:04:56.433Z",":updated_at":"2026-05-10T15:04:56.433Z","active_licenses":"POE","permit_number":"1762","ban":"1023380","permit_status":"Active","poe_class_code":"P23","license_type":"Place of Entertainment","dba_name":"LOS YAQUIS","street_address":"324 SOUTH VAN NESS AVE","city":"San Francisco","state":"CA","analysis_neighborhood":"Mission","supervisor_district":"9","police_district":"MISSION","data_as_of":"2025-03-28T15:06:35.000","data_loaded_at":"2026-05-10T08:04:43.199"}},
{"type":"Feature","geometry":{"type":"Point","coordinates":[-122.4032985,37.78326]},"properties":{":id":"row-uuij_utnz_42nc",":version":"rv-fyu7_rd7r-iu2e",":created_at":"2026-05-10T15:04:56.433Z",":updated_at":"2026-05-10T15:04:56.433Z","active_licenses":"LLP","permit_number":"1763","ban":"0920976","permit_status":"Active","poe_class_code":null,"license_type":"Limited Live Performance","dba_name":"MOSCONE CENTER","street_address":"800 HOWARD ST","city":"San Francisco","state":"CA","analysis_neighborhood":"South of Market","supervisor_district":"6","police_district":"SOUTHERN","data_as_of":"2026-01-05T21:41:39.000","data_loaded_at":"2026-05-10T08:04:43.199"}},
{"type":"Feature","geometry":{"type":"Point","coordinates":[-122.477553,37.726533]},"properties":{":id":"row-v8m2~gp54-83sc",":version":"rv-a7sy~8hpp_e9jd",":created_at":"2026-05-10T15:04:56.433Z",":updated_at":"2026-05-10T15:04:56.433Z","active_licenses":"BP, MAD, POE","permit_number":"1764","ban":"1154440","permit_status":"Active","poe_class_code":"P23","license_type":"Billiard or Pool Tables, Mechanical Amusement Device, Place of Entertainment","dba_name":"ROUND1 BOWLING & ARCADE","street_address":"285 WINSTON DR","city":"San Francisco","state":"CA","analysis_neighborhood":"Lakeshore","supervisor_district":"7","police_district":"TARAVAL","data_as_of":"2025-03-28T15:06:35.000","data_loaded_at":"2026-05-10T08:04:43.199"}},
{"type":"Feature","geometry":{"type":"Point","coordinates":[-122.4197235,37.787544]},"properties":{":id":"row-87ww-jjnu_mgg6",":version":"rv-ecia-fbtr.p9gu",":created_at":"2026-05-10T15:04:56.433Z",":updated_at":"2026-05-10T15:04:56.433Z","active_licenses":"POE","permit_number":"1765","ban":"1154474","permit_status":"Active","poe_class_code":"P23","license_type":"Place of Entertainment","dba_name":"DECODANCE","street_address":"1160 POLK ST","city":"San Francisco","state":"CA","analysis_neighborhood":"Nob Hill","supervisor_district":"3","police_district":"NORTHERN","data_as_of":"2025-03-28T15:06:35.000","data_loaded_at":"2026-05-10T08:04:43.199"}},
{"type":"Feature","geometry":{"type":"Point","coordinates":[-122.4070605,37.7991]},"properties":{":id":"row-f6c4.dgvx-ma4i",":version":"rv-if3g~sihe_zkud",":created_at":"2026-05-10T15:04:56.433Z",":updated_at":"2026-05-10T15:04:56.433Z","active_licenses":"POE","permit_number":"1766","ban":"1154453","permit_status":"Active","poe_class_code":"P23","license_type":"Place of Entertainment","dba_name":"LEGACY NORTH BEACH BAR","street_address":"1326 GRANT AVE","city":"San Francisco","state":"CA","analysis_neighborhood":"North Beach","supervisor_district":"3","police_district":"CENTRAL","data_as_of":"2026-01-05T21:22:01.000","data_loaded_at":"2026-05-10T08:04:43.199"}},
{"type":"Feature","geometry":{"type":"Point","coordinates":[-122.4370125,37.714266]},"properties":{":id":"row-tvzg_uwya.ggw4",":version":"rv-cwdp~n836.airn",":created_at":"2026-05-10T15:04:56.433Z",":updated_at":"2026-05-10T15:04:56.433Z","active_licenses":"LLP","permit_number":"1767","ban":"1146873","permit_status":"Active","poe_class_code":null,"license_type":"Limited Live Performance","dba_name":"THE HALFWAY CLUB","street_address":"1166 GENEVA AVE","city":"San Francisco","state":"CA","analysis_neighborhood":"Excelsior","supervisor_district":"11","police_district":"INGLESIDE","data_as_of":"2026-01-05T21:41:54.000","data_loaded_at":"2026-05-10T08:04:43.199"}},
{"type":"Feature","geometry":{"type":"Point","coordinates":[-122.41287,37.804518]},"properties":{":id":"row-jkvw.qgru-c7zi",":version":"rv-i32w~bs8h~nx88",":created_at":"2026-05-10T15:04:56.433Z",":updated_at":"2026-05-10T15:04:56.433Z","active_licenses":"LLP","permit_number":"1768","ban":"0336094","permit_status":"Active","poe_class_code":null,"license_type":"Limited Live Performance","dba_name":"SWEETIES","street_address":"475 FRANCISCO ST","city":"San Francisco","state":"CA","analysis_neighborhood":"North Beach","supervisor_district":"3","police_district":"CENTRAL","data_as_of":"2026-01-05T21:42:07.000","data_loaded_at":"2026-05-10T08:04:43.199"}},
{"type":"Feature","geometry":{"type":"Point","coordinates":[-122.422626,37.765134]},"properties":{":id":"row-d25f_tzi8_tf4k",":version":"rv-sttb_6kip_fyj4",":created_at":"2026-05-10T15:04:56.433Z",":updated_at":"2026-05-10T15:04:56.433Z","active_licenses":"LLP","permit_number":"1769","ban":"1027120","permit_status":"Active","poe_class_code":null,"license_type":"Limited Live Performance","dba_name":"KAORI RAMEN BAR","street_address":"3128 16TH ST","city":"San Francisco","state":"CA","analysis_neighborhood":"Mission","supervisor_district":"9","police_district":"MISSION","data_as_of":"2025-03-28T15:06:35.000","data_loaded_at":"2026-05-10T08:04:43.199"}},
{"type":"Feature","geometry":{"type":"Point","coordinates":[-122.389398,37.790829]},"properties":{":id":"row-gzpz.2kmu.par5",":version":"rv-tixw.h9ug_cr59",":created_at":"2026-05-10T15:04:56.433Z",":updated_at":"2026-05-10T15:04:56.433Z","active_licenses":"LLP","permit_number":"1770","ban":"0419041","permit_status":"Active","poe_class_code":null,"license_type":"Limited Live Performance","dba_name":"EPIC ROASTHOUSE","street_address":"369 THE EMBARCADERO","city":"San Francisco","state":"CA","analysis_neighborhood":"Financial District/South Beach","supervisor_district":"6","police_district":"SOUTHERN","data_as_of":"2026-01-05T21:42:34.000","data_loaded_at":"2026-05-10T08:04:43.199"}},
{"type":"Feature","geometry":{"type":"Point","coordinates":[-122.418927,37.809045]},"properties":{":id":"row-vpds-qdc9_x5hu",":version":"rv-gckp_cfwa_3hgu",":created_at":"2026-05-10T15:04:56.433Z",":updated_at":"2026-05-10T15:04:56.433Z","active_licenses":"LLP","permit_number":"1773","ban":"0025258","permit_status":"Active","poe_class_code":null,"license_type":"Limited Live Performance","dba_name":"SCOMA'S RESTAURANT","street_address":"1965 AL SCOMA WAY","city":"San Francisco","state":"CA","analysis_neighborhood":"North Beach","supervisor_district":"3","police_district":"CENTRAL","data_as_of":"2026-01-05T21:42:37.000","data_loaded_at":"2026-05-10T08:04:43.199"}},
{"type":"Feature","geometry":{"type":"Point","coordinates":[-122.409846,37.789182]},"properties":{":id":"row-addu_4n8s~r9xc",":version":"rv-7ck4~7cg2~wkym",":created_at":"2026-05-10T15:04:56.433Z",":updated_at":"2026-05-10T15:04:56.433Z","active_licenses":"POE","permit_number":"1774","ban":"1151888","permit_status":"Active","poe_class_code":"P23","license_type":"Place of Entertainment","dba_name":"THE PARTHENON","street_address":"582 SUTTER ST","city":"San Francisco","state":"CA","analysis_neighborhood":"Nob Hill","supervisor_district":"3","police_district":"CENTRAL","data_as_of":"2025-03-28T15:06:35.000","data_loaded_at":"2026-05-10T08:04:43.199"}},
{"type":"Feature","geometry":{"type":"Point","coordinates":[-122.41413,37.760112]},"properties":{":id":"row-aznn~u78e~7bps",":version":"rv-8g4w-ryq6.ae6f",":created_at":"2026-05-10T15:04:56.433Z",":updated_at":"2026-05-10T15:04:56.433Z","active_licenses":"LLP","permit_number":"1775","ban":"0456551","permit_status":"Active","poe_class_code":null,"license_type":"Limited Live Performance","dba_name":"SOUTHERN PACIFIC BREWING","street_address":"620 TREAT AVE","city":"San Francisco","state":"CA","analysis_neighborhood":"Mission","supervisor_district":"9","police_district":"MISSION","data_as_of":"2026-01-05T21:42:42.000","data_loaded_at":"2026-05-10T08:04:43.199"}},
{"type":"Feature","geometry":{"type":"Point","coordinates":[-122.405877,37.79775]},"properties":{":id":"row-9z3m~iisb.sxbk",":version":"rv-4r3b_b484_jnsa",":created_at":"2026-05-10T15:04:56.433Z",":updated_at":"2026-05-10T15:04:56.433Z","active_licenses":"POE","permit_number":"1776","ban":"1147352","permit_status":"Active","poe_class_code":"P23","license_type":"Place of Entertainment","dba_name":"PANAME SF","street_address":"523 BROADWAY","city":"San Francisco","state":"CA","analysis_neighborhood":"North Beach","supervisor_district":"3","police_district":"CENTRAL","data_as_of":"2025-03-28T15:06:35.000","data_loaded_at":"2026-05-10T08:04:43.199"}},
{"type":"Feature","geometry":{"type":"Point","coordinates":[-122.4369045,37.772127]},"properties":{":id":"row-eus5.fwxf~zc5x",":version":"rv-qics~tw4k-2ajv",":created_at":"2026-05-10T15:04:56.433Z",":updated_at":"2026-05-10T15:04:56.433Z","active_licenses":"LLP","permit_number":"1777","ban":"0377308","permit_status":"Active","poe_class_code":null,"license_type":"Limited Live Performance","dba_name":"THE PAGE","street_address":"298 DIVISADERO ST","city":"San Francisco","state":"CA","analysis_neighborhood":"Haight Ashbury","supervisor_district":"5","police_district":"PARK","data_as_of":"2026-01-05T21:43:04.000","data_loaded_at":"2026-05-10T08:04:43.199"}},
{"type":"Feature","geometry":{"type":"Point","coordinates":[-122.4958275,37.776033]},"properties":{":id":"row-5wsf_zh3r-7qaj",":version":"rv-58ch.jeyk.h382",":created_at":"2026-05-10T15:04:56.433Z",":updated_at":"2026-05-10T15:04:56.433Z","active_licenses":"LLP","permit_number":"1778","ban":"0396004","permit_status":"Active","poe_class_code":null,"license_type":"Limited Live Performance","dba_name":"SIMPLE PLEASURES CAFE","street_address":"3434 BALBOA ST","city":"San Francisco","state":"CA","analysis_neighborhood":"Outer Richmond","supervisor_district":"1","police_district":"RICHMOND","data_as_of":"2025-03-28T15:06:35.000","data_loaded_at":"2026-05-10T08:04:43.199"}},
{"type":"Feature","geometry":{"type":"Point","coordinates":[-122.421942,37.792422]},"properties":{":id":"row-pep4-whfu~ksqe",":version":"rv-vgih-phhr_ksjf",":created_at":"2026-05-10T15:04:56.433Z",":updated_at":"2026-05-10T15:04:56.433Z","active_licenses":"POE","permit_number":"178","ban":"0168264","permit_status":"Active","poe_class_code":"P23","license_type":"Place of Entertainment","dba_name":"CALIFORNIA CLUB OF CALIFORNIA","street_address":"1750 CLAY ST","city":"San Francisco","state":"CA","analysis_neighborhood":"Russian Hill","supervisor_district":"3","police_district":"NORTHERN","data_as_of":"2024-01-29T14:30:06.000","data_loaded_at":"2026-05-10T08:04:43.199"}},
{"type":"Feature","geometry":{"type":"Point","coordinates":[-122.4419805,37.800378]},"properties":{":id":"row-g4kj.mxtg.fai8",":version":"rv-vq3v-6cui-8sdx",":created_at":"2026-05-10T15:04:56.433Z",":updated_at":"2026-05-10T15:04:56.433Z","active_licenses":"FPAS","permit_number":"1780","ban":"0484721","permit_status":"Active","poe_class_code":null,"license_type":"Fixed Place Amplified Sound","dba_name":"CAUSWELLS","street_address":"2346 CHESTNUT ST","city":"San Francisco","state":"CA","analysis_neighborhood":"Marina","supervisor_district":"2","police_district":"NORTHERN","data_as_of":"2025-03-28T15:06:35.000","data_loaded_at":"2026-05-10T08:04:43.199"}},
{"type":"Feature","geometry":{"type":"Point","coordinates":[-122.408568,37.798884]},"properties":{":id":"row-xvp4~7kd5_5tgj",":version":"rv-m8nv~pkt2.9xr5",":created_at":"2026-05-10T15:04:56.433Z",":updated_at":"2026-05-10T15:04:56.433Z","active_licenses":"LLP","permit_number":"1781","ban":"1075401","permit_status":"Active","poe_class_code":null,"license_type":"Limited Live Performance","dba_name":"BARBARA PINSERIA & COCKTAIL BAR","street_address":"431 COLUMBUS AVE","city":"San Francisco","state":"CA","analysis_neighborhood":"Chinatown","supervisor_district":"3","police_district":"CENTRAL","data_as_of":"2026-01-05T21:43:48.000","data_loaded_at":"2026-05-10T08:04:43.199"}},
{"type":"Feature","geometry":{"type":"Point","coordinates":[-122.4354915,37.76067]},"properties":{":id":"row-ii5i_t8fz.aqsw",":version":"rv-w2x2-vtgc~sm42",":created_at":"2026-05-10T15:04:56.433Z",":updated_at":"2026-05-10T15:04:56.433Z","active_licenses":"POE","permit_number":"1782","ban":"1156104","permit_status":"Active","poe_class_code":"P23","license_type":"Place of Entertainment","dba_name":"BADLANDS SAN FRANCISCO","street_address":"4121 18TH ST","city":"San Francisco","state":"CA","analysis_neighborhood":"Castro/Upper Market","supervisor_district":"8","police_district":"MISSION","data_as_of":"2025-05-07T10:31:03.000","data_loaded_at":"2026-05-10T08:04:43.199"}},
{"type":"Feature","geometry":{"type":"Point","coordinates":[-122.4204795,37.787445]},"properties":{":id":"row-4cvi_rk4u~w9uj",":version":"rv-p9wf-sri3-pihq",":created_at":"2026-05-10T15:04:56.433Z",":updated_at":"2026-05-10T15:04:56.433Z","active_licenses":"POE","permit_number":"1783","ban":"1154120","permit_status":"Active","poe_class_code":"P23","license_type":"Place of Entertainment","dba_name":"1217 Lounge","street_address":"1217 SUTTER ST","city":"San Francisco","state":"CA","analysis_neighborhood":"Nob Hill","supervisor_district":"3","police_district":"NORTHERN","data_as_of":"2025-03-28T15:06:35.000","data_loaded_at":"2026-05-10T08:04:43.199"}},
{"type":"Feature","geometry":{"type":"Point","coordinates":[-122.472292479,37.731295553]},"properties":{":id":"row-b9et.xtin_jfzg",":version":"rv-tcrn~3tyf.c9uc",":created_at":"2026-05-10T15:04:56.433Z",":updated_at":"2026-05-10T15:04:56.433Z","active_licenses":"LLP","permit_number":"1784","ban":"0376995","permit_status":"Active","poe_class_code":null,"license_type":"Limited Live Performance","dba_name":"Friends of Lakeside Village","street_address":"2504 OCEAN AVE","city":"San Francisco","state":"CA","analysis_neighborhood":"West of Twin Peaks","supervisor_district":"7","police_district":"TARAVAL","data_as_of":"2026-01-05T21:43:28.000","data_loaded_at":"2026-05-10T08:04:43.199"}},
{"type":"Feature","geometry":{"type":"Point","coordinates":[-122.438412,37.773684]},"properties":{":id":"row-gqwt_mz7z-q7ex",":version":"rv-3fzj_kani.8dsg",":created_at":"2026-05-10T15:04:56.433Z",":updated_at":"2026-05-10T15:04:56.433Z","active_licenses":"FPAS","permit_number":"1786","ban":"1157163","permit_status":"Active","poe_class_code":null,"license_type":"Fixed Place Amplified Sound","dba_name":"PAGE STREET FIT","street_address":"1235 FELL ST","city":"San Francisco","state":"CA","analysis_neighborhood":"Hayes Valley","supervisor_district":"5","police_district":"PARK","data_as_of":"2025-03-28T15:06:35.000","data_loaded_at":"2026-05-10T08:04:43.199"}},
{"type":"Feature","geometry":{"type":"Point","coordinates":[-122.418972811,37.806952063]},"properties":{":id":"row-ifz2.i2zq_ggd6",":version":"rv-idnv~3chb~dfsq",":created_at":"2026-05-10T15:04:56.433Z",":updated_at":"2026-05-10T15:04:56.433Z","active_licenses":"POE, EHP","permit_number":"1787","ban":"1153869","permit_status":"Active","poe_class_code":"P23","license_type":"Place of Entertainment, Extended Hours Premises","dba_name":"REVERB","street_address":"2801 LEAVENWORTH ST","city":"San Francisco","state":"CA","analysis_neighborhood":"Russian Hill","supervisor_district":"3","police_district":"CENTRAL","data_as_of":"2026-04-13T13:04:32.000","data_loaded_at":"2026-05-10T08:04:43.199"}},
{"type":"Feature","geometry":{"type":"Point","coordinates":[-122.4207315,37.792215]},"properties":{":id":"row-htw7.xdq8~pyap",":version":"rv-n48j.svrn.dcv5",":created_at":"2026-05-10T15:04:56.433Z",":updated_at":"2026-05-10T15:04:56.433Z","active_licenses":"MAD","permit_number":"1788","ban":"1114569","permit_status":"Active","poe_class_code":null,"license_type":"Mechanical Amusement Device","dba_name":"WOW KIDS PLAYGROUND","street_address":"1650 POLK ST","city":"San Francisco","state":"CA","analysis_neighborhood":"Nob Hill","supervisor_district":"3","police_district":"NORTHERN","data_as_of":"2025-03-28T15:06:35.000","data_loaded_at":"2026-05-10T08:04:43.199"}},
{"type":"Feature","geometry":{"type":"Point","coordinates":[-122.4030465,37.78875]},"properties":{":id":"row-grck~6mgt_jp8m",":version":"rv-f28m-iftv.euje",":created_at":"2026-05-10T15:04:56.433Z",":updated_at":"2026-05-10T15:04:56.433Z","active_licenses":"POE, EHP","permit_number":"1789","ban":"1170312","permit_status":"Active","poe_class_code":"P23","license_type":"Place of Entertainment, Extended Hours Premises","dba_name":"7 SOCIAL","street_address":"65 POST ST","city":"San Francisco","state":"CA","analysis_neighborhood":"Financial District/South Beach","supervisor_district":"3","police_district":"CENTRAL","data_as_of":"2026-04-13T13:04:32.000","data_loaded_at":"2026-05-10T08:04:43.199"}},
{"type":"Feature","geometry":{"type":"Point","coordinates":[-122.4191115,37.752363]},"properties":{":id":"row-urp2~4jwn~ae92",":version":"rv-mvpz-6be3-ewe4",":created_at":"2026-05-10T15:04:56.433Z",":updated_at":"2026-05-10T15:04:56.433Z","active_licenses":"LLP","permit_number":"1792","ban":"0489153","permit_status":"Active","poe_class_code":null,"license_type":"Limited Live Performance","dba_name":"PAPRIKA","street_address":"3324 24TH ST","city":"San Francisco","state":"CA","analysis_neighborhood":"Mission","supervisor_district":"9","police_district":"MISSION","data_as_of":"2026-01-05T21:44:04.000","data_loaded_at":"2026-05-10T08:04:43.199"}},
{"type":"Feature","geometry":{"type":"Point","coordinates":[-122.419089,37.76112]},"properties":{":id":"row-dvq5-n8vd_hq32",":version":"rv-584n-xsnn-szwn",":created_at":"2026-05-10T15:04:56.433Z",":updated_at":"2026-05-10T15:04:56.433Z","active_licenses":"EHP","permit_number":"1793","ban":"0378507","permit_status":"Active","poe_class_code":null,"license_type":"Extended Hours Premises","dba_name":"Big Baobab","street_address":"2243 MISSION ST","city":"San Francisco","state":"CA","analysis_neighborhood":"Mission","supervisor_district":"9","police_district":"MISSION","data_as_of":"2026-04-13T13:04:32.000","data_loaded_at":"2026-05-10T08:04:43.199"}},
{"type":"Feature","geometry":{"type":"Point","coordinates":[-122.4198135,37.791036]},"properties":{":id":"row-ymca_mvuc-gyhr",":version":"rv-ta6e-3e6n.nbjt",":created_at":"2026-05-10T15:04:56.433Z",":updated_at":"2026-05-10T15:04:56.433Z","active_licenses":"POE","permit_number":"1794","ban":"1150390","permit_status":"Active","poe_class_code":"P23","license_type":"Place of Entertainment","dba_name":"ZHUZH BAR","street_address":"1548 CALIFORNIA ST","city":"San Francisco","state":"CA","analysis_neighborhood":"Nob Hill","supervisor_district":"3","police_district":"NORTHERN","data_as_of":"2025-04-01T13:37:03.000","data_loaded_at":"2026-05-10T08:04:43.199"}},
{"type":"Feature","geometry":{"type":"Point","coordinates":[-122.4182295,37.776339]},"properties":{":id":"row-5arb~sdd8~u9k2",":version":"rv-mcup_aj6c~ates",":created_at":"2026-05-10T15:04:56.433Z",":updated_at":"2026-05-10T15:04:56.433Z","active_licenses":"LLP","permit_number":"1795","ban":"1154082","permit_status":"Active","poe_class_code":null,"license_type":"Limited Live Performance","dba_name":"THE FUNCTION","street_address":"1414 MARKET ST","city":"San Francisco","state":"CA","analysis_neighborhood":"Tenderloin","supervisor_district":"6","police_district":"NORTHERN","data_as_of":"2026-01-05T21:45:01.000","data_loaded_at":"2026-05-10T08:04:43.199"}},
{"type":"Feature","geometry":{"type":"Point","coordinates":[-122.408388,37.788858]},"properties":{":id":"row-bc42~6798_u3sb",":version":"rv-h3yp-md5g.s2r8",":created_at":"2026-05-10T15:04:56.433Z",":updated_at":"2026-05-10T15:04:56.433Z","active_licenses":"POE","permit_number":"1796","ban":"1122896","permit_status":"Active","poe_class_code":"P23","license_type":"Place of Entertainment","dba_name":"BEACON GRAND","street_address":"450 POWELL ST","city":"San Francisco","state":"CA","analysis_neighborhood":"Financial District/South Beach","supervisor_district":"3","police_district":"CENTRAL","data_as_of":"2025-03-28T15:06:35.000","data_loaded_at":"2026-05-10T08:04:43.199"}},
{"type":"Feature","geometry":{"type":"Point","coordinates":[-122.41548,37.752201]},"properties":{":id":"row-2u6n~9wtf-gdv2",":version":"rv-ny8u_9bzi.cmym",":created_at":"2026-05-10T15:04:56.433Z",":updated_at":"2026-05-10T15:04:56.433Z","active_licenses":"LLP","permit_number":"1798","ban":"1099378","permit_status":"Active","poe_class_code":null,"license_type":"Limited Live Performance","dba_name":"DONAJI","street_address":"3161 24TH ST","city":"San Francisco","state":"CA","analysis_neighborhood":"Mission","supervisor_district":"9","police_district":"MISSION","data_as_of":"2026-01-05T21:44:21.000","data_loaded_at":"2026-05-10T08:04:43.199"}},
{"type":"Feature","geometry":{"type":"Point","coordinates":[-122.403762,37.790604]},"properties":{":id":"row-6znx-88zp-esr6",":version":"rv-myqj.6he6.56n4",":created_at":"2026-05-10T15:04:56.433Z",":updated_at":"2026-05-10T15:04:56.433Z","active_licenses":"POE, EHP","permit_number":"1799","ban":"1157881","permit_status":"Active","poe_class_code":"P23","license_type":"Place of Entertainment, Extended Hours Premises","dba_name":"MR. MAHJONG'S","street_address":"260 KEARNY ST","city":"San Francisco","state":"CA","analysis_neighborhood":"Financial District/South Beach","supervisor_district":"3","police_district":"CENTRAL","data_as_of":"2026-04-13T13:04:33.000","data_loaded_at":"2026-05-10T08:04:43.199"}},
{"type":"Feature","geometry":{"type":"Point","coordinates":[-122.440608,37.716561]},"properties":{":id":"row-6u2t_ezgp~btbg",":version":"rv-4635_zyv6~6s3u",":created_at":"2026-05-10T15:04:56.433Z",":updated_at":"2026-05-10T15:04:56.433Z","active_licenses":"LLP","permit_number":"1800","ban":"1132898","permit_status":"Active","poe_class_code":null,"license_type":"Limited Live Performance","dba_name":"AMOR DIGITAL","street_address":"5137 MISSION ST","city":"San Francisco","state":"CA","analysis_neighborhood":"Excelsior","supervisor_district":"11","police_district":"INGLESIDE","data_as_of":"2025-03-28T15:06:35.000","data_loaded_at":"2026-05-10T08:04:43.199"}},
{"type":"Feature","geometry":{"type":"Point","coordinates":[-122.4826965,37.742625]},"properties":{":id":"row-swtd.yg4j-aesm",":version":"rv-ucbd_tnp4.77j7",":created_at":"2026-05-10T15:04:56.433Z",":updated_at":"2026-05-10T15:04:56.433Z","active_licenses":"MAD","permit_number":"1801","ban":"1155282","permit_status":"Active","poe_class_code":null,"license_type":"Mechanical Amusement Device","dba_name":"BIBBITI","street_address":"1533 TARAVAL ST","city":"San Francisco","state":"CA","analysis_neighborhood":"Sunset/Parkside","supervisor_district":"4","police_district":"TARAVAL","data_as_of":"2025-03-28T15:06:35.000","data_loaded_at":"2026-05-10T08:04:43.199"}},
{"type":"Feature","geometry":{"type":"Point","coordinates":[-122.478687,37.782162]},"properties":{":id":"row-9vjp.pq4f-38vv",":version":"rv-5kxq~gty9.9vx9",":created_at":"2026-05-10T15:04:56.433Z",":updated_at":"2026-05-10T15:04:56.433Z","active_licenses":"FPAS","permit_number":"1802","ban":"1079298","permit_status":"Active","poe_class_code":null,"license_type":"Fixed Place Amplified Sound","dba_name":"LOKMA","street_address":"1801 CLEMENT ST","city":"San Francisco","state":"CA","analysis_neighborhood":"Outer Richmond","supervisor_district":"1","police_district":"RICHMOND","data_as_of":"2025-03-28T15:06:35.000","data_loaded_at":"2026-05-10T08:04:43.199"}},
{"type":"Feature","geometry":{"type":"Point","coordinates":[-122.41818,37.787724]},"properties":{":id":"row-9mmn~jts9_6qcs",":version":"rv-r4cd-mde3-sfau",":created_at":"2026-05-10T15:04:56.433Z",":updated_at":"2026-05-10T15:04:56.433Z","active_licenses":"LLP","permit_number":"1803","ban":"1144918","permit_status":"Active","poe_class_code":null,"license_type":"Limited Live Performance","dba_name":"DACHA","street_address":"1085 SUTTER ST","city":"San Francisco","state":"CA","analysis_neighborhood":"Nob Hill","supervisor_district":"3","police_district":"CENTRAL","data_as_of":"2026-01-05T21:45:04.000","data_loaded_at":"2026-05-10T08:04:43.199"}},
{"type":"Feature","geometry":{"type":"Point","coordinates":[-122.4327195,37.782072]},"properties":{":id":"row-n329.v5vi-98bd",":version":"rv-2wz2.etz6_u438",":created_at":"2026-05-10T15:04:56.433Z",":updated_at":"2026-05-10T15:04:56.433Z","active_licenses":"LLP","permit_number":"1804","ban":"1161897","permit_status":"Active","poe_class_code":null,"license_type":"Limited Live Performance","dba_name":"MINNIE BELL'S SOUL MOVEMENT","street_address":"1375 FILLMORE ST","city":"San Francisco","state":"CA","analysis_neighborhood":"Western Addition","supervisor_district":"5","police_district":"NORTHERN","data_as_of":"2025-03-28T15:06:35.000","data_loaded_at":"2026-05-10T08:04:43.199"}},
{"type":"Feature","geometry":{"type":"Point","coordinates":[-122.4404595,37.799973]},"properties":{":id":"row-iqki_reyy-yxa3",":version":"rv-3ugg~wgg7-g73d",":created_at":"2026-05-10T15:04:56.433Z",":updated_at":"2026-05-10T15:04:56.433Z","active_licenses":"FPAS, BP","permit_number":"1805","ban":"1155454","permit_status":"Active","poe_class_code":null,"license_type":"Fixed Place Amplified Sound, Billiard or Pool Tables","dba_name":"Darling SF LLC","street_address":"2263 CHESTNUT ST","city":"San Francisco","state":"CA","analysis_neighborhood":"Marina","supervisor_district":"2","police_district":"NORTHERN","data_as_of":"2025-03-28T15:06:35.000","data_loaded_at":"2026-05-10T08:04:43.199"}},
{"type":"Feature","geometry":{"type":"Point","coordinates":[-122.407515,37.79955]},"properties":{":id":"row-jrij-rm2a.64re",":version":"rv-w8iv~ttnm_6m5z",":created_at":"2026-05-10T15:04:56.433Z",":updated_at":"2026-05-10T15:04:56.433Z","active_licenses":"POE","permit_number":"1806","ban":"1152708","permit_status":"Active","poe_class_code":"P23","license_type":"Place of Entertainment","dba_name":"APRIL JEAN","street_address":"1371 GRANT AVE","city":"San Francisco","state":"CA","analysis_neighborhood":"North Beach","supervisor_district":"3","police_district":"CENTRAL","data_as_of":"2025-03-28T15:06:35.000","data_loaded_at":"2026-05-10T08:04:43.199"}},
{"type":"Feature","geometry":{"type":"Point","coordinates":[-122.3986005,37.768977]},"properties":{":id":"row-2zes-6kdq-8xjx",":version":"rv-qays-i3me-whs2",":created_at":"2026-05-10T15:04:56.433Z",":updated_at":"2026-05-10T15:04:56.433Z","active_licenses":"POE","permit_number":"1807","ban":"1160416","permit_status":"Active","poe_class_code":"P23","license_type":"Place of Entertainment","dba_name":"SF BEVERAGE & DISTILLING CO","street_address":"100 HOOPER ST","city":"San Francisco","state":"CA","analysis_neighborhood":"Mission Bay","supervisor_district":"6","police_district":"BAYVIEW","data_as_of":"2026-04-06T09:42:22.000","data_loaded_at":"2026-05-10T08:04:43.199"}},
{"type":"Feature","geometry":{"type":"Point","coordinates":[-122.4178425,37.74942]},"properties":{":id":"row-dg3d~p2e5~bbia",":version":"rv-87pq~ybgz-z3wy",":created_at":"2026-05-10T15:04:56.433Z",":updated_at":"2026-05-10T15:04:56.433Z","active_licenses":"POE","permit_number":"1808","ban":"1060205","permit_status":"Active","poe_class_code":"P23","license_type":"Place of Entertainment","dba_name":"ENDGAMES IMPROV, LLC","street_address":"2989 MISSION ST","city":"San Francisco","state":"CA","analysis_neighborhood":"Mission","supervisor_district":"9","police_district":"MISSION","data_as_of":"2025-05-15T10:36:20.000","data_loaded_at":"2026-05-10T08:04:43.199"}},
{"type":"Feature","geometry":{"type":"Point","coordinates":[-122.418828,37.759869]},"properties":{":id":"row-8ycg.k8ue.pq4w",":version":"rv-kgce_y535-mnxp",":created_at":"2026-05-10T15:04:56.433Z",":updated_at":"2026-05-10T15:04:56.433Z","active_licenses":"LLP","permit_number":"1809","ban":"1149670","permit_status":"Active","poe_class_code":null,"license_type":"Limited Live Performance","dba_name":"TEETH BAR SF","street_address":"2323 MISSION ST","city":"San Francisco","state":"CA","analysis_neighborhood":"Mission","supervisor_district":"9","police_district":"MISSION","data_as_of":"2026-01-05T21:45:31.000","data_loaded_at":"2026-05-10T08:04:43.199"}},
{"type":"Feature","geometry":{"type":"Point","coordinates":[-122.46705,37.764261]},"properties":{":id":"row-hvws~vkxh-btdu",":version":"rv-ug67~itq6~jkp8",":created_at":"2026-05-10T15:04:56.433Z",":updated_at":"2026-05-10T15:04:56.433Z","active_licenses":"POE, BP","permit_number":"1810","ban":"1160141","permit_status":"Active","poe_class_code":"P23","license_type":"Place of Entertainment, Billiard or Pool Tables","dba_name":"The Temple Bar SF","street_address":"834 IRVING ST","city":"San Francisco","state":"CA","analysis_neighborhood":"Inner Sunset","supervisor_district":"7","police_district":"TARAVAL","data_as_of":"2026-01-05T21:23:52.000","data_loaded_at":"2026-05-10T08:04:43.199"}},
{"type":"Feature","geometry":{"type":"Point","coordinates":[-122.423776616,37.776813902]},"properties":{":id":"row-ygak_cntx-ttbb",":version":"rv-tr8a~zs24.g7yn",":created_at":"2026-05-10T15:04:56.433Z",":updated_at":"2026-05-10T15:04:56.433Z","active_licenses":"FPAS","permit_number":"1813","ban":"1067605","permit_status":"Active","poe_class_code":null,"license_type":"Fixed Place Amplified Sound","dba_name":"A MANO","street_address":"450 HAYES ST","city":"San Francisco","state":"CA","analysis_neighborhood":"Hayes Valley","supervisor_district":"5","police_district":"NORTHERN","data_as_of":"2025-03-28T15:06:35.000","data_loaded_at":"2026-05-10T08:04:43.199"}},
{"type":"Feature","geometry":{"type":"Point","coordinates":[-122.430564,37.785168]},"properties":{":id":"row-h2nr~qb8y-m5sn",":version":"rv-i89a.a5e7.vaa9",":created_at":"2026-05-10T15:04:56.433Z",":updated_at":"2026-05-10T15:04:56.433Z","active_licenses":"MAD","permit_number":"1815","ban":"1151552","permit_status":"Active","poe_class_code":null,"license_type":"Mechanical Amusement Device","dba_name":"KIDDLETON - Post St","street_address":"1737 POST ST","city":"San Francisco","state":"CA","analysis_neighborhood":"Japantown","supervisor_district":"5","police_district":"NORTHERN","data_as_of":"2025-05-07T13:45:33.000","data_loaded_at":"2026-05-10T08:04:43.199"}},
{"type":"Feature","geometry":{"type":"Point","coordinates":[-122.4318645,37.784979]},"properties":{":id":"row-2ygw_e7uh.sdpj",":version":"rv-9tt4.zsw3.4nd3",":created_at":"2026-05-10T15:04:56.433Z",":updated_at":"2026-05-10T15:04:56.433Z","active_licenses":"MAD","permit_number":"1816","ban":"1151552","permit_status":"Active","poe_class_code":null,"license_type":"Mechanical Amusement Device","dba_name":"KIDDLETON - Webster St","street_address":"1581 WEBSTER ST","city":"San Francisco","state":"CA","analysis_neighborhood":"Japantown","supervisor_district":"5","police_district":"NORTHERN","data_as_of":"2025-05-07T13:46:36.000","data_loaded_at":"2026-05-10T08:04:43.199"}},
{"type":"Feature","geometry":{"type":"Point","coordinates":[-122.4423315,37.799802]},"properties":{":id":"row-yux9_7ex5~k9mn",":version":"rv-hr7g_njix.nqin",":created_at":"2026-05-10T15:04:56.433Z",":updated_at":"2026-05-10T15:04:56.433Z","active_licenses":"LLP","permit_number":"1817","ban":"1075208","permit_status":"Active","poe_class_code":null,"license_type":"Limited Live Performance","dba_name":"HOWELLS","street_address":"2373 CHESTNUT ST","city":"San Francisco","state":"CA","analysis_neighborhood":"Marina","supervisor_district":"2","police_district":"NORTHERN","data_as_of":"2026-01-05T21:45:47.000","data_loaded_at":"2026-05-10T08:04:43.199"}},
{"type":"Feature","geometry":{"type":"Point","coordinates":[-122.4238275,37.765026]},"properties":{":id":"row-wp35.7ay8~85mx",":version":"rv-ynfu-6xvu~cbsa",":created_at":"2026-05-10T15:04:56.433Z",":updated_at":"2026-05-10T15:04:56.433Z","active_licenses":"POE","permit_number":"1819","ban":"1161674","permit_status":"Active","poe_class_code":"P23","license_type":"Place of Entertainment","dba_name":"SOUNDTRACK","street_address":"3192 16TH ST","city":"San Francisco","state":"CA","analysis_neighborhood":"Mission","supervisor_district":"9","police_district":"MISSION","data_as_of":"2025-03-28T15:06:35.000","data_loaded_at":"2026-05-10T08:04:43.199"}},
{"type":"Feature","geometry":{"type":"Point","coordinates":[-122.445253105,37.770259937]},"properties":{":id":"row-jvhw.4ivm-skmw",":version":"rv-kmha_u2me.w63m",":created_at":"2026-05-10T15:04:56.433Z",":updated_at":"2026-05-10T15:04:56.433Z","active_licenses":"LLP","permit_number":"1820","ban":"1161530","permit_status":"Active","poe_class_code":null,"license_type":"Limited Live Performance","dba_name":"Magnolia Brewing Company","street_address":"1398 HAIGHT ST","city":"San Francisco","state":"CA","analysis_neighborhood":"Haight Ashbury","supervisor_district":"5","police_district":"PARK","data_as_of":"2025-03-28T15:06:35.000","data_loaded_at":"2026-05-10T08:04:43.199"}},
{"type":"Feature","geometry":{"type":"Point","coordinates":[-122.4202275,37.787049]},"properties":{":id":"row-783q-uezx.pz67",":version":"rv-6icd-m5dj.yqnf",":created_at":"2026-05-10T15:04:56.433Z",":updated_at":"2026-05-10T15:04:56.433Z","active_licenses":"POE","permit_number":"1821","ban":"1147564","permit_status":"Active","poe_class_code":"P23","license_type":"Place of Entertainment","dba_name":"BESO MAE COCKTAIL LOUNGE","street_address":"1121 POLK ST","city":"San Francisco","state":"CA","analysis_neighborhood":"Nob Hill","supervisor_district":"3","police_district":"NORTHERN","data_as_of":"2026-01-05T21:24:11.000","data_loaded_at":"2026-05-10T08:04:43.199"}},
{"type":"Feature","geometry":{"type":"Point","coordinates":[-122.4194895,37.753659]},"properties":{":id":"row-vm86_5hx4~y8cp",":version":"rv-gurx.rhu4-7p32",":created_at":"2026-05-10T15:04:56.433Z",":updated_at":"2026-05-10T15:04:56.433Z","active_licenses":"LLP","permit_number":"1824","ban":"1126629","permit_status":"Active","poe_class_code":null,"license_type":"Limited Live Performance","dba_name":"SHUGGIES MISSION","street_address":"3349 23RD ST","city":"San Francisco","state":"CA","analysis_neighborhood":"Mission","supervisor_district":"9","police_district":"MISSION","data_as_of":"2026-01-05T21:46:18.000","data_loaded_at":"2026-05-10T08:04:43.199"}},
{"type":"Feature","geometry":{"type":"Point","coordinates":[-122.430390018,37.76672901]},"properties":{":id":"row-tg2i-45hr~bpfu",":version":"rv-2yny-mvgt.s3vy",":created_at":"2026-05-10T15:04:56.433Z",":updated_at":"2026-05-10T15:04:56.433Z","active_licenses":"LLP","permit_number":"1825","ban":"1067407","permit_status":"Active","poe_class_code":null,"license_type":"Limited Live Performance","dba_name":"THE ACADEMY SF","street_address":"2166 MARKET ST","city":"San Francisco","state":"CA","analysis_neighborhood":"Castro/Upper Market","supervisor_district":"8","police_district":"NORTHERN","data_as_of":"2026-01-05T21:46:35.000","data_loaded_at":"2026-05-10T08:04:43.199"}},
{"type":"Feature","geometry":{"type":"Point","coordinates":[-122.4065295,37.796211]},"properties":{":id":"row-a29w.rexi.rzp3",":version":"rv-hamm_m735-xcc2",":created_at":"2026-05-10T15:04:56.433Z",":updated_at":"2026-05-10T15:04:56.433Z","active_licenses":"LLP","permit_number":"1826","ban":"0459967","permit_status":"Active","poe_class_code":null,"license_type":"Limited Live Performance","dba_name":"RED'S PLACE","street_address":"672 JACKSON ST","city":"San Francisco","state":"CA","analysis_neighborhood":"Chinatown","supervisor_district":"3","police_district":"CENTRAL","data_as_of":"2025-03-28T15:06:35.000","data_loaded_at":"2026-05-10T08:04:43.199"}},
{"type":"Feature","geometry":{"type":"Point","coordinates":[-122.418558,37.759248]},"properties":{":id":"row-bvin_f4ee-f48y",":version":"rv-2c4r-ye9t~uj4k",":created_at":"2026-05-10T15:04:56.433Z",":updated_at":"2026-05-10T15:04:56.433Z","active_licenses":"POE","permit_number":"1827","ban":"1103872","permit_status":"Active","poe_class_code":"P23","license_type":"Place of Entertainment","dba_name":"CASEMENTS","street_address":"2351 MISSION ST","city":"San Francisco","state":"CA","analysis_neighborhood":"Mission","supervisor_district":"9","police_district":"MISSION","data_as_of":"2026-01-05T21:24:27.000","data_loaded_at":"2026-05-10T08:04:43.199"}},
{"type":"Feature","geometry":{"type":"Point","coordinates":[-122.409315,37.757484]},"properties":{":id":"row-sz2w_2a9c-p6a3",":version":"rv-ekgu-jnp7-6gpd",":created_at":"2026-05-10T15:04:56.433Z",":updated_at":"2026-05-10T15:04:56.433Z","active_licenses":"LLP","permit_number":"1829","ban":"1128204","permit_status":"Active","poe_class_code":null,"license_type":"Limited Live Performance","dba_name":"EL CHATO","street_address":"2301 BRYANT ST","city":"San Francisco","state":"CA","analysis_neighborhood":"Mission","supervisor_district":"9","police_district":"MISSION","data_as_of":"2025-03-28T15:06:35.000","data_loaded_at":"2026-05-10T08:04:43.199"}},
{"type":"Feature","geometry":{"type":"Point","coordinates":[-122.4224955,37.767861]},"properties":{":id":"row-hdyb~iasb.pih9",":version":"rv-asm9_f355~7vwb",":created_at":"2026-05-10T15:04:56.433Z",":updated_at":"2026-05-10T15:04:56.433Z","active_licenses":"LLP","permit_number":"1830","ban":"1117942","permit_status":"Active","poe_class_code":null,"license_type":"Limited Live Performance","dba_name":"STUDIO AURORA","street_address":"302 VALENCIA ST","city":"San Francisco","state":"CA","analysis_neighborhood":"Mission","supervisor_district":"9","police_district":"MISSION","data_as_of":"2025-03-28T15:06:35.000","data_loaded_at":"2026-05-10T08:04:43.199"}},
{"type":"Feature","geometry":{"type":"Point","coordinates":[-122.4217485,37.797165]},"properties":{":id":"row-5zyq.reqz-meyv",":version":"rv-i4xp~rfnm~3zdt",":created_at":"2026-05-10T15:04:56.433Z",":updated_at":"2026-05-10T15:04:56.433Z","active_licenses":"LLP","permit_number":"1831","ban":"1141482","permit_status":"Active","poe_class_code":null,"license_type":"Limited Live Performance","dba_name":"SIDE CHARACTERS","street_address":"2216 POLK ST","city":"San Francisco","state":"CA","analysis_neighborhood":"Russian Hill","supervisor_district":"3","police_district":"NORTHERN","data_as_of":"2026-03-20T13:31:38.000","data_loaded_at":"2026-05-10T08:04:43.199"}},
{"type":"Feature","geometry":{"type":"Point","coordinates":[-122.457393,37.780974]},"properties":{":id":"row-f7yz-cb9z_atwc",":version":"rv-6m7p-jxj2~vfwk",":created_at":"2026-05-10T15:04:56.433Z",":updated_at":"2026-05-10T15:04:56.433Z","active_licenses":"POE","permit_number":"1833","ban":"1157507","permit_status":"Active","poe_class_code":"P23","license_type":"Place of Entertainment","dba_name":"H&K PENINSULA LLC","street_address":"3565 GEARY BLVD","city":"San Francisco","state":"CA","analysis_neighborhood":"Lone Mountain/USF","supervisor_district":"2","police_district":"RICHMOND","data_as_of":"2025-10-01T11:33:12.000","data_loaded_at":"2026-05-10T08:04:43.199"}},
{"type":"Feature","geometry":{"type":"Point","coordinates":[-122.387643,37.768005]},"properties":{":id":"row-7yh2.in8c-x6ju",":version":"rv-quq2-c5u5-qip9",":created_at":"2026-05-10T15:04:56.433Z",":updated_at":"2026-05-10T15:04:56.433Z","active_licenses":"LLP","permit_number":"1834","ban":"1163365","permit_status":"Active","poe_class_code":null,"license_type":"Limited Live Performance","dba_name":"SPLASH AT THRIVE CITY","street_address":"191 WARRIORS WAY","city":"San Francisco","state":"CA","analysis_neighborhood":"Mission Bay","supervisor_district":"6","police_district":"BAYVIEW","data_as_of":"2026-01-05T21:47:36.000","data_loaded_at":"2026-05-10T08:04:43.199"}},
{"type":"Feature","geometry":{"type":"Point","coordinates":[-122.42088,37.7901]},"properties":{":id":"row-xciq_e6bm~rzsu",":version":"rv-ccrk-vwre~9fc5",":created_at":"2026-05-10T15:04:56.433Z",":updated_at":"2026-05-10T15:04:56.433Z","active_licenses":"LLP","permit_number":"1835","ban":"0341117","permit_status":"Active","poe_class_code":null,"license_type":"Limited Live Performance","dba_name":"BAMBOO RESTAURANT","street_address":"1441 POLK ST","city":"San Francisco","state":"CA","analysis_neighborhood":"Nob Hill","supervisor_district":"3","police_district":"NORTHERN","data_as_of":"2025-03-28T15:06:35.000","data_loaded_at":"2026-05-10T08:04:43.199"}},
{"type":"Feature","geometry":{"type":"Point","coordinates":[-122.4208395,37.789929]},"properties":{":id":"row-qq4j-h4jk-dtbs",":version":"rv-3bzp~exp2_72aw",":created_at":"2026-05-10T15:04:56.433Z",":updated_at":"2026-05-10T15:04:56.433Z","active_licenses":"LLP","permit_number":"1836","ban":"0424941","permit_status":"Active","poe_class_code":null,"license_type":"Limited Live Performance","dba_name":"SAN FRANCISCO HI-LO CLUB","street_address":"1423 POLK ST","city":"San Francisco","state":"CA","analysis_neighborhood":"Nob Hill","supervisor_district":"3","police_district":"NORTHERN","data_as_of":"2025-03-28T15:06:35.000","data_loaded_at":"2026-05-10T08:04:43.199"}},
{"type":"Feature","geometry":{"type":"Point","coordinates":[-122.422536,37.778184]},"properties":{":id":"row-jwph_e8nb~ae9s",":version":"rv-miyn.cu9q.s4eh",":created_at":"2026-05-10T15:04:56.433Z",":updated_at":"2026-05-10T15:04:56.433Z","active_licenses":"POE","permit_number":"1837","ban":"1159965","permit_status":"Active","poe_class_code":"P23","license_type":"Place of Entertainment","dba_name":"Phonobar","street_address":"370 GROVE ST","city":"San Francisco","state":"CA","analysis_neighborhood":"Hayes Valley","supervisor_district":"5","police_district":"NORTHERN","data_as_of":"2026-01-05T21:24:48.000","data_loaded_at":"2026-05-10T08:04:43.199"}},
{"type":"Feature","geometry":{"type":"Point","coordinates":[-122.4053955,37.796445]},"properties":{":id":"row-5f3n-bv6c.vaa3",":version":"rv-yqd8-6mh7.ww39",":created_at":"2026-05-10T15:04:56.433Z",":updated_at":"2026-05-10T15:04:56.433Z","active_licenses":"BP","permit_number":"1838","ban":"1165253","permit_status":"Active","poe_class_code":null,"license_type":"Billiard or Pool Tables","dba_name":"HUIQUN BILLIARD PARLOR","street_address":"931 KEARNY ST","city":"San Francisco","state":"CA","analysis_neighborhood":"Chinatown","supervisor_district":"3","police_district":"CENTRAL","data_as_of":"2025-03-28T15:06:35.000","data_loaded_at":"2026-05-10T08:04:43.199"}},
{"type":"Feature","geometry":{"type":"Point","coordinates":[-122.407155,37.800027]},"properties":{":id":"row-8qeh~sm72~rvg3",":version":"rv-jycs_7yxg_pqiv",":created_at":"2026-05-10T15:04:56.433Z",":updated_at":"2026-05-10T15:04:56.433Z","active_licenses":"LLP","permit_number":"1839","ban":"1151808","permit_status":"Active","poe_class_code":null,"license_type":"Limited Live Performance","dba_name":"OTHERWISE BREWING","street_address":"1402 GRANT AVE","city":"San Francisco","state":"CA","analysis_neighborhood":"North Beach","supervisor_district":"3","police_district":"CENTRAL","data_as_of":"2026-01-05T21:47:45.000","data_loaded_at":"2026-05-10T08:04:43.199"}},
{"type":"Feature","geometry":{"type":"Point","coordinates":[-122.43375,37.726569]},"properties":{":id":"row-5td9~h8zk~fz2r",":version":"rv-dxez-ey8d.bv2g",":created_at":"2026-05-10T15:04:56.433Z",":updated_at":"2026-05-10T15:04:56.433Z","active_licenses":"LLP","permit_number":"1840","ban":"1148146","permit_status":"Active","poe_class_code":null,"license_type":"Limited Live Performance","dba_name":"ENSENADA RESTAURANT","street_address":"4448 MISSION ST","city":"San Francisco","state":"CA","analysis_neighborhood":"Outer Mission","supervisor_district":"11","police_district":"INGLESIDE","data_as_of":"2025-04-17T13:52:51.000","data_loaded_at":"2026-05-10T08:04:43.199"}},
{"type":"Feature","geometry":{"type":"Point","coordinates":[-122.4078705,37.782063]},"properties":{":id":"row-deze_29ug_7wwu",":version":"rv-6czi.pm63.3t78",":created_at":"2026-05-10T15:04:56.433Z",":updated_at":"2026-05-10T15:04:56.433Z","active_licenses":"BP","permit_number":"1841","ban":"0474382","permit_status":"Active","poe_class_code":null,"license_type":"Billiard or Pool Tables","dba_name":"BARBARY COAST","street_address":"952 MISSION ST","city":"San Francisco","state":"CA","analysis_neighborhood":"South of Market","supervisor_district":"6","police_district":"SOUTHERN","data_as_of":"2025-03-28T15:06:35.000","data_loaded_at":"2026-05-10T08:04:43.199"}},
{"type":"Feature","geometry":{"type":"Point","coordinates":[-122.49307098,37.781399017]},"properties":{":id":"row-pexb.iquh~7avn",":version":"rv-zjgx_fqui_prv3",":created_at":"2026-05-10T15:04:56.433Z",":updated_at":"2026-05-10T15:04:56.433Z","active_licenses":"POE","permit_number":"1842","ban":"1164702","permit_status":"Active","poe_class_code":"P23","license_type":"Place of Entertainment","dba_name":"GOEMON IZAKAYA KARAOKE BAR AND LOUNGE","street_address":"3141 CLEMENT ST","city":"San Francisco","state":"CA","analysis_neighborhood":"Outer Richmond","supervisor_district":"1","police_district":"RICHMOND","data_as_of":"2025-05-28T14:13:22.000","data_loaded_at":"2026-05-10T08:04:43.199"}},
{"type":"Feature","geometry":{"type":"Point","coordinates":[-122.404671,37.79037]},"properties":{":id":"row-v69h.27ei~mtb8",":version":"rv-7w8i_y8er-82wj",":created_at":"2026-05-10T15:04:56.433Z",":updated_at":"2026-05-10T15:04:56.433Z","active_licenses":"FPAS","permit_number":"1843","ban":"0416455","permit_status":"Active","poe_class_code":null,"license_type":"Fixed Place Amplified Sound","dba_name":"IRISH BANK BAR & RESTAURANT","street_address":"10 MARK LN","city":"San Francisco","state":"CA","analysis_neighborhood":"Financial District/South Beach","supervisor_district":"3","police_district":"CENTRAL","data_as_of":"2025-04-02T11:22:02.000","data_loaded_at":"2026-05-10T08:04:43.199"}},
{"type":"Feature","geometry":{"type":"Point","coordinates":[-122.409365787,37.784741585]},"properties":{":id":"row-qv3z_tgc9-cqzv",":version":"rv-vmce-nia8_5qic",":created_at":"2026-05-10T15:04:56.433Z",":updated_at":"2026-05-10T15:04:56.433Z","active_licenses":"POE","permit_number":"1844","ban":"1133134","permit_status":"Active","poe_class_code":"P23","license_type":"Place of Entertainment","dba_name":"BODEGA SF & THE FELIX","street_address":"138 MASON ST","city":"San Francisco","state":"CA","analysis_neighborhood":"Tenderloin","supervisor_district":"3","police_district":"TENDERLOIN","data_as_of":"2026-01-05T21:24:57.000","data_loaded_at":"2026-05-10T08:04:43.199"}},
{"type":"Feature","geometry":{"type":"Point","coordinates":[-122.418576,37.763253]},"properties":{":id":"row-qpxb.vqis.cnym",":version":"rv-z6mf-bgrn-g4ed",":created_at":"2026-05-10T15:04:56.433Z",":updated_at":"2026-05-10T15:04:56.433Z","active_licenses":"LLP, BP","permit_number":"1845","ban":"1163692","permit_status":"Active","poe_class_code":null,"license_type":"Limited Live Performance, Billiard or Pool Tables","dba_name":"KIITOS","street_address":"200 CAPP ST","city":"San Francisco","state":"CA","analysis_neighborhood":"Mission","supervisor_district":"9","police_district":"MISSION","data_as_of":"2025-05-07T13:56:10.000","data_loaded_at":"2026-05-10T08:04:43.199"}},
{"type":"Feature","geometry":{"type":"Point","coordinates":[-122.4183015,37.785825]},"properties":{":id":"row-ewg3-jcsv-pdbz",":version":"rv-drzc_sw8n.u4ky",":created_at":"2026-05-10T15:04:56.433Z",":updated_at":"2026-05-10T15:04:56.433Z","active_licenses":"LLP","permit_number":"1846","ban":"0458413","permit_status":"Active","poe_class_code":null,"license_type":"Limited Live Performance","dba_name":"TENDERLOIN MUSEUM ANNEX","street_address":"835 LARKIN ST","city":"San Francisco","state":"CA","analysis_neighborhood":"Tenderloin","supervisor_district":"5","police_district":"NORTHERN","data_as_of":"2025-04-17T13:54:07.000","data_loaded_at":"2026-05-10T08:04:43.199"}},
{"type":"Feature","geometry":{"type":"Point","coordinates":[-122.431698,37.764891]},"properties":{":id":"row-a92b~q3dd-4s3m",":version":"rv-nj3z-sjbg_sama",":created_at":"2026-05-10T15:04:56.433Z",":updated_at":"2026-05-10T15:04:56.433Z","active_licenses":"LLP","permit_number":"1847","ban":"0470187","permit_status":"Active","poe_class_code":null,"license_type":"Limited Live Performance","dba_name":"HI TOPS","street_address":"2247 MARKET ST","city":"San Francisco","state":"CA","analysis_neighborhood":"Castro/Upper Market","supervisor_district":"8","police_district":"MISSION","data_as_of":"2026-01-05T21:48:06.000","data_loaded_at":"2026-05-10T08:04:43.199"}},
{"type":"Feature","geometry":{"type":"Point","coordinates":[-122.423184,37.777122]},"properties":{":id":"row-m4ev_q5ip-km3x",":version":"rv-fwfn.zwu5~kuj9",":created_at":"2026-05-10T15:04:56.433Z",":updated_at":"2026-05-10T15:04:56.433Z","active_licenses":"LLP","permit_number":"1848","ban":"1119766","permit_status":"Active","poe_class_code":null,"license_type":"Limited Live Performance","dba_name":"Afterwork Bar / 409 GOUGH STREET, LLC","street_address":"409 GOUGH ST","city":"San Francisco","state":"CA","analysis_neighborhood":"Hayes Valley","supervisor_district":"5","police_district":"NORTHERN","data_as_of":"2026-01-05T21:48:20.000","data_loaded_at":"2026-05-10T08:04:43.199"}},
{"type":"Feature","geometry":{"type":"Point","coordinates":[-122.4040545,37.711089]},"properties":{":id":"row-ymdf.6xch-ci8s",":version":"rv-gsfr_a76j-2fnj",":created_at":"2026-05-10T15:04:56.433Z",":updated_at":"2026-05-10T15:04:56.433Z","active_licenses":"LLP","permit_number":"1849","ban":"1162194","permit_status":"Active","poe_class_code":null,"license_type":"Limited Live Performance","dba_name":"1945 RESTAURANT BAR & LOUNGE","street_address":"5 LELAND AVE","city":"San Francisco","state":"CA","analysis_neighborhood":"Visitacion Valley","supervisor_district":"10","police_district":"INGLESIDE","data_as_of":"2025-06-04T13:54:04.000","data_loaded_at":"2026-05-10T08:04:43.199"}},
{"type":"Feature","geometry":{"type":"Point","coordinates":[-122.4096795,37.786968]},"properties":{":id":"row-49mp.5j3t~jkjf",":version":"rv-uj8v-tghz_czd2",":created_at":"2026-05-10T15:04:56.433Z",":updated_at":"2026-05-10T15:04:56.433Z","active_licenses":"LLP","permit_number":"1850","ban":"1100569","permit_status":"Active","poe_class_code":null,"license_type":"Limited Live Performance","dba_name":"MASTRO'S","street_address":"399 GEARY ST","city":"San Francisco","state":"CA","analysis_neighborhood":"Tenderloin","supervisor_district":"3","police_district":"TENDERLOIN","data_as_of":"2026-01-05T21:48:41.000","data_loaded_at":"2026-05-10T08:04:43.199"}},
{"type":"Feature","geometry":{"type":"Point","coordinates":[-122.4343665,37.762848]},"properties":{":id":"row-htg7-t9dh~ncuh",":version":"rv-ckcm-duf3~6hrz",":created_at":"2026-05-10T15:04:56.433Z",":updated_at":"2026-05-10T15:04:56.433Z","active_licenses":"POE, EHP","permit_number":"1851","ban":"1168711","permit_status":"Active","poe_class_code":"P23","license_type":"Place of Entertainment, Extended Hours Premises","dba_name":"THE CAFE","street_address":"2369 MARKET ST","city":"San Francisco","state":"CA","analysis_neighborhood":"Castro/Upper Market","supervisor_district":"8","police_district":"MISSION","data_as_of":"2026-04-13T13:04:33.000","data_loaded_at":"2026-05-10T08:04:43.199"}},
{"type":"Feature","geometry":{"type":"Point","coordinates":[-122.4073395,37.790235]},"properties":{":id":"row-buge_8dfm.asn8",":version":"rv-cfim.jn5b_bhs5",":created_at":"2026-05-10T15:04:56.433Z",":updated_at":"2026-05-10T15:04:56.433Z","active_licenses":"FPAS","permit_number":"1852","ban":"0438574","permit_status":"Active","poe_class_code":null,"license_type":"Fixed Place Amplified Sound","dba_name":"BOUCHE","street_address":"603 BUSH ST","city":"San Francisco","state":"CA","analysis_neighborhood":"Financial District/South Beach","supervisor_district":"3","police_district":"CENTRAL","data_as_of":"2025-05-22T14:38:30.000","data_loaded_at":"2026-05-10T08:04:43.199"}},
{"type":"Feature","geometry":{"type":"Point","coordinates":[-122.5044765,37.74204]},"properties":{":id":"row-436d~28em.5vg2",":version":"rv-6hdx_tmiu_yrjm",":created_at":"2026-05-10T15:04:56.433Z",":updated_at":"2026-05-10T15:04:56.433Z","active_licenses":"LLP","permit_number":"1853","ban":"1157668","permit_status":"Active","poe_class_code":null,"license_type":"Limited Live Performance","dba_name":"GALINETTE","street_address":"3560 TARAVAL ST","city":"San Francisco","state":"CA","analysis_neighborhood":"Sunset/Parkside","supervisor_district":"4","police_district":"TARAVAL","data_as_of":"2026-01-05T21:48:55.000","data_loaded_at":"2026-05-10T08:04:43.199"}},
{"type":"Feature","geometry":{"type":"Point","coordinates":[-122.407821,37.75311]},"properties":{":id":"row-bzsv_azaf-h8tk",":version":"rv-jcx8~ggai~ey4k",":created_at":"2026-05-10T15:04:56.433Z",":updated_at":"2026-05-10T15:04:56.433Z","active_licenses":"LLP","permit_number":"1854","ban":"1160862","permit_status":"Active","poe_class_code":null,"license_type":"Limited Live Performance","dba_name":"PUPUSERIA METAPAN 2","street_address":"2778 24TH ST","city":"San Francisco","state":"CA","analysis_neighborhood":"Mission","supervisor_district":"9","police_district":"MISSION","data_as_of":"2026-01-05T21:49:08.000","data_loaded_at":"2026-05-10T08:04:43.199"}},
{"type":"Feature","geometry":{"type":"Point","coordinates":[-122.4219825,37.798146]},"properties":{":id":"row-hgwi_dj3i_ggjw",":version":"rv-mhiq-6zyd.rtne",":created_at":"2026-05-10T15:04:56.433Z",":updated_at":"2026-05-10T15:04:56.433Z","active_licenses":"FPAS","permit_number":"1855","ban":"1120513","permit_status":"Active","poe_class_code":null,"license_type":"Fixed Place Amplified Sound","dba_name":"Restaurant Nisei","street_address":"2316 POLK ST","city":"San Francisco","state":"CA","analysis_neighborhood":"Russian Hill","supervisor_district":"3","police_district":"NORTHERN","data_as_of":"2025-06-04T13:57:27.000","data_loaded_at":"2026-05-10T08:04:43.199"}},
{"type":"Feature","geometry":{"type":"Point","coordinates":[-122.4112995,37.75932]},"properties":{":id":"row-8gqw_bizj~cbq4",":version":"rv-wfbj_xn66~jerw",":created_at":"2026-05-10T15:04:56.433Z",":updated_at":"2026-05-10T15:04:56.433Z","active_licenses":"LLP","permit_number":"1856","ban":"1066288","permit_status":"Active","poe_class_code":null,"license_type":"Limited Live Performance","dba_name":"True Laurel","street_address":"753 ALABAMA ST","city":"San Francisco","state":"CA","analysis_neighborhood":"Mission","supervisor_district":"9","police_district":"MISSION","data_as_of":"2026-01-05T21:49:22.000","data_loaded_at":"2026-05-10T08:04:43.199"}},
{"type":"Feature","geometry":{"type":"Point","coordinates":[-122.402745,37.795158]},"properties":{":id":"row-dcrf.2ygp-axaq",":version":"rv-mjiz_ti3p-6a8i",":created_at":"2026-05-10T15:04:56.433Z",":updated_at":"2026-05-10T15:04:56.433Z","active_licenses":"LLP","permit_number":"1857","ban":"1118617","permit_status":"Active","poe_class_code":null,"license_type":"Limited Live Performance","dba_name":"The Transamerica Redwood Park","street_address":"600 MONTGOMERY ST","city":"San Francisco","state":"CA","analysis_neighborhood":"Chinatown","supervisor_district":"3","police_district":"CENTRAL","data_as_of":"2026-01-05T21:51:42.000","data_loaded_at":"2026-05-10T08:04:43.199"}},
{"type":"Feature","geometry":{"type":"Point","coordinates":[-122.410332,37.76058]},"properties":{":id":"row-bv9t.k6hq-rac7",":version":"rv-ks42-a8vj~xk32",":created_at":"2026-05-10T15:04:56.433Z",":updated_at":"2026-05-10T15:04:56.433Z","active_licenses":"LLP","permit_number":"1858","ban":"1164356","permit_status":"Active","poe_class_code":null,"license_type":"Limited Live Performance","dba_name":"SIDE A","street_address":"2814 19TH ST","city":"San Francisco","state":"CA","analysis_neighborhood":"Mission","supervisor_district":"9","police_district":"MISSION","data_as_of":"2026-01-05T21:49:25.000","data_loaded_at":"2026-05-10T08:04:43.199"}},
{"type":"Feature","geometry":{"type":"Point","coordinates":[-122.4016245,37.789533]},"properties":{":id":"row-jzt6-ucta-in9z",":version":"rv-tfxf.jrgk-vc6p",":created_at":"2026-05-10T15:04:56.433Z",":updated_at":"2026-05-10T15:04:56.433Z","active_licenses":"POE, EHP","permit_number":"1860","ban":"1162988","permit_status":"Active","poe_class_code":"P23","license_type":"Place of Entertainment, Extended Hours Premises","dba_name":"THE MEDIA ROOM","street_address":"582 MARKET ST","city":"San Francisco","state":"CA","analysis_neighborhood":"Financial District/South Beach","supervisor_district":"3","police_district":"CENTRAL","data_as_of":"2026-04-13T13:04:35.000","data_loaded_at":"2026-05-10T08:04:43.199"}},
{"type":"Feature","geometry":{"type":"Point","coordinates":[-122.406228,37.76742]},"properties":{":id":"row-ijcq_3vfr.scgt",":version":"rv-wa2b_mvzn~awek",":created_at":"2026-05-10T15:04:56.433Z",":updated_at":"2026-05-10T15:04:56.433Z","active_licenses":"POE, EHP","permit_number":"1862","ban":"1165371","permit_status":"Active","poe_class_code":"P23","license_type":"Place of Entertainment, Extended Hours Premises","dba_name":"Castle SF","street_address":"550 15TH ST","city":"San Francisco","state":"CA","analysis_neighborhood":"Mission","supervisor_district":"6","police_district":"MISSION","data_as_of":"2026-04-13T13:04:34.000","data_loaded_at":"2026-05-10T08:04:43.199"}},
{"type":"Feature","geometry":{"type":"Point","coordinates":[-122.4208755,37.790739]},"properties":{":id":"row-bhhk-amve_8gtv",":version":"rv-4e9g.zeuw.mk8y",":created_at":"2026-05-10T15:04:56.433Z",":updated_at":"2026-05-10T15:04:56.433Z","active_licenses":"LLP","permit_number":"1863","ban":"0351816","permit_status":"Active","poe_class_code":null,"license_type":"Limited Live Performance","dba_name":"RISTORANTE TI PIACERA","street_address":"1507 POLK ST","city":"San Francisco","state":"CA","analysis_neighborhood":"Nob Hill","supervisor_district":"3","police_district":"NORTHERN","data_as_of":"2025-07-18T10:56:55.000","data_loaded_at":"2026-05-10T08:04:43.199"}},
{"type":"Feature","geometry":{"type":"Point","coordinates":[-122.4172665,37.748844]},"properties":{":id":"row-guuq.2znk.mwik",":version":"rv-9i56~4abr~zhem",":created_at":"2026-05-10T15:04:56.433Z",":updated_at":"2026-05-10T15:04:56.433Z","active_licenses":"POE","permit_number":"1864","ban":"1166556","permit_status":"Active","poe_class_code":"P23","license_type":"Place of Entertainment","dba_name":"THE FOLD LLC","street_address":"3359 26TH ST","city":"San Francisco","state":"CA","analysis_neighborhood":"Mission","supervisor_district":"9","police_district":"MISSION","data_as_of":"2026-01-05T21:26:03.000","data_loaded_at":"2026-05-10T08:04:43.199"}},
{"type":"Feature","geometry":{"type":"Point","coordinates":[-122.482395,37.753731]},"properties":{":id":"row-4h83_b8zp_89vy",":version":"rv-mzuk~wqus_89hi",":created_at":"2026-05-10T15:04:56.433Z",":updated_at":"2026-05-10T15:04:56.433Z","active_licenses":"LLP","permit_number":"1865","ban":"1165320","permit_status":"Active","poe_class_code":null,"license_type":"Limited Live Performance","dba_name":"FIFTY VARA LLC","street_address":"1735 NORIEGA ST","city":"San Francisco","state":"CA","analysis_neighborhood":"Sunset/Parkside","supervisor_district":"4","police_district":"TARAVAL","data_as_of":"2026-01-05T21:49:37.000","data_loaded_at":"2026-05-10T08:04:43.199"}},
{"type":"Feature","geometry":{"type":"Point","coordinates":[-122.435703,37.799163]},"properties":{":id":"row-wmvg.u4zb~yrx3",":version":"rv-4tm4.nfqj.yc8j",":created_at":"2026-05-10T15:04:56.433Z",":updated_at":"2026-05-10T15:04:56.433Z","active_licenses":"LLP","permit_number":"1866","ban":"1100638","permit_status":"Active","poe_class_code":null,"license_type":"Limited Live Performance","dba_name":"SABROSA / ROCKWELL","street_address":"3200 FILLMORE ST","city":"San Francisco","state":"CA","analysis_neighborhood":"Marina","supervisor_district":"2","police_district":"NORTHERN","data_as_of":"2025-08-08T09:39:33.000","data_loaded_at":"2026-05-10T08:04:43.199"}},
{"type":"Feature","geometry":{"type":"Point","coordinates":[-122.4215955,37.764513]},"properties":{":id":"row-v2ev.jxv2.brpd",":version":"rv-9day~554y.5y38",":created_at":"2026-05-10T15:04:56.433Z",":updated_at":"2026-05-10T15:04:56.433Z","active_licenses":"LLP","permit_number":"1867","ban":"1171086","permit_status":"Active","poe_class_code":null,"license_type":"Limited Live Performance","dba_name":"MUDDY WATERS COFFEE & LOUNGE","street_address":"521 VALENCIA ST","city":"San Francisco","state":"CA","analysis_neighborhood":"Mission","supervisor_district":"9","police_district":"MISSION","data_as_of":"2026-01-05T21:49:41.000","data_loaded_at":"2026-05-10T08:04:43.199"}},
{"type":"Feature","geometry":{"type":"Point","coordinates":[-122.420313,37.787472]},"properties":{":id":"row-epq2_jxht-hme6",":version":"rv-wip4.9fgz_cz9n",":created_at":"2026-05-10T15:04:56.433Z",":updated_at":"2026-05-10T15:04:56.433Z","active_licenses":"POE","permit_number":"1869","ban":"1167512","permit_status":"Active","poe_class_code":"P23","license_type":"Place of Entertainment","dba_name":"XEX","street_address":"1131 POLK ST","city":"San Francisco","state":"CA","analysis_neighborhood":"Nob Hill","supervisor_district":"3","police_district":"NORTHERN","data_as_of":"2025-12-08T12:54:40.000","data_loaded_at":"2026-05-10T08:04:43.199"}},
{"type":"Feature","geometry":{"type":"Point","coordinates":[-122.4108585,37.76085]},"properties":{":id":"row-8rti.r89u-tnbb",":version":"rv-gr3i~rkp4~6qa5",":created_at":"2026-05-10T15:04:56.433Z",":updated_at":"2026-05-10T15:04:56.433Z","active_licenses":"LLP","permit_number":"1870","ban":"1089492","permit_status":"Active","poe_class_code":null,"license_type":"Limited Live Performance","dba_name":"CULTURA Y ARTE NATIVA DE LAS AMERICAS (CANA)","street_address":"683 FLORIDA ST","city":"San Francisco","state":"CA","analysis_neighborhood":"Mission","supervisor_district":"9","police_district":"MISSION","data_as_of":"2025-12-08T12:55:30.000","data_loaded_at":"2026-05-10T08:04:43.199"}},
{"type":"Feature","geometry":{"type":"Point","coordinates":[-122.475294,37.742859]},"properties":{":id":"row-p6s2~v8ii~2y7i",":version":"rv-d5sh.qs6h_ibwj",":created_at":"2026-05-10T15:04:56.433Z",":updated_at":"2026-05-10T15:04:56.433Z","active_licenses":"LLP","permit_number":"1871","ban":"1155476","permit_status":"Active","poe_class_code":null,"license_type":"Limited Live Performance","dba_name":"S & E CAFE","street_address":"2406 19TH AVE","city":"San Francisco","state":"CA","analysis_neighborhood":"West of Twin Peaks","supervisor_district":"7","police_district":"TARAVAL","data_as_of":"2025-08-08T09:39:35.000","data_loaded_at":"2026-05-10T08:04:43.199"}},
{"type":"Feature","geometry":{"type":"Point","coordinates":[-122.424363,37.776924]},"properties":{":id":"row-acvi_wmp6~dsq7",":version":"rv-gktd~98e8~7e2a",":created_at":"2026-05-10T15:04:56.433Z",":updated_at":"2026-05-10T15:04:56.433Z","active_licenses":"LLP","permit_number":"1872","ban":"0478935","permit_status":"Active","poe_class_code":null,"license_type":"Limited Live Performance","dba_name":"ANINA","street_address":"482 HAYES ST","city":"San Francisco","state":"CA","analysis_neighborhood":"Hayes Valley","supervisor_district":"5","police_district":"NORTHERN","data_as_of":"2026-01-05T21:50:25.000","data_loaded_at":"2026-05-10T08:04:43.199"}},
{"type":"Feature","geometry":null,"properties":{":id":"row-nmis~s4x3.9cuv",":version":"rv-vvsg_pzq7.6d7i",":created_at":"2026-05-10T15:04:56.433Z",":updated_at":"2026-05-10T15:04:56.433Z","active_licenses":"LLP","permit_number":"1873","ban":"0478935","permit_status":"Active","poe_class_code":null,"license_type":"Limited Live Performance","dba_name":"BRASS TACKS","street_address":null,"city":"San Francisco","state":"CA","analysis_neighborhood":null,"supervisor_district":null,"police_district":null,"data_as_of":"2026-01-05T21:50:37.000","data_loaded_at":"2026-05-10T08:04:43.199"}},
{"type":"Feature","geometry":{"type":"Point","coordinates":[-122.421465,37.743705]},"properties":{":id":"row-pm9a-bs7x~sz6g",":version":"rv-59t6~vsnh.bn8c",":created_at":"2026-05-10T15:04:56.433Z",":updated_at":"2026-05-10T15:04:56.433Z","active_licenses":"LLP","permit_number":"1875","ban":"0936732","permit_status":"Active","poe_class_code":null,"license_type":"Limited Live Performance","dba_name":"PLAYA AZUL SEA FOOD REST & BAR","street_address":"3318 MISSION ST","city":"San Francisco","state":"CA","analysis_neighborhood":"Bernal Heights","supervisor_district":"9","police_district":"INGLESIDE","data_as_of":"2025-09-23T12:53:12.000","data_loaded_at":"2026-05-10T08:04:43.199"}},
{"type":"Feature","geometry":{"type":"Point","coordinates":[-122.421132,37.791666]},"properties":{":id":"row-rrmt-srht-hw3t",":version":"rv-4vhe~jwya_j5uh",":created_at":"2026-05-10T15:04:56.433Z",":updated_at":"2026-05-10T15:04:56.433Z","active_licenses":"LLP","permit_number":"1876","ban":"0455255","permit_status":"Active","poe_class_code":null,"license_type":"Limited Live Performance","dba_name":"DUNYA BISTRO","street_address":"1609 POLK ST","city":"San Francisco","state":"CA","analysis_neighborhood":"Nob Hill","supervisor_district":"3","police_district":"NORTHERN","data_as_of":"2026-01-06T12:39:53.000","data_loaded_at":"2026-05-10T08:04:43.199"}},
{"type":"Feature","geometry":{"type":"Point","coordinates":[-122.4341685,37.761165]},"properties":{":id":"row-etfz.794f_xr6i",":version":"rv-w3fr.eq2v_p5qu",":created_at":"2026-05-10T15:04:56.433Z",":updated_at":"2026-05-10T15:04:56.433Z","active_licenses":"LLP","permit_number":"1877","ban":"1099961","permit_status":"Active","poe_class_code":null,"license_type":"Limited Live Performance","dba_name":"BLIND BUTCHER","street_address":"4058A 18TH ST","city":"San Francisco","state":"CA","analysis_neighborhood":"Castro/Upper Market","supervisor_district":"8","police_district":"MISSION","data_as_of":"2026-01-06T12:39:54.000","data_loaded_at":"2026-05-10T08:04:43.199"}},
{"type":"Feature","geometry":{"type":"Point","coordinates":[-122.423553,37.755288]},"properties":{":id":"row-jpng_brv2~523h",":version":"rv-9kj3.3cr2-kkgz",":created_at":"2026-05-10T15:04:56.433Z",":updated_at":"2026-05-10T15:04:56.433Z","active_licenses":"LLP","permit_number":"1878","ban":"1108577","permit_status":"Active","poe_class_code":null,"license_type":"Limited Live Performance","dba_name":"THE LIBERTIES BAR AND RESTAURANT","street_address":"998 GUERRERO ST","city":"San Francisco","state":"CA","analysis_neighborhood":"Mission","supervisor_district":"8","police_district":"MISSION","data_as_of":"2025-09-23T12:50:07.000","data_loaded_at":"2026-05-10T08:04:43.199"}},
{"type":"Feature","geometry":{"type":"Point","coordinates":[-122.420664,37.755162]},"properties":{":id":"row-i5j8.dwwq~5yjy",":version":"rv-hn7u~zb54_mn9x",":created_at":"2026-05-10T15:04:56.433Z",":updated_at":"2026-05-10T15:04:56.433Z","active_licenses":"LLP","permit_number":"1879","ban":"0341342","permit_status":"Active","poe_class_code":null,"license_type":"Limited Live Performance","dba_name":"RADIO HABANA CAFFE","street_address":"1109 VALENCIA ST","city":"San Francisco","state":"CA","analysis_neighborhood":"Mission","supervisor_district":"9","police_district":"MISSION","data_as_of":"2026-01-05T21:51:34.000","data_loaded_at":"2026-05-10T08:04:43.199"}},
{"type":"Feature","geometry":{"type":"Point","coordinates":[-122.418468,37.756098]},"properties":{":id":"row-4n8x-z96f_hva4",":version":"rv-iu4c.pu9s_atmm",":created_at":"2026-05-10T15:04:56.433Z",":updated_at":"2026-05-10T15:04:56.433Z","active_licenses":"BP","permit_number":"1881","ban":"1168454","permit_status":"Active","poe_class_code":null,"license_type":"Billiard or Pool Tables","dba_name":"THE HALL LLC","street_address":"2565 MISSION ST","city":"San Francisco","state":"CA","analysis_neighborhood":"Mission","supervisor_district":"9","police_district":"MISSION","data_as_of":"2025-08-05T14:29:44.000","data_loaded_at":"2026-05-10T08:04:43.199"}},
{"type":"Feature","geometry":{"type":"Point","coordinates":[-122.4221355,37.796211]},"properties":{":id":"row-5zjj~37vu.7apj",":version":"rv-haxz~xqp2~j3sf",":created_at":"2026-05-10T15:04:56.433Z",":updated_at":"2026-05-10T15:04:56.433Z","active_licenses":"POE","permit_number":"1882","ban":"1171099","permit_status":"Active","poe_class_code":"P23","license_type":"Place of Entertainment","dba_name":"SABOR GAUCHO","street_address":"1500 BROADWAY","city":"San Francisco","state":"CA","analysis_neighborhood":"Russian Hill","supervisor_district":"3","police_district":"NORTHERN","data_as_of":"2026-01-05T21:26:16.000","data_loaded_at":"2026-05-10T08:04:43.199"}},
{"type":"Feature","geometry":{"type":"Point","coordinates":[-122.413824,37.752642]},"properties":{":id":"row-82c7.rvku_9fh7",":version":"rv-62d6-ebzk~yx46",":created_at":"2026-05-10T15:04:56.433Z",":updated_at":"2026-05-10T15:04:56.433Z","active_licenses":"LLP, BP","permit_number":"1884","ban":"1166813","permit_status":"Active","poe_class_code":null,"license_type":"Limited Live Performance, Billiard or Pool Tables","dba_name":"EL TREBOL SPORT BAR #2 & RESTAURANT","street_address":"3088 24TH ST","city":"San Francisco","state":"CA","analysis_neighborhood":"Mission","supervisor_district":"9","police_district":"MISSION","data_as_of":"2025-09-23T12:44:57.000","data_loaded_at":"2026-05-10T08:04:43.199"}},
{"type":"Feature","geometry":{"type":"Point","coordinates":[-122.4694845,37.781055]},"properties":{":id":"row-vzkv_k525_2atf",":version":"rv-3qpr_x5hb_fpxb",":created_at":"2026-05-10T15:04:56.433Z",":updated_at":"2026-05-10T15:04:56.433Z","active_licenses":"LLP","permit_number":"1885","ban":"1152012","permit_status":"Active","poe_class_code":null,"license_type":"Limited Live Performance","dba_name":"WOULD YOU BELIEVE","street_address":"4652 GEARY BLVD","city":"San Francisco","state":"CA","analysis_neighborhood":"Inner Richmond","supervisor_district":"1","police_district":"RICHMOND","data_as_of":"2025-09-23T12:43:08.000","data_loaded_at":"2026-05-10T08:04:43.199"}},
{"type":"Feature","geometry":{"type":"Point","coordinates":[-122.4028575,37.725471]},"properties":{":id":"row-m3np-eehk.2d2c",":version":"rv-k2di~yway.nx7w",":created_at":"2026-05-10T15:04:56.433Z",":updated_at":"2026-05-10T15:04:56.433Z","active_licenses":"POE, BP","permit_number":"1886","ban":"1166320","permit_status":"Active","poe_class_code":"P23","license_type":"Place of Entertainment, Billiard or Pool Tables","dba_name":"EL TREBO SPORT BAR LLC","street_address":"2888 SAN BRUNO AVE","city":"San Francisco","state":"CA","analysis_neighborhood":"Portola","supervisor_district":"9","police_district":"BAYVIEW","data_as_of":"2026-01-09T13:48:23.000","data_loaded_at":"2026-05-10T08:04:43.199"}},
{"type":"Feature","geometry":{"type":"Point","coordinates":[-122.405238,37.797876]},"properties":{":id":"row-afju-z2cx-q286",":version":"rv-u43v.z862-wcbc",":created_at":"2026-05-10T15:04:56.433Z",":updated_at":"2026-05-10T15:04:56.433Z","active_licenses":"LLP","permit_number":"1887","ban":"1161028","permit_status":"Active","poe_class_code":null,"license_type":"Limited Live Performance","dba_name":"UNCLE PAUL'S CERAMICS NORTH BEACH","street_address":"493 BROADWAY","city":"San Francisco","state":"CA","analysis_neighborhood":"North Beach","supervisor_district":"3","police_district":"CENTRAL","data_as_of":"2025-09-23T12:42:19.000","data_loaded_at":"2026-05-10T08:04:43.199"}},
{"type":"Feature","geometry":{"type":"Point","coordinates":[-122.439168,37.718487]},"properties":{":id":"row-2cdd_nzp7~n6hj",":version":"rv-3t4u~ipg8~yps2",":created_at":"2026-05-10T15:04:56.433Z",":updated_at":"2026-05-10T15:04:56.433Z","active_licenses":"LLP","permit_number":"1889","ban":"1131249","permit_status":"Active","poe_class_code":null,"license_type":"Limited Live Performance","dba_name":"La Media Cancha 1","street_address":"4995 MISSION ST","city":"San Francisco","state":"CA","analysis_neighborhood":"Excelsior","supervisor_district":"11","police_district":"INGLESIDE","data_as_of":"2025-11-07T15:57:16.000","data_loaded_at":"2026-05-10T08:04:43.199"}},
{"type":"Feature","geometry":{"type":"Point","coordinates":[-122.406264,37.797759]},"properties":{":id":"row-keta~2n9m.nzg2",":version":"rv-ibf9-9tep~8yxr",":created_at":"2026-05-10T15:04:56.433Z",":updated_at":"2026-05-10T15:04:56.433Z","active_licenses":"POE","permit_number":"1890","ban":"1161722","permit_status":"Active","poe_class_code":"P23","license_type":"Place of Entertainment","dba_name":"LONG WEEKEND BAR","street_address":"270 COLUMBUS AVE","city":"San Francisco","state":"CA","analysis_neighborhood":"North Beach","supervisor_district":"3","police_district":"CENTRAL","data_as_of":"2025-09-23T12:40:42.000","data_loaded_at":"2026-05-10T08:04:43.199"}},
{"type":"Feature","geometry":{"type":"Point","coordinates":[-122.4040545,37.711089]},"properties":{":id":"row-4x4i_qhwi_7kk9",":version":"rv-jfgj~5eki-qd45",":created_at":"2026-05-10T15:04:56.433Z",":updated_at":"2026-05-10T15:04:56.433Z","active_licenses":"LLP","permit_number":"1891","ban":"1145461","permit_status":"Active","poe_class_code":null,"license_type":"Limited Live Performance","dba_name":"CHURCH OF CLOWN","street_address":"2400 BAY SHORE BLVD","city":"San Francisco","state":"CA","analysis_neighborhood":"Visitacion Valley","supervisor_district":"10","police_district":"INGLESIDE","data_as_of":"2025-11-07T15:46:28.000","data_loaded_at":"2026-05-10T08:04:43.199"}},
{"type":"Feature","geometry":{"type":"Point","coordinates":[-122.4338895,37.725462]},"properties":{":id":"row-keg9-aw66.kn8s",":version":"rv-5f48-pfvs~sma4",":created_at":"2026-05-10T15:04:56.433Z",":updated_at":"2026-05-10T15:04:56.433Z","active_licenses":"POE","permit_number":"1892","ban":"1159703","permit_status":"Active","poe_class_code":"P23","license_type":"Place of Entertainment","dba_name":"BAR-BEES","street_address":"4541 MISSION ST","city":"San Francisco","state":"CA","analysis_neighborhood":"Excelsior","supervisor_district":"11","police_district":"INGLESIDE","data_as_of":"2025-10-09T10:30:41.000","data_loaded_at":"2026-05-10T08:04:43.199"}},
{"type":"Feature","geometry":{"type":"Point","coordinates":[-122.41521,37.775502]},"properties":{":id":"row-px79.vt7t.feqf",":version":"rv-aq99_y2y5~bv7b",":created_at":"2026-05-10T15:04:56.433Z",":updated_at":"2026-05-10T15:04:56.433Z","active_licenses":"BP","permit_number":"1893","ban":"1173337","permit_status":"Active","poe_class_code":null,"license_type":"Billiard or Pool Tables","dba_name":"THE BALLROOM","street_address":"1349 MISSION ST","city":"San Francisco","state":"CA","analysis_neighborhood":"South of Market","supervisor_district":"6","police_district":"SOUTHERN","data_as_of":"2025-09-25T13:53:32.000","data_loaded_at":"2026-05-10T08:04:43.199"}},
{"type":"Feature","geometry":{"type":"Point","coordinates":[-122.4197055,37.762317]},"properties":{":id":"row-7yih-dtjj_86gq",":version":"rv-tttg_sigq.q82c",":created_at":"2026-05-10T15:04:56.433Z",":updated_at":"2026-05-10T15:04:56.433Z","active_licenses":"LLP","permit_number":"1894","ban":"1132853","permit_status":"Active","poe_class_code":null,"license_type":"Limited Live Performance","dba_name":"PIGLET & CO.","street_address":"2170 MISSION ST","city":"San Francisco","state":"CA","analysis_neighborhood":"Mission","supervisor_district":"9","police_district":"MISSION","data_as_of":"2026-01-05T21:52:06.000","data_loaded_at":"2026-05-10T08:04:43.199"}},
{"type":"Feature","geometry":{"type":"Point","coordinates":[-122.419368,37.786311]},"properties":{":id":"row-yxzh-r4by_x8qf",":version":"rv-994y~fzu6~wzp6",":created_at":"2026-05-10T15:04:56.433Z",":updated_at":"2026-05-10T15:04:56.433Z","active_licenses":"POE, EHP","permit_number":"1895","ban":"1173918","permit_status":"Active","poe_class_code":"P23","license_type":"Place of Entertainment, Extended Hours Premises","dba_name":"81 SOCIAL GALERIE","street_address":"81 CEDAR ST","city":"San Francisco","state":"CA","analysis_neighborhood":"Tenderloin","supervisor_district":"3","police_district":"NORTHERN","data_as_of":"2026-04-13T13:04:35.000","data_loaded_at":"2026-05-10T08:04:43.199"}},
{"type":"Feature","geometry":{"type":"Point","coordinates":[-122.4091935,37.77534]},"properties":{":id":"row-2igt.tyzm_ed3n",":version":"rv-j6zi_7sah.8jnn",":created_at":"2026-05-10T15:04:56.433Z",":updated_at":"2026-05-10T15:04:56.433Z","active_licenses":"LLP","permit_number":"1896","ban":"1173993","permit_status":"Active","poe_class_code":null,"license_type":"Limited Live Performance","dba_name":"DECENTERED ARTS","street_address":"1175 FOLSOM ST","city":"San Francisco","state":"CA","analysis_neighborhood":"South of Market","supervisor_district":"6","police_district":"SOUTHERN","data_as_of":"2025-10-24T10:18:00.000","data_loaded_at":"2026-05-10T08:04:43.199"}},
{"type":"Feature","geometry":{"type":"Point","coordinates":[-122.4132525,37.771497]},"properties":{":id":"row-mmgh.7cpr~gxtx",":version":"rv-tgxm_7cm9_aexp",":created_at":"2026-05-10T15:04:56.433Z",":updated_at":"2026-05-10T15:04:56.433Z","active_licenses":"POE, EHP","permit_number":"1897","ban":"1174648","permit_status":"Active","poe_class_code":"P23","license_type":"Place of Entertainment, Extended Hours Premises","dba_name":"THE BUDDA","street_address":"333 11TH ST","city":"San Francisco","state":"CA","analysis_neighborhood":"South of Market","supervisor_district":"6","police_district":"SOUTHERN","data_as_of":"2026-04-13T13:04:35.000","data_loaded_at":"2026-05-10T08:04:43.199"}},
{"type":"Feature","geometry":{"type":"Point","coordinates":[-122.434289278,37.800165298]},"properties":{":id":"row-ucmj-545v-7jki",":version":"rv-ief6_y2ns~huqt",":created_at":"2026-05-10T15:04:56.433Z",":updated_at":"2026-05-10T15:04:56.433Z","active_licenses":"POE","permit_number":"1898","ban":"1163584","permit_status":"Active","poe_class_code":"P23","license_type":"Place of Entertainment","dba_name":"SILVER CLOUD","street_address":"1994 LOMBARD ST","city":"San Francisco","state":"CA","analysis_neighborhood":"Marina","supervisor_district":"2","police_district":"NORTHERN","data_as_of":"2025-10-24T10:17:00.000","data_loaded_at":"2026-05-10T08:04:43.199"}},
{"type":"Feature","geometry":{"type":"Point","coordinates":[-122.4347085,37.76202]},"properties":{":id":"row-hp4s-q4e9.khmq",":version":"rv-wmh3.kj6s.9qad",":created_at":"2026-05-10T15:04:56.433Z",":updated_at":"2026-05-10T15:04:56.433Z","active_licenses":"POE","permit_number":"1899","ban":"1131453","permit_status":"Active","poe_class_code":"P23","license_type":"Place of Entertainment","dba_name":"THE CASTRO","street_address":"429 CASTRO ST","city":"San Francisco","state":"CA","analysis_neighborhood":"Castro/Upper Market","supervisor_district":"8","police_district":"MISSION","data_as_of":"2026-02-10T13:59:48.000","data_loaded_at":"2026-05-10T08:04:43.199"}},
{"type":"Feature","geometry":{"type":"Point","coordinates":[-122.408811,37.799802]},"properties":{":id":"row-4jqg.idnd-5bd8",":version":"rv-s55a.3unb-6kup",":created_at":"2026-05-10T15:04:56.433Z",":updated_at":"2026-05-10T15:04:56.433Z","active_licenses":"LLP","permit_number":"1901","ban":"1154721","permit_status":"Active","poe_class_code":null,"license_type":"Limited Live Performance","dba_name":"NORTH BEACH RESTAURANT","street_address":"1512 STOCKTON ST","city":"San Francisco","state":"CA","analysis_neighborhood":"North Beach","supervisor_district":"3","police_district":"CENTRAL","data_as_of":"2025-11-12T11:05:55.000","data_loaded_at":"2026-05-10T08:04:43.199"}},
{"type":"Feature","geometry":{"type":"Point","coordinates":[-122.3925705,37.782558]},"properties":{":id":"row-4rk7~jcvc-65n4",":version":"rv-7wu8-dguz~dmp4",":created_at":"2026-05-10T15:04:56.433Z",":updated_at":"2026-05-10T15:04:56.433Z","active_licenses":"LLP","permit_number":"1902","ban":"1146267","permit_status":"Active","poe_class_code":null,"license_type":"Limited Live Performance","dba_name":"MOVIDA","street_address":"555 2ND ST","city":"San Francisco","state":"CA","analysis_neighborhood":"Financial District/South Beach","supervisor_district":"6","police_district":"SOUTHERN","data_as_of":"2025-12-19T16:22:18.000","data_loaded_at":"2026-05-10T08:04:43.199"}},
{"type":"Feature","geometry":{"type":"Point","coordinates":[-122.4190575,37.763865]},"properties":{":id":"row-iezz-hssi.2q78",":version":"rv-2pam_nyi2_euzb",":created_at":"2026-05-10T15:04:56.433Z",":updated_at":"2026-05-10T15:04:56.433Z","active_licenses":"LLP","permit_number":"1904","ban":"1174270","permit_status":"Active","poe_class_code":null,"license_type":"Limited Live Performance","dba_name":"THE SECRET ALLEY","street_address":"180 CAPP ST","city":"San Francisco","state":"CA","analysis_neighborhood":"Mission","supervisor_district":"9","police_district":"MISSION","data_as_of":"2025-11-20T13:33:29.000","data_loaded_at":"2026-05-10T08:04:43.199"}},
{"type":"Feature","geometry":{"type":"Point","coordinates":[-122.407155,37.800027]},"properties":{":id":"row-czxe_8s8f~nvqm",":version":"rv-6fa3.nv6s~jpya",":created_at":"2026-05-10T15:04:56.433Z",":updated_at":"2026-05-10T15:04:56.433Z","active_licenses":"LLP","permit_number":"1905","ban":"1172201","permit_status":"Active","poe_class_code":null,"license_type":"Limited Live Performance","dba_name":"EQUAL PARTS SF","street_address":"478 GREEN ST","city":"San Francisco","state":"CA","analysis_neighborhood":"North Beach","supervisor_district":"3","police_district":"CENTRAL","data_as_of":"2026-02-01T21:27:02.000","data_loaded_at":"2026-05-10T08:04:43.199"}},
{"type":"Feature","geometry":{"type":"Point","coordinates":[-122.398596,37.783737]},"properties":{":id":"row-t8nm~qh6x-f2de",":version":"rv-n9pc_xhis~rnnh",":created_at":"2026-05-10T15:04:56.433Z",":updated_at":"2026-05-10T15:04:56.433Z","active_licenses":"POE","permit_number":"1906","ban":"1152200","permit_status":"Active","poe_class_code":"P23","license_type":"Place of Entertainment","dba_name":"GOLDEN EYE SOCIAL","street_address":"311 3RD ST","city":"San Francisco","state":"CA","analysis_neighborhood":"Financial District/South Beach","supervisor_district":"6","police_district":"SOUTHERN","data_as_of":"2026-02-05T13:35:59.000","data_loaded_at":"2026-05-10T08:04:43.199"}},
{"type":"Feature","geometry":{"type":"Point","coordinates":[-122.467653,37.710432]},"properties":{":id":"row-v7k2-w4y7.rx3q",":version":"rv-hszm.a58h_95dw",":created_at":"2026-05-10T15:04:56.433Z",":updated_at":"2026-05-10T15:04:56.433Z","active_licenses":"MAD","permit_number":"1907","ban":"1151552","permit_status":"Active","poe_class_code":null,"license_type":"Mechanical Amusement Device","dba_name":"KIDDLETON","street_address":"3995 ALEMANY BLVD","city":"San Francisco","state":"CA","analysis_neighborhood":"Oceanview/Merced/Ingleside","supervisor_district":"7","police_district":"TARAVAL","data_as_of":"2026-04-10T11:34:29.000","data_loaded_at":"2026-05-10T08:04:43.199"}},
{"type":"Feature","geometry":{"type":"Point","coordinates":[-122.4471285,37.769769]},"properties":{":id":"row-uiv8~d32x_45kx",":version":"rv-xtzh-fscb-naeh",":created_at":"2026-05-10T15:04:56.433Z",":updated_at":"2026-05-10T15:04:56.433Z","active_licenses":"POE","permit_number":"1908","ban":"1168515","permit_status":"Active","poe_class_code":"P23","license_type":"Place of Entertainment","dba_name":"THE DELUXE","street_address":"1509 HAIGHT ST","city":"San Francisco","state":"CA","analysis_neighborhood":"Haight Ashbury","supervisor_district":"5","police_district":"PARK","data_as_of":"2025-12-19T08:59:53.000","data_loaded_at":"2026-05-10T08:04:43.199"}},
{"type":"Feature","geometry":{"type":"Point","coordinates":[-122.478464508,37.763718566]},"properties":{":id":"row-f48w-i4x2.jre6",":version":"rv-b9gu_2gu8~6fjs",":created_at":"2026-05-10T15:04:56.433Z",":updated_at":"2026-05-10T15:04:56.433Z","active_licenses":"POE","permit_number":"1909","ban":"1137762","permit_status":"Active","poe_class_code":"P23","license_type":"Place of Entertainment","dba_name":"GAO VIET KITCHEN & BAR","street_address":"1906 IRVING ST","city":"San Francisco","state":"CA","analysis_neighborhood":"Sunset/Parkside","supervisor_district":"4","police_district":"TARAVAL","data_as_of":"2025-12-19T15:58:16.000","data_loaded_at":"2026-05-10T08:04:43.199"}},
{"type":"Feature","geometry":{"type":"Point","coordinates":[-122.444127,37.723203]},"properties":{":id":"row-gtjk-z7ia-jazu",":version":"rv-tgcx_a4zi.de4a",":created_at":"2026-05-10T15:04:56.433Z",":updated_at":"2026-05-10T15:04:56.433Z","active_licenses":"POE","permit_number":"1910","ban":"1175287","permit_status":"Active","poe_class_code":"P23","license_type":"Place of Entertainment","dba_name":"COPACABANA SF","street_address":"358 OCEAN AVE","city":"San Francisco","state":"CA","analysis_neighborhood":"Outer Mission","supervisor_district":"11","police_district":"INGLESIDE","data_as_of":"2026-05-01T12:29:23.000","data_loaded_at":"2026-05-10T08:04:43.199"}},
{"type":"Feature","geometry":{"type":"Point","coordinates":[-122.383863,37.758753]},"properties":{":id":"row-pgiw-zbpw_wrgh",":version":"rv-jjjf_cssz-2kip",":created_at":"2026-05-10T15:04:56.433Z",":updated_at":"2026-05-10T15:04:56.433Z","active_licenses":"POE","permit_number":"1911","ban":"1172323","permit_status":"Active","poe_class_code":"P23","license_type":"Place of Entertainment","dba_name":"ELEVATION SKY PARK SF","street_address":"1070 MARYLAND ST","city":"San Francisco","state":"CA","analysis_neighborhood":"Potrero Hill","supervisor_district":"10","police_district":"BAYVIEW","data_as_of":"2026-01-05T21:27:22.000","data_loaded_at":"2026-05-10T08:04:43.199"}},
{"type":"Feature","geometry":{"type":"Point","coordinates":[-122.432598,37.727172]},"properties":{":id":"row-danr_hy57-aac5",":version":"rv-pjgb_dqq3-35j7",":created_at":"2026-05-10T15:04:56.433Z",":updated_at":"2026-05-10T15:04:56.433Z","active_licenses":"POE","permit_number":"1912","ban":"1149178","permit_status":"Active","poe_class_code":"P23","license_type":"Place of Entertainment","dba_name":"GRIZZLY'S BAR INC","street_address":"4431 MISSION ST","city":"San Francisco","state":"CA","analysis_neighborhood":"Excelsior","supervisor_district":"11","police_district":"INGLESIDE","data_as_of":"2025-12-19T15:50:05.000","data_loaded_at":"2026-05-10T08:04:43.199"}},
{"type":"Feature","geometry":{"type":"Point","coordinates":[-122.4365355,37.800576]},"properties":{":id":"row-5e69~fzxc_gjm4",":version":"rv-yxnv~kxdi-yxav",":created_at":"2026-05-10T15:04:56.433Z",":updated_at":"2026-05-10T15:04:56.433Z","active_licenses":"POE","permit_number":"1913","ban":"1152199","permit_status":"Active","poe_class_code":"P23","license_type":"Place of Entertainment","dba_name":"MORELLA","street_address":"2001 CHESTNUT ST","city":"San Francisco","state":"CA","analysis_neighborhood":"Marina","supervisor_district":"2","police_district":"NORTHERN","data_as_of":"2026-01-05T21:27:17.000","data_loaded_at":"2026-05-10T08:04:43.199"}},
{"type":"Feature","geometry":{"type":"Point","coordinates":[-122.4221985,37.741554]},"properties":{":id":"row-qck4_qtpj_4b2k",":version":"rv-6gic~uyjk-vyu3",":created_at":"2026-05-10T15:04:56.433Z",":updated_at":"2026-05-10T15:04:56.433Z","active_licenses":"POE, BP","permit_number":"1914","ban":"1124122","permit_status":"Active","poe_class_code":"P23","license_type":"Place of Entertainment, Billiard or Pool Tables","dba_name":"TIKAL BAR","street_address":"3441 MISSION ST","city":"San Francisco","state":"CA","analysis_neighborhood":"Bernal Heights","supervisor_district":"9","police_district":"INGLESIDE","data_as_of":"2026-02-13T13:39:43.000","data_loaded_at":"2026-05-10T08:04:43.199"}},
{"type":"Feature","geometry":{"type":"Point","coordinates":[-122.4380745,37.800027]},"properties":{":id":"row-dznc-5zst_mgma",":version":"rv-h7rs_zcms_gfq4",":created_at":"2026-05-10T15:04:56.433Z",":updated_at":"2026-05-10T15:04:56.433Z","active_licenses":"POE","permit_number":"1915","ban":"1164116","permit_status":"Active","poe_class_code":"P23","license_type":"Place of Entertainment","dba_name":"INDIGO","street_address":"3321 STEINER ST","city":"San Francisco","state":"CA","analysis_neighborhood":"Marina","supervisor_district":"2","police_district":"NORTHERN","data_as_of":"2026-01-05T21:27:24.000","data_loaded_at":"2026-05-10T08:04:43.199"}},
{"type":"Feature","geometry":{"type":"Point","coordinates":[-122.4129015,37.787166]},"properties":{":id":"row-9tv7.fcnv~4yh4",":version":"rv-8v5r_irr3~d5pt",":created_at":"2026-05-10T15:04:56.433Z",":updated_at":"2026-05-10T15:04:56.433Z","active_licenses":"POE","permit_number":"1916","ban":"0460458","permit_status":"Active","poe_class_code":"P23","license_type":"Place of Entertainment","dba_name":"620 JONES","street_address":"620 JONES ST","city":"San Francisco","state":"CA","analysis_neighborhood":"Tenderloin","supervisor_district":"3","police_district":"CENTRAL","data_as_of":"2026-02-06T11:05:06.000","data_loaded_at":"2026-05-10T08:04:43.199"}},
{"type":"Feature","geometry":{"type":"Point","coordinates":[-122.4314775,37.765278]},"properties":{":id":"row-pjtz~rasi_snq2",":version":"rv-4x33_gne3-zk9s",":created_at":"2026-05-10T15:04:56.433Z",":updated_at":"2026-05-10T15:04:56.433Z","active_licenses":"LLP","permit_number":"1917","ban":"1158867","permit_status":"Active","poe_class_code":null,"license_type":"Limited Live Performance","dba_name":"RIKKI'S BAR","street_address":"2223 MARKET ST","city":"San Francisco","state":"CA","analysis_neighborhood":"Castro/Upper Market","supervisor_district":"8","police_district":"MISSION","data_as_of":"2026-02-19T15:10:38.000","data_loaded_at":"2026-05-10T08:04:43.199"}},
{"type":"Feature","geometry":{"type":"Point","coordinates":[-122.4056475,37.789407]},"properties":{":id":"row-rx94.fmfx_wjij",":version":"rv-u78y_2xhq_jtzs",":created_at":"2026-05-10T15:04:56.433Z",":updated_at":"2026-05-10T15:04:56.433Z","active_licenses":"FPAS","permit_number":"1918","ban":"1167590","permit_status":"Active","poe_class_code":null,"license_type":"Fixed Place Amplified Sound","dba_name":"BELLA CAFE","street_address":"12 TILLMAN PL","city":"San Francisco","state":"CA","analysis_neighborhood":"Financial District/South Beach","supervisor_district":"3","police_district":"CENTRAL","data_as_of":"2026-02-05T13:25:08.000","data_loaded_at":"2026-05-10T08:04:43.199"}},
{"type":"Feature","geometry":{"type":"Point","coordinates":[-122.3886561,37.7764363]},"properties":{":id":"row-avdr.5bvj.4ekz",":version":"rv-2m62-xxr4~h2mc",":created_at":"2026-05-10T15:04:56.433Z",":updated_at":"2026-05-10T15:04:56.433Z","active_licenses":"LLP","permit_number":"1920","ban":"0365523","permit_status":"Active","poe_class_code":null,"license_type":"Limited Live Performance","dba_name":"China Basin Park","street_address":"1 TERRY A FRANCOIS BLVD","city":"San Francisco","state":"CA","analysis_neighborhood":"Mission Bay","supervisor_district":"6","police_district":"BAYVIEW","data_as_of":"2026-02-19T12:30:36.000","data_loaded_at":"2026-05-10T08:04:43.199"}},
{"type":"Feature","geometry":{"type":"Point","coordinates":[-122.4087885,37.782891]},"properties":{":id":"row-u9we~3sei.xyhx",":version":"rv-zv83-krw2-y5w2",":created_at":"2026-05-10T15:04:56.433Z",":updated_at":"2026-05-10T15:04:56.433Z","active_licenses":"LLP","permit_number":"1921","ban":"1122103","permit_status":"Active","poe_class_code":null,"license_type":"Limited Live Performance","dba_name":"Saluhall","street_address":"945 MARKET ST","city":"San Francisco","state":"CA","analysis_neighborhood":"South of Market","supervisor_district":"6","police_district":"SOUTHERN","data_as_of":"2026-03-05T10:56:31.000","data_loaded_at":"2026-05-10T08:04:43.199"}},
{"type":"Feature","geometry":{"type":"Point","coordinates":[-122.4228555,37.774854]},"properties":{":id":"row-mjuv_iggj-eiey",":version":"rv-569v.swnk.st2q",":created_at":"2026-05-10T15:04:56.433Z",":updated_at":"2026-05-10T15:04:56.433Z","active_licenses":"FPAS","permit_number":"1922","ban":"1065441","permit_status":"Active","poe_class_code":null,"license_type":"Fixed Place Amplified Sound","dba_name":"RT BISTRO","street_address":"205 OAK ST","city":"San Francisco","state":"CA","analysis_neighborhood":"Hayes Valley","supervisor_district":"5","police_district":"NORTHERN","data_as_of":"2026-03-16T16:54:33.000","data_loaded_at":"2026-05-10T08:04:43.199"}},
{"type":"Feature","geometry":{"type":"Point","coordinates":[-122.418468,37.756098]},"properties":{":id":"row-v2je_fu4e.tqnj",":version":"rv-auak~f8hf~a99c",":created_at":"2026-05-10T15:04:56.433Z",":updated_at":"2026-05-10T15:04:56.433Z","active_licenses":"POE","permit_number":"1923","ban":"1168454","permit_status":"Active","poe_class_code":"P23","license_type":"Place of Entertainment","dba_name":"THE HALL","street_address":"2565 MISSION ST","city":"San Francisco","state":"CA","analysis_neighborhood":"Mission","supervisor_district":"9","police_district":"MISSION","data_as_of":"2026-04-10T11:11:13.000","data_loaded_at":"2026-05-10T08:04:43.199"}},
{"type":"Feature","geometry":{"type":"Point","coordinates":[-122.386917194,37.775648403]},"properties":{":id":"row-ksxx.73nu_83yz",":version":"rv-hfum~5v2e.3xrq",":created_at":"2026-05-10T15:04:56.433Z",":updated_at":"2026-05-10T15:04:56.433Z","active_licenses":"POE","permit_number":"1924","ban":"0365523","permit_status":"Active","poe_class_code":"P23","license_type":"Place of Entertainment","dba_name":"Pier 48 Sheds A, B & C","street_address":"PIER 48, 48-48","city":"San Francisco","state":"CA","analysis_neighborhood":"Mission Bay","supervisor_district":"6","police_district":"BAYVIEW","data_as_of":"2026-02-26T15:18:27.000","data_loaded_at":"2026-05-10T08:04:43.199"}},
{"type":"Feature","geometry":{"type":"Point","coordinates":[-122.399906964,37.786092087]},"properties":{":id":"row-t8bq.yg96_fswc",":version":"rv-y9by_gss3.7bsb",":created_at":"2026-05-10T15:04:56.433Z",":updated_at":"2026-05-10T15:04:56.433Z","active_licenses":"FPAS","permit_number":"1927","ban":"0434399","permit_status":"Active","poe_class_code":null,"license_type":"Fixed Place Amplified Sound","dba_name":"YERBA BUENA PARTNERSHIP","street_address":"149 NATOMA ST","city":"San Francisco","state":"CA","analysis_neighborhood":"Financial District/South Beach","supervisor_district":"6","police_district":"SOUTHERN","data_as_of":"2026-04-10T11:12:16.000","data_loaded_at":"2026-05-10T08:04:43.199"}},
{"type":"Feature","geometry":{"type":"Point","coordinates":[-122.418261,37.754001]},"properties":{":id":"row-agv6.iebs.v8bh",":version":"rv-wyax~btfb-rnsq",":created_at":"2026-05-10T15:04:56.433Z",":updated_at":"2026-05-10T15:04:56.433Z","active_licenses":"BP","permit_number":"196","ban":"0320879","permit_status":"Active","poe_class_code":null,"license_type":"Billiard or Pool Tables","dba_name":"Mission Street Bar","street_address":"2695 MISSION ST","city":"San Francisco","state":"CA","analysis_neighborhood":"Mission","supervisor_district":"9","police_district":"MISSION","data_as_of":"2024-01-29T14:30:06.000","data_loaded_at":"2026-05-10T08:04:43.199"}},
{"type":"Feature","geometry":{"type":"Point","coordinates":[-122.420475,37.775988]},"properties":{":id":"row-c5e6-rz2h.s5w6",":version":"rv-4eyr-s3kp~r3uq",":created_at":"2026-05-10T15:04:56.433Z",":updated_at":"2026-05-10T15:04:56.433Z","active_licenses":"POE","permit_number":"201","ban":"0361720","permit_status":"Active","poe_class_code":"P23","license_type":"Place of Entertainment","dba_name":"RICKSHAW STOP","street_address":"155 FELL ST","city":"San Francisco","state":"CA","analysis_neighborhood":"Hayes Valley","supervisor_district":"6","police_district":"NORTHERN","data_as_of":"2024-01-29T14:30:06.000","data_loaded_at":"2026-05-10T08:04:43.199"}},
{"type":"Feature","geometry":{"type":"Point","coordinates":[-122.404141001,37.79821921]},"properties":{":id":"row-yn73.xu2s.vxe5",":version":"rv-c3ah-vkhv-g57e",":created_at":"2026-05-10T15:04:56.433Z",":updated_at":"2026-05-10T15:04:56.433Z","active_licenses":"POE","permit_number":"204","ban":"0329590","permit_status":"Active","poe_class_code":"P23","license_type":"Place of Entertainment","dba_name":"Vanity Nightclub","street_address":"412 BROADWAY","city":"San Francisco","state":"CA","analysis_neighborhood":"North Beach","supervisor_district":"3","police_district":"CENTRAL","data_as_of":"2024-01-29T14:30:06.000","data_loaded_at":"2026-05-10T08:04:43.199"}},
{"type":"Feature","geometry":{"type":"Point","coordinates":[-122.452605,37.769517]},"properties":{":id":"row-d6zk.deh4_ejb9",":version":"rv-vs47~piha-2a7a",":created_at":"2026-05-10T15:04:56.433Z",":updated_at":"2026-05-10T15:04:56.433Z","active_licenses":"POE, BP","permit_number":"209","ban":"0428302","permit_status":"Active","poe_class_code":"P23","license_type":"Place of Entertainment, Billiard or Pool Tables","dba_name":"O'Reilly's Pub (fka GALAXY CLUB - Milk Bar)","street_address":"1840 HAIGHT ST","city":"San Francisco","state":"CA","analysis_neighborhood":"Haight Ashbury","supervisor_district":"5","police_district":"PARK","data_as_of":"2025-07-29T13:36:33.000","data_loaded_at":"2026-05-10T08:04:43.199"}},
{"type":"Feature","geometry":{"type":"Point","coordinates":[-122.418513,37.751022]},"properties":{":id":"row-ub9e.w4rk.nq9j",":version":"rv-h5rk-ew3p_5uwc",":created_at":"2026-05-10T15:04:56.433Z",":updated_at":"2026-05-10T15:04:56.433Z","active_licenses":"POE","permit_number":"215","ban":"0391042","permit_status":"Active","poe_class_code":"P23","license_type":"Place of Entertainment","dba_name":"MISSION CULTURAL CENTER","street_address":"2868 MISSION ST","city":"San Francisco","state":"CA","analysis_neighborhood":"Mission","supervisor_district":"9","police_district":"MISSION","data_as_of":"2024-01-29T14:30:06.000","data_loaded_at":"2026-05-10T08:04:43.199"}},
{"type":"Feature","geometry":{"type":"Point","coordinates":[-122.406858,37.765647]},"properties":{":id":"row-73z9-ybvg_3c6n",":version":"rv-syvt.fkue_ueqc",":created_at":"2026-05-10T15:04:56.433Z",":updated_at":"2026-05-10T15:04:56.433Z","active_licenses":"POE","permit_number":"216","ban":"0935434","permit_status":"Active","poe_class_code":"P23","license_type":"Place of Entertainment","dba_name":"IL Pirata Restaurant","street_address":"2007 16TH ST","city":"San Francisco","state":"CA","analysis_neighborhood":"Mission","supervisor_district":"10","police_district":"MISSION","data_as_of":"2024-01-29T14:30:06.000","data_loaded_at":"2026-05-10T08:04:43.199"}},
{"type":"Feature","geometry":{"type":"Point","coordinates":[-122.415678,37.803708]},"properties":{":id":"row-7evx_b88d.i3m3",":version":"rv-rjx9~k9cs_kv9f",":created_at":"2026-05-10T15:04:56.433Z",":updated_at":"2026-05-10T15:04:56.433Z","active_licenses":"POE","permit_number":"218","ban":"0003188","permit_status":"Active","poe_class_code":"P23","license_type":"Place of Entertainment","dba_name":"Bimbo's 365 Club","street_address":"1025 COLUMBUS AVE","city":"San Francisco","state":"CA","analysis_neighborhood":"Russian Hill","supervisor_district":"3","police_district":"CENTRAL","data_as_of":"2024-01-29T14:30:06.000","data_loaded_at":"2026-05-10T08:04:43.199"}},
{"type":"Feature","geometry":{"type":"Point","coordinates":[-122.415219,37.755855]},"properties":{":id":"row-5xbw~msyp~a3rm",":version":"rv-u9ie-dy52~m3w7",":created_at":"2026-05-10T15:04:56.433Z",":updated_at":"2026-05-10T15:04:56.433Z","active_licenses":"POE","permit_number":"227","ban":"1040645","permit_status":"Active","poe_class_code":"P23","license_type":"Place of Entertainment","dba_name":"The Polish Club Inc","street_address":"3040 22ND ST","city":"San Francisco","state":"CA","analysis_neighborhood":"Mission","supervisor_district":"9","police_district":"MISSION","data_as_of":"2025-09-26T13:48:32.000","data_loaded_at":"2026-05-10T08:04:43.199"}},
{"type":"Feature","geometry":{"type":"Point","coordinates":[-122.4044055,37.785402]},"properties":{":id":"row-2e49_vmm9-5fks",":version":"rv-4ry6~w448_xajq",":created_at":"2026-05-10T15:04:56.433Z",":updated_at":"2026-05-10T15:04:56.433Z","active_licenses":"POE","permit_number":"232","ban":"0326990","permit_status":"Active","poe_class_code":"P23","license_type":"Place of Entertainment","dba_name":"SF Marriott Hotel / The View","street_address":"55 4TH ST","city":"San Francisco","state":"CA","analysis_neighborhood":"Financial District/South Beach","supervisor_district":"6","police_district":"SOUTHERN","data_as_of":"2024-01-29T14:30:06.000","data_loaded_at":"2026-05-10T08:04:43.199"}},
{"type":"Feature","geometry":{"type":"Point","coordinates":[-122.4086715,37.786086]},"properties":{":id":"row-dc4j_jugn-wrkm",":version":"rv-cwu2.9iaf_v5dh",":created_at":"2026-05-10T15:04:56.433Z",":updated_at":"2026-05-10T15:04:56.433Z","active_licenses":"POE","permit_number":"243","ban":"0312891","permit_status":"Active","poe_class_code":"P23","license_type":"Place of Entertainment","dba_name":"Johnny Foley's Irish House","street_address":"243 OFARRELL ST","city":"San Francisco","state":"CA","analysis_neighborhood":"Tenderloin","supervisor_district":"3","police_district":"TENDERLOIN","data_as_of":"2024-01-29T14:30:06.000","data_loaded_at":"2026-05-10T08:04:43.199"}},
{"type":"Feature","geometry":{"type":"Point","coordinates":[-122.415988729,37.807302184]},"properties":{":id":"row-pvuv-bfq8~s62w",":version":"rv-5cuz.9p6z.cd7x",":created_at":"2026-05-10T15:04:56.433Z",":updated_at":"2026-05-10T15:04:56.433Z","active_licenses":"POE","permit_number":"248","ban":"0488301","permit_status":"Active","poe_class_code":"P23","license_type":"Place of Entertainment","dba_name":"Bay Area Longshoremen's","street_address":"400 BEACH ST","city":"San Francisco","state":"CA","analysis_neighborhood":"North Beach","supervisor_district":"3","police_district":"CENTRAL","data_as_of":"2024-01-29T14:30:06.000","data_loaded_at":"2026-05-10T08:04:43.199"}},
{"type":"Feature","geometry":{"type":"Point","coordinates":[-122.4044055,37.789992]},"properties":{":id":"row-szta~7n3e~ed2t",":version":"rv-gcxa.yftw.c8hr",":created_at":"2026-05-10T15:04:56.433Z",":updated_at":"2026-05-10T15:04:56.433Z","active_licenses":"POE","permit_number":"262","ban":"0316872","permit_status":"Active","poe_class_code":"P23","license_type":"Place of Entertainment","dba_name":"CAFE CLAUDE","street_address":"7 CLAUDE LN","city":"San Francisco","state":"CA","analysis_neighborhood":"Financial District/South Beach","supervisor_district":"3","police_district":"CENTRAL","data_as_of":"2024-01-29T14:30:06.000","data_loaded_at":"2026-05-10T08:04:43.199"}},
{"type":"Feature","geometry":{"type":"Point","coordinates":[-122.4090135,37.785465]},"properties":{":id":"row-cfy5_7f77.iady",":version":"rv-anxx_ndq8~au8d",":created_at":"2026-05-10T15:04:56.433Z",":updated_at":"2026-05-10T15:04:56.433Z","active_licenses":"POE","permit_number":"271","ban":"0173398","permit_status":"Active","poe_class_code":"P23","license_type":"Place of Entertainment","dba_name":"New Delhi Restaurant","street_address":"160 ELLIS ST","city":"San Francisco","state":"CA","analysis_neighborhood":"Tenderloin","supervisor_district":"5","police_district":"TENDERLOIN","data_as_of":"2024-01-29T14:30:06.000","data_loaded_at":"2026-05-10T08:04:43.199"}},
{"type":"Feature","geometry":{"type":"Point","coordinates":[-122.4104175,37.799217]},"properties":{":id":"row-ijmb_f4t7~g5x7",":version":"rv-gvhx.hyjs.ctet",":created_at":"2026-05-10T15:04:56.433Z",":updated_at":"2026-05-10T15:04:56.433Z","active_licenses":"BP","permit_number":"275","ban":"0915912","permit_status":"Active","poe_class_code":null,"license_type":"Billiard or Pool Tables","dba_name":"North Star Café","street_address":"1560 POWELL ST","city":"San Francisco","state":"CA","analysis_neighborhood":"Chinatown","supervisor_district":"3","police_district":"CENTRAL","data_as_of":"2024-01-29T14:30:06.000","data_loaded_at":"2026-05-10T08:04:43.199"}},
{"type":"Feature","geometry":{"type":"Point","coordinates":[-122.406588,37.771182]},"properties":{":id":"row-by2f.h7gh.fdj6",":version":"rv-tri5~gp26-ipue",":created_at":"2026-05-10T15:04:56.433Z",":updated_at":"2026-05-10T15:04:56.433Z","active_licenses":"POE","permit_number":"277","ban":"0381286","permit_status":"Active","poe_class_code":"P23","license_type":"Place of Entertainment","dba_name":"SOMArts Cultural Center","street_address":"934 BRANNAN ST","city":"San Francisco","state":"CA","analysis_neighborhood":"South of Market","supervisor_district":"6","police_district":"SOUTHERN","data_as_of":"2024-01-29T14:30:06.000","data_loaded_at":"2026-05-10T08:04:43.199"}},
{"type":"Feature","geometry":{"type":"Point","coordinates":[-122.409027,37.79235]},"properties":{":id":"row-7fce-zv2z.c42r",":version":"rv-hrtg-wma2_p3ty",":created_at":"2026-05-10T15:04:56.433Z",":updated_at":"2026-05-10T15:04:56.433Z","active_licenses":"POE","permit_number":"291","ban":"0909965","permit_status":"Active","poe_class_code":"P23","license_type":"Place of Entertainment","dba_name":"University Club of S.F.","street_address":"800 POWELL ST","city":"San Francisco","state":"CA","analysis_neighborhood":"Chinatown","supervisor_district":"3","police_district":"CENTRAL","data_as_of":"2024-01-29T14:30:06.000","data_loaded_at":"2026-05-10T08:04:43.199"}},
{"type":"Feature","geometry":{"type":"Point","coordinates":[-122.4057465,37.797588]},"properties":{":id":"row-4b3i-4b52.mpp9",":version":"rv-fcrd_nf88_95kj",":created_at":"2026-05-10T15:04:56.433Z",":updated_at":"2026-05-10T15:04:56.433Z","active_licenses":"POE, EHP","permit_number":"309","ban":"0142704","permit_status":"Active","poe_class_code":"P23","license_type":"Place of Entertainment, Extended Hours Premises","dba_name":"Millennium / Larry Flynt's Hustler Club","street_address":"1031 KEARNY ST","city":"San Francisco","state":"CA","analysis_neighborhood":"North Beach","supervisor_district":"3","police_district":"CENTRAL","data_as_of":"2024-01-29T14:30:06.000","data_loaded_at":"2026-05-10T08:04:43.199"}},
{"type":"Feature","geometry":{"type":"Point","coordinates":[-122.392476,37.78254]},"properties":{":id":"row-2vwp~ziau_kg5v",":version":"rv-fzhb.82t3~yf35",":created_at":"2026-05-10T15:04:56.433Z",":updated_at":"2026-05-10T15:04:56.433Z","active_licenses":"POE","permit_number":"310","ban":"0310896","permit_status":"Active","poe_class_code":"P23","license_type":"Place of Entertainment","dba_name":"21st Amendment Brewery Café, LLC","street_address":"563 2ND ST","city":"San Francisco","state":"CA","analysis_neighborhood":"Financial District/South Beach","supervisor_district":"6","police_district":"SOUTHERN","data_as_of":"2026-01-05T17:26:26.000","data_loaded_at":"2026-05-10T08:04:43.199"}},
{"type":"Feature","geometry":{"type":"Point","coordinates":[-122.450166,37.765305]},"properties":{":id":"row-6dsg-5bfr.vj9j",":version":"rv-qtfv~57j5_ms2w",":created_at":"2026-05-10T15:04:56.433Z",":updated_at":"2026-05-10T15:04:56.433Z","active_licenses":"BP, MAD","permit_number":"311","ban":null,"permit_status":"Active","poe_class_code":null,"license_type":"Billiard or Pool Tables, Mechanical Amusement Device","dba_name":"Finnegan's Wake","street_address":"937 COLE ST","city":"San Francisco","state":"CA","analysis_neighborhood":"Haight Ashbury","supervisor_district":"8","police_district":"PARK","data_as_of":"2024-01-29T14:30:06.000","data_loaded_at":"2026-05-10T08:04:43.199"}},
{"type":"Feature","geometry":{"type":"Point","coordinates":[-122.409993149,37.787115624]},"properties":{":id":"row-iqc8~vbm9-c26f",":version":"rv-djie_xg63.44t6",":created_at":"2026-05-10T15:04:56.433Z",":updated_at":"2026-05-10T15:04:56.433Z","active_licenses":"EHP","permit_number":"312","ban":"0475548","permit_status":"Active","poe_class_code":null,"license_type":"Extended Hours Premises","dba_name":"Pinecrest Restaurant","street_address":"401 GEARY ST","city":"San Francisco","state":"CA","analysis_neighborhood":"Tenderloin","supervisor_district":"3","police_district":"CENTRAL","data_as_of":"2024-01-29T14:30:06.000","data_loaded_at":"2026-05-10T08:04:43.199"}},
{"type":"Feature","geometry":{"type":"Point","coordinates":[-122.4529155,37.767888]},"properties":{":id":"row-9cgg_5i4x_24de",":version":"rv-38b8_tmtu_k6ng",":created_at":"2026-05-10T15:04:56.433Z",":updated_at":"2026-05-10T15:04:56.433Z","active_licenses":"BP","permit_number":"324","ban":"0946630","permit_status":"Active","poe_class_code":null,"license_type":"Billiard or Pool Tables","dba_name":"Kezar Pub","street_address":"770 STANYAN ST","city":"San Francisco","state":"CA","analysis_neighborhood":"Haight Ashbury","supervisor_district":"8","police_district":"PARK","data_as_of":"2025-02-03T13:47:14.000","data_loaded_at":"2026-05-10T08:04:43.199"}},
{"type":"Feature","geometry":{"type":"Point","coordinates":[-122.407299,37.791801]},"properties":{":id":"row-fwid-xfiv~km69",":version":"rv-62ke~9k53_5vr9",":created_at":"2026-05-10T15:04:56.433Z",":updated_at":"2026-05-10T15:04:56.433Z","active_licenses":"POE","permit_number":"329","ban":"0201616","permit_status":"Active","poe_class_code":"P23","license_type":"Place of Entertainment","dba_name":"THE RITZ-CARLTON SF","street_address":"600 STOCKTON ST","city":"San Francisco","state":"CA","analysis_neighborhood":"Financial District/South Beach","supervisor_district":"3","police_district":"CENTRAL","data_as_of":"2024-01-29T14:30:06.000","data_loaded_at":"2026-05-10T08:04:43.199"}},
{"type":"Feature","geometry":{"type":"Point","coordinates":[-122.4318555,37.78128]},"properties":{":id":"row-pwav-sa5h_cku4",":version":"rv-2y26~s4ru~ffpa",":created_at":"2026-05-10T15:04:56.433Z",":updated_at":"2026-05-10T15:04:56.433Z","active_licenses":"POE","permit_number":"334","ban":"0308705","permit_status":"Active","poe_class_code":"P23","license_type":"Place of Entertainment","dba_name":"West Bay Conference Center","street_address":"1290 FILLMORE ST","city":"San Francisco","state":"CA","analysis_neighborhood":"Western Addition","supervisor_district":"5","police_district":"NORTHERN","data_as_of":"2024-01-29T14:30:06.000","data_loaded_at":"2026-05-10T08:04:43.199"}},
{"type":"Feature","geometry":{"type":"Point","coordinates":[-122.461664564,37.781232662]},"properties":{":id":"row-9b8q_nm66-ubu6",":version":"rv-qjm4-vug7~ga9c",":created_at":"2026-05-10T15:04:56.433Z",":updated_at":"2026-05-10T15:04:56.433Z","active_licenses":"MAD, BP","permit_number":"343","ban":"0372663","permit_status":"Active","poe_class_code":null,"license_type":"Mechanical Amusement Device, Billiard or Pool Tables","dba_name":"Fizzee's Bar","street_address":"3954 GEARY BLVD","city":"San Francisco","state":"CA","analysis_neighborhood":"Inner Richmond","supervisor_district":"1","police_district":"RICHMOND","data_as_of":"2024-01-29T14:30:06.000","data_loaded_at":"2026-05-10T08:04:43.199"}},
{"type":"Feature","geometry":{"type":"Point","coordinates":[-122.425722,37.761327]},"properties":{":id":"row-4x3b_gjdt_9m8f",":version":"rv-jwfs-cfpq~45ke",":created_at":"2026-05-10T15:04:56.433Z",":updated_at":"2026-05-10T15:04:56.433Z","active_licenses":"POE","permit_number":"347","ban":"0402628","permit_status":"Active","poe_class_code":"P23","license_type":"Place of Entertainment","dba_name":"Dolores Park Café","street_address":"501 DOLORES ST","city":"San Francisco","state":"CA","analysis_neighborhood":"Mission","supervisor_district":"8","police_district":"MISSION","data_as_of":"2024-01-29T14:30:06.000","data_loaded_at":"2026-05-10T08:04:43.199"}},
{"type":"Feature","geometry":{"type":"Point","coordinates":[-122.41512,37.803906]},"properties":{":id":"row-xaef.e5z6-86b7",":version":"rv-hcpa~zcab_wt63",":created_at":"2026-05-10T15:04:56.433Z",":updated_at":"2026-05-10T15:04:56.433Z","active_licenses":"BP","permit_number":"348","ban":"0914365","permit_status":"Active","poe_class_code":null,"license_type":"Billiard or Pool Tables","dba_name":"International Cocktail Lounge","street_address":"1000 COLUMBUS AVE","city":"San Francisco","state":"CA","analysis_neighborhood":"North Beach","supervisor_district":"3","police_district":"CENTRAL","data_as_of":"2024-01-29T14:30:06.000","data_loaded_at":"2026-05-10T08:04:43.199"}},
{"type":"Feature","geometry":{"type":"Point","coordinates":[-122.4188325,37.784799]},"properties":{":id":"row-q93v.4hbu_hsm5",":version":"rv-3cdx_qdjy-7464",":created_at":"2026-05-10T15:04:56.433Z",":updated_at":"2026-05-10T15:04:56.433Z","active_licenses":"POE","permit_number":"350","ban":"0181031","permit_status":"Active","poe_class_code":"P23","license_type":"Place of Entertainment","dba_name":"The Great American Music Hall","street_address":"859 OFARRELL ST","city":"San Francisco","state":"CA","analysis_neighborhood":"Tenderloin","supervisor_district":"5","police_district":"NORTHERN","data_as_of":"2024-01-29T14:30:06.000","data_loaded_at":"2026-05-10T08:04:43.199"}},
{"type":"Feature","geometry":{"type":"Point","coordinates":[-122.453747004,37.744256644]},"properties":{":id":"row-a4cx_my8u-mqpn",":version":"rv-spj2_pcfx.z5rx",":created_at":"2026-05-10T15:04:56.433Z",":updated_at":"2026-05-10T15:04:56.433Z","active_licenses":"BP","permit_number":"374","ban":"0922760","permit_status":"Active","poe_class_code":null,"license_type":"Billiard or Pool Tables","dba_name":"Miraloma Club","street_address":"749 PORTOLA DR","city":"San Francisco","state":"CA","analysis_neighborhood":"West of Twin Peaks","supervisor_district":"7","police_district":"INGLESIDE","data_as_of":"2024-01-29T14:30:06.000","data_loaded_at":"2026-05-10T08:04:43.199"}},
{"type":"Feature","geometry":{"type":"Point","coordinates":[-122.402052,37.786005]},"properties":{":id":"row-vtin.et6j_esxj",":version":"rv-52zf.viu4_ng6j",":created_at":"2026-05-10T15:04:56.433Z",":updated_at":"2026-05-10T15:04:56.433Z","active_licenses":"POE","permit_number":"377","ban":"0425504","permit_status":"Active","poe_class_code":"P23","license_type":"Place of Entertainment","dba_name":"Yerba Buena Center for the Arts","street_address":"701 MISSION ST","city":"San Francisco","state":"CA","analysis_neighborhood":"Financial District/South Beach","supervisor_district":"6","police_district":"SOUTHERN","data_as_of":"2024-01-29T14:30:06.000","data_loaded_at":"2026-05-10T08:04:43.199"}},
{"type":"Feature","geometry":{"type":"Point","coordinates":[-122.400586072,37.784988442]},"properties":{":id":"row-3nz2~wrq3~qdzb",":version":"rv-zxg8_cmhs-8hrt",":created_at":"2026-05-10T15:04:56.433Z",":updated_at":"2026-05-10T15:04:56.433Z","active_licenses":"POE","permit_number":"378","ban":"0425504","permit_status":"Active","poe_class_code":"P23","license_type":"Place of Entertainment","dba_name":"Yerba Buena Center for the Arts","street_address":"700 HOWARD ST","city":"San Francisco","state":"CA","analysis_neighborhood":"Financial District/South Beach","supervisor_district":"6","police_district":"SOUTHERN","data_as_of":"2024-01-29T14:30:06.000","data_loaded_at":"2026-05-10T08:04:43.199"}},
{"type":"Feature","geometry":{"type":"Point","coordinates":[-122.418946874,37.786025321]},"properties":{":id":"row-qp23~h6gr~scxr",":version":"rv-23fb-sw7m~tuja",":created_at":"2026-05-10T15:04:56.433Z",":updated_at":"2026-05-10T15:04:56.433Z","active_licenses":"POE","permit_number":"383","ban":"0325324","permit_status":"Active","poe_class_code":"P23","license_type":"Place of Entertainment","dba_name":"Edinburgh Castle","street_address":"950 GEARY ST","city":"San Francisco","state":"CA","analysis_neighborhood":"Tenderloin","supervisor_district":"3","police_district":"NORTHERN","data_as_of":"2024-01-29T14:30:06.000","data_loaded_at":"2026-05-10T08:04:43.199"}},
{"type":"Feature","geometry":{"type":"Point","coordinates":[-122.4409275,37.785411]},"properties":{":id":"row-adtm-dwf5.hhxz",":version":"rv-rn8n-e5yc~v3h3",":created_at":"2026-05-10T15:04:56.433Z",":updated_at":"2026-05-10T15:04:56.433Z","active_licenses":"POE","permit_number":"386","ban":"0377133","permit_status":"Active","poe_class_code":"P23","license_type":"Place of Entertainment","dba_name":"Russian Center of San Francisco","street_address":"2450 SUTTER ST","city":"San Francisco","state":"CA","analysis_neighborhood":"Pacific Heights","supervisor_district":"2","police_district":"RICHMOND","data_as_of":"2024-07-02T15:02:33.000","data_loaded_at":"2026-05-10T08:04:43.199"}},
{"type":"Feature","geometry":{"type":"Point","coordinates":[-122.468747044,37.780728009]},"properties":{":id":"row-29gy~6i3t_ncxs",":version":"rv-5ese.t6sq.9247",":created_at":"2026-05-10T15:04:56.433Z",":updated_at":"2026-05-10T15:04:56.433Z","active_licenses":"EHP","permit_number":"387","ban":"0316515","permit_status":"Active","poe_class_code":null,"license_type":"Extended Hours Premises","dba_name":"Korean Village Restaurant","street_address":"4611 GEARY BLVD","city":"San Francisco","state":"CA","analysis_neighborhood":"Inner Richmond","supervisor_district":"1","police_district":"RICHMOND","data_as_of":"2024-01-29T14:30:06.000","data_loaded_at":"2026-05-10T08:04:43.199"}},
{"type":"Feature","geometry":{"type":"Point","coordinates":[-122.4072135,37.800306]},"properties":{":id":"row-badz-hh2v~km9n",":version":"rv-qdsy.ya6c~cs6u",":created_at":"2026-05-10T15:04:56.433Z",":updated_at":"2026-05-10T15:04:56.433Z","active_licenses":"POE","permit_number":"390","ban":"1133166","permit_status":"Active","poe_class_code":"P23","license_type":"Place of Entertainment","dba_name":"SAVOY TIVOLI","street_address":"1434 GRANT AVE","city":"San Francisco","state":"CA","analysis_neighborhood":"North Beach","supervisor_district":"3","police_district":"CENTRAL","data_as_of":"2025-11-07T11:01:19.000","data_loaded_at":"2026-05-10T08:04:43.199"}},
{"type":"Feature","geometry":{"type":"Point","coordinates":[-122.419548,37.77525]},"properties":{":id":"row-uybm~qxfz~gdff",":version":"rv-t269-xpqv-byq5",":created_at":"2026-05-10T15:04:56.433Z",":updated_at":"2026-05-10T15:04:56.433Z","active_licenses":"EHP","permit_number":"398","ban":"0480540","permit_status":"Active","poe_class_code":null,"license_type":"Extended Hours Premises","dba_name":"Allstars Café","street_address":"1500 MARKET ST","city":"San Francisco","state":"CA","analysis_neighborhood":"Hayes Valley","supervisor_district":"6","police_district":"NORTHERN","data_as_of":"2024-01-29T14:30:06.000","data_loaded_at":"2026-05-10T08:04:43.199"}},
{"type":"Feature","geometry":{"type":"Point","coordinates":[-122.412645,37.784781]},"properties":{":id":"row-tje3.pg3t_854i",":version":"rv-zrzq-f4hx~y3dh",":created_at":"2026-05-10T15:04:56.433Z",":updated_at":"2026-05-10T15:04:56.433Z","active_licenses":"MAD, BP","permit_number":"412","ban":"0391548","permit_status":"Active","poe_class_code":null,"license_type":"Mechanical Amusement Device, Billiard or Pool Tables","dba_name":"Cinnabar","street_address":"397 ELLIS ST","city":"San Francisco","state":"CA","analysis_neighborhood":"Tenderloin","supervisor_district":"5","police_district":"TENDERLOIN","data_as_of":"2024-01-29T14:30:06.000","data_loaded_at":"2026-05-10T08:04:43.199"}},
{"type":"Feature","geometry":{"type":"Point","coordinates":[-122.447232,37.787373]},"properties":{":id":"row-der9~yxsz-48zw",":version":"rv-4r9c~xyj5-i3wn",":created_at":"2026-05-10T15:04:56.433Z",":updated_at":"2026-05-10T15:04:56.433Z","active_licenses":"POE","permit_number":"418","ban":"0389178","permit_status":"Active","poe_class_code":"P23","license_type":"Place of Entertainment","dba_name":"Jewish Community Center of S.F.","street_address":"3200 CALIFORNIA ST","city":"San Francisco","state":"CA","analysis_neighborhood":"Presidio Heights","supervisor_district":"2","police_district":"RICHMOND","data_as_of":"2024-01-29T14:30:06.000","data_loaded_at":"2026-05-10T08:04:43.199"}},
{"type":"Feature","geometry":{"type":"Point","coordinates":[-122.419818,37.763631]},"properties":{":id":"row-npbx.mtdv_dw34",":version":"rv-im8d_gjce.2j83",":created_at":"2026-05-10T15:04:56.433Z",":updated_at":"2026-05-10T15:04:56.433Z","active_licenses":"MAD","permit_number":"421","ban":"0363228","permit_status":"Active","poe_class_code":null,"license_type":"Mechanical Amusement Device","dba_name":"El Castillito Taqueria","street_address":"2092 MISSION ST","city":"San Francisco","state":"CA","analysis_neighborhood":"Mission","supervisor_district":"9","police_district":"MISSION","data_as_of":"2024-01-29T14:30:06.000","data_loaded_at":"2026-05-10T08:04:43.199"}},
{"type":"Feature","geometry":{"type":"Point","coordinates":[-122.4181395,37.75266]},"properties":{":id":"row-zbzq_a44g-wbqx",":version":"rv-fzhk.4cts_2wuj",":created_at":"2026-05-10T15:04:56.433Z",":updated_at":"2026-05-10T15:04:56.433Z","active_licenses":"BP, EHP","permit_number":"423","ban":"0309244","permit_status":"Active","poe_class_code":null,"license_type":"Billiard or Pool Tables, Extended Hours Premises","dba_name":"El Farolito Taqueria","street_address":"2777 MISSION ST","city":"San Francisco","state":"CA","analysis_neighborhood":"Mission","supervisor_district":"9","police_district":"MISSION","data_as_of":"2024-01-29T14:30:06.000","data_loaded_at":"2026-05-10T08:04:43.199"}},
{"type":"Feature","geometry":{"type":"Point","coordinates":[-122.4203265,37.745478]},"properties":{":id":"row-9vfa.ngjv-hsdy",":version":"rv-khrr-qvyr.ipn2",":created_at":"2026-05-10T15:04:56.433Z",":updated_at":"2026-05-10T15:04:56.433Z","active_licenses":"EHP","permit_number":"442","ban":"0160340","permit_status":"Active","poe_class_code":null,"license_type":"Extended Hours Premises","dba_name":"Los Panchos Restaurant","street_address":"3206 MISSION ST","city":"San Francisco","state":"CA","analysis_neighborhood":"Bernal Heights","supervisor_district":"9","police_district":"INGLESIDE","data_as_of":"2026-02-12T10:58:14.000","data_loaded_at":"2026-05-10T08:04:43.199"}},
{"type":"Feature","geometry":{"type":"Point","coordinates":[-122.4345015,37.761147]},"properties":{":id":"row-7xma-7gwz.ydpt",":version":"rv-h69y.j8xr_h3pv",":created_at":"2026-05-10T15:04:56.433Z",":updated_at":"2026-05-10T15:04:56.433Z","active_licenses":"MAD, BP","permit_number":"453","ban":"0916639","permit_status":"Active","poe_class_code":null,"license_type":"Mechanical Amusement Device, Billiard or Pool Tables","dba_name":"SF Mix","street_address":"4086 18TH ST","city":"San Francisco","state":"CA","analysis_neighborhood":"Castro/Upper Market","supervisor_district":"8","police_district":"MISSION","data_as_of":"2024-01-29T14:30:06.000","data_loaded_at":"2026-05-10T08:04:43.199"}},
{"type":"Feature","geometry":{"type":"Point","coordinates":[-122.502159,37.77525]},"properties":{":id":"row-yr5y-r86z_p7xv",":version":"rv-rh85~ew6g-b85c",":created_at":"2026-05-10T15:04:56.433Z",":updated_at":"2026-05-10T15:04:56.433Z","active_licenses":"POE","permit_number":"456","ban":"0309757","permit_status":"Active","poe_class_code":"P23","license_type":"Place of Entertainment","dba_name":"Al-Masri Egyptian Restaurant","street_address":"4031 BALBOA ST","city":"San Francisco","state":"CA","analysis_neighborhood":"Outer Richmond","supervisor_district":"1","police_district":"RICHMOND","data_as_of":"2024-01-29T14:30:06.000","data_loaded_at":"2026-05-10T08:04:43.199"}},
{"type":"Feature","geometry":{"type":"Point","coordinates":[-122.407002,37.798569]},"properties":{":id":"row-ti5h~y7mf~dkgp",":version":"rv-zue9.s8b6.nsb8",":created_at":"2026-05-10T15:04:56.433Z",":updated_at":"2026-05-10T15:04:56.433Z","active_licenses":"POE","permit_number":"464","ban":"0932947","permit_status":"Active","poe_class_code":"P23","license_type":"Place of Entertainment","dba_name":"The Saloon","street_address":"1232 GRANT AVE","city":"San Francisco","state":"CA","analysis_neighborhood":"North Beach","supervisor_district":"3","police_district":"CENTRAL","data_as_of":"2024-01-29T14:30:06.000","data_loaded_at":"2026-05-10T08:04:43.199"}},
{"type":"Feature","geometry":{"type":"Point","coordinates":[-122.46329721,37.781147555]},"properties":{":id":"row-iwid~g44t_rwtg",":version":"rv-irvx.zhn2_ki42",":created_at":"2026-05-10T15:04:56.433Z",":updated_at":"2026-05-10T15:04:56.433Z","active_licenses":"POE","permit_number":"470","ban":null,"permit_status":"Active","poe_class_code":"P23","license_type":"Place of Entertainment","dba_name":"Abbey Tavern","street_address":"4100 GEARY BLVD","city":"San Francisco","state":"CA","analysis_neighborhood":"Inner Richmond","supervisor_district":"1","police_district":"RICHMOND","data_as_of":"2024-01-29T14:30:06.000","data_loaded_at":"2026-05-10T08:04:43.199"}},
{"type":"Feature","geometry":{"type":"Point","coordinates":[-122.420268,37.775484]},"properties":{":id":"row-85ee_r8gw.8rm4",":version":"rv-caez_77t8~8cjg",":created_at":"2026-05-10T15:04:56.433Z",":updated_at":"2026-05-10T15:04:56.433Z","active_licenses":"POE","permit_number":"471","ban":"0376022","permit_status":"Active","poe_class_code":"P23","license_type":"Place of Entertainment","dba_name":"SF Conservatory of Music","street_address":"50 OAK ST","city":"San Francisco","state":"CA","analysis_neighborhood":"Hayes Valley","supervisor_district":"6","police_district":"NORTHERN","data_as_of":"2024-01-29T14:30:06.000","data_loaded_at":"2026-05-10T08:04:43.199"}},
{"type":"Feature","geometry":{"type":"Point","coordinates":[-122.399606976,37.803697017]},"properties":{":id":"row-sb39_bbtk_iisy",":version":"rv-q3dd~hpba_z49p",":created_at":"2026-05-10T15:04:56.433Z",":updated_at":"2026-05-10T15:04:56.433Z","active_licenses":"POE","permit_number":"472","ban":"0375394","permit_status":"Active","poe_class_code":"P23","license_type":"Place of Entertainment","dba_name":"Pier 23 Café","street_address":"23 PIER","city":"San Francisco","state":"CA","analysis_neighborhood":"Financial District/South Beach","supervisor_district":"3","police_district":"CENTRAL","data_as_of":"2024-01-29T14:30:06.000","data_loaded_at":"2026-05-10T08:04:43.199"}},
{"type":"Feature","geometry":{"type":"Point","coordinates":[-122.4605295,37.783377]},"properties":{":id":"row-ihar_v6nx.yncy",":version":"rv-isez.py6c_gaj3",":created_at":"2026-05-10T15:04:56.433Z",":updated_at":"2026-05-10T15:04:56.433Z","active_licenses":"POE, BP","permit_number":"473","ban":"0917609","permit_status":"Active","poe_class_code":"P23","license_type":"Place of Entertainment, Billiard or Pool Tables","dba_name":"PLOUGH & THE STARS, INC.","street_address":"116 CLEMENT ST","city":"San Francisco","state":"CA","analysis_neighborhood":"Inner Richmond","supervisor_district":"1","police_district":"RICHMOND","data_as_of":"2024-01-29T14:30:06.000","data_loaded_at":"2026-05-10T08:04:43.199"}},
{"type":"Feature","geometry":{"type":"Point","coordinates":[-122.410503,37.799766]},"properties":{":id":"row-r6xq.25py~9zu4",":version":"rv-3hcb-th32.upsu",":created_at":"2026-05-10T15:04:56.433Z",":updated_at":"2026-05-10T15:04:56.433Z","active_licenses":"POE","permit_number":"485","ban":"0937250","permit_status":"Active","poe_class_code":"P23","license_type":"Place of Entertainment","dba_name":"Pachamama","street_address":"1630 POWELL ST","city":"San Francisco","state":"CA","analysis_neighborhood":"Chinatown","supervisor_district":"3","police_district":"CENTRAL","data_as_of":"2024-01-29T14:30:06.000","data_loaded_at":"2026-05-10T08:04:43.199"}},
{"type":"Feature","geometry":{"type":"Point","coordinates":[-122.4355635,37.798704]},"properties":{":id":"row-qng2-mwjq.fp4k",":version":"rv-pcjt~wrcv~zudr",":created_at":"2026-05-10T15:04:56.433Z",":updated_at":"2026-05-10T15:04:56.433Z","active_licenses":"POE","permit_number":"486","ban":"0348985","permit_status":"Active","poe_class_code":"P23","license_type":"Place of Entertainment","dba_name":"White Rabbit","street_address":"3138 FILLMORE ST","city":"San Francisco","state":"CA","analysis_neighborhood":"Marina","supervisor_district":"2","police_district":"NORTHERN","data_as_of":"2024-01-29T14:30:06.000","data_loaded_at":"2026-05-10T08:04:43.199"}},
{"type":"Feature","geometry":{"type":"Point","coordinates":[-122.486176455,37.779937883]},"properties":{":id":"row-77mg_c6f8_c7ay",":version":"rv-ggvz~hqfx~tfq2",":created_at":"2026-05-10T15:04:56.433Z",":updated_at":"2026-05-10T15:04:56.433Z","active_licenses":"POE","permit_number":"489","ban":"0475903","permit_status":"Active","poe_class_code":"P23","license_type":"Place of Entertainment","dba_name":"St. George/Pathfinders, Inc.","street_address":"6231 GEARY BLVD","city":"San Francisco","state":"CA","analysis_neighborhood":"Outer Richmond","supervisor_district":"1","police_district":"RICHMOND","data_as_of":"2024-01-29T14:30:06.000","data_loaded_at":"2026-05-10T08:04:43.199"}},
{"type":"Feature","geometry":{"type":"Point","coordinates":[-122.425425,37.784466]},"properties":{":id":"row-r8ar~uyk7.3eqr",":version":"rv-qakc-8eun-bmas",":created_at":"2026-05-10T15:04:56.433Z",":updated_at":"2026-05-10T15:04:56.433Z","active_licenses":"POE","permit_number":"496","ban":"0425070","permit_status":"Active","poe_class_code":"P23","license_type":"Place of Entertainment","dba_name":"St. Mary's Cathedral","street_address":"1111 GOUGH ST","city":"San Francisco","state":"CA","analysis_neighborhood":"Western Addition","supervisor_district":"2","police_district":"NORTHERN","data_as_of":"2024-01-29T14:30:06.000","data_loaded_at":"2026-05-10T08:04:43.199"}},
{"type":"Feature","geometry":{"type":"Point","coordinates":[-122.412105,37.773045]},"properties":{":id":"row-ctyc-wg6r.t6er",":version":"rv-wksq~4ahh-rjix",":created_at":"2026-05-10T15:04:56.433Z",":updated_at":"2026-05-10T15:04:56.433Z","active_licenses":"MAD","permit_number":"503","ban":"0308188","permit_status":"Active","poe_class_code":null,"license_type":"Mechanical Amusement Device","dba_name":"Powerhouse","street_address":"1347 FOLSOM ST","city":"San Francisco","state":"CA","analysis_neighborhood":"South of Market","supervisor_district":"6","police_district":"SOUTHERN","data_as_of":"2024-01-29T14:30:06.000","data_loaded_at":"2026-05-10T08:04:43.199"}},
{"type":"Feature","geometry":{"type":"Point","coordinates":[-122.403845747,37.76851125]},"properties":{":id":"row-6n6x_5ivj-vqud",":version":"rv-99sg.t9zy_ifky",":created_at":"2026-05-10T15:04:56.433Z",":updated_at":"2026-05-10T15:04:56.433Z","active_licenses":"POE","permit_number":"518","ban":"1083234","permit_status":"Active","poe_class_code":"P23","license_type":"Place of Entertainment","dba_name":"Galleria Design Center","street_address":"101 HENRY ADAMS ST","city":"San Francisco","state":"CA","analysis_neighborhood":"Mission Bay","supervisor_district":"6","police_district":"SOUTHERN","data_as_of":"2026-02-05T16:14:05.000","data_loaded_at":"2026-05-10T08:04:43.199"}},
{"type":"Feature","geometry":{"type":"Point","coordinates":[-122.4195345,37.755198]},"properties":{":id":"row-ugez-4g26.86td",":version":"rv-9zf3-tqvu_bsc9",":created_at":"2026-05-10T15:04:56.433Z",":updated_at":"2026-05-10T15:04:56.433Z","active_licenses":"POE, BP","permit_number":"534","ban":"0449393","permit_status":"Active","poe_class_code":"P23","license_type":"Place of Entertainment, Billiard or Pool Tables","dba_name":"Makeout Room","street_address":"3225 22ND ST","city":"San Francisco","state":"CA","analysis_neighborhood":"Mission","supervisor_district":"9","police_district":"MISSION","data_as_of":"2024-01-29T14:30:06.000","data_loaded_at":"2026-05-10T08:04:43.199"}},
{"type":"Feature","geometry":{"type":"Point","coordinates":[-122.4226305,37.761426]},"properties":{":id":"row-k49i-2bus-hstj",":version":"rv-6xq7_qjah~zaq3",":created_at":"2026-05-10T15:04:56.433Z",":updated_at":"2026-05-10T15:04:56.433Z","active_licenses":"POE","permit_number":"535","ban":"0391847","permit_status":"Active","poe_class_code":"P23","license_type":"Place of Entertainment","dba_name":"The Women's Building/Lesbian & Gay Insurrection","street_address":"3543 18TH ST","city":"San Francisco","state":"CA","analysis_neighborhood":"Mission","supervisor_district":"9","police_district":"MISSION","data_as_of":"2024-01-29T14:30:06.000","data_loaded_at":"2026-05-10T08:04:43.199"}},
{"type":"Feature","geometry":{"type":"Point","coordinates":[-122.420097,37.786518]},"properties":{":id":"row-ye4h.wmsc-wwqz",":version":"rv-5u95~v8k3-b97f",":created_at":"2026-05-10T15:04:56.433Z",":updated_at":"2026-05-10T15:04:56.433Z","active_licenses":"EHP","permit_number":"536","ban":"0939314","permit_status":"Active","poe_class_code":null,"license_type":"Extended Hours Premises","dba_name":"Napoli Pizza","street_address":"1045 POLK ST","city":"San Francisco","state":"CA","analysis_neighborhood":"Tenderloin","supervisor_district":"3","police_district":"NORTHERN","data_as_of":"2024-01-29T14:30:06.000","data_loaded_at":"2026-05-10T08:04:43.199"}},
{"type":"Feature","geometry":{"type":"Point","coordinates":[-122.4213975,37.787859]},"properties":{":id":"row-9wbv-ufs6~2ggn",":version":"rv-ck2e.7qck.5wpq",":created_at":"2026-05-10T15:04:56.433Z",":updated_at":"2026-05-10T15:04:56.433Z","active_licenses":"POE","permit_number":"538","ban":"429331","permit_status":"Active","poe_class_code":"P23","license_type":"Place of Entertainment","dba_name":"The Regency","street_address":"1290 SUTTER ST","city":"San Francisco","state":"CA","analysis_neighborhood":"Nob Hill","supervisor_district":"3","police_district":"NORTHERN","data_as_of":"2024-01-29T14:30:06.000","data_loaded_at":"2026-05-10T08:04:43.199"}},
{"type":"Feature","geometry":{"type":"Point","coordinates":[-122.415920271,37.78640946]},"properties":{":id":"row-qswm.8ux9-zs8p",":version":"rv-b5dm.spdv-8fdq",":created_at":"2026-05-10T15:04:56.433Z",":updated_at":"2026-05-10T15:04:56.433Z","active_licenses":"MAD","permit_number":"548","ban":"0074516","permit_status":"Active","poe_class_code":null,"license_type":"Mechanical Amusement Device","dba_name":"Geary Club","street_address":"768 GEARY ST","city":"San Francisco","state":"CA","analysis_neighborhood":"Tenderloin","supervisor_district":"3","police_district":"CENTRAL","data_as_of":"2024-01-29T14:30:06.000","data_loaded_at":"2026-05-10T08:04:43.199"}},
{"type":"Feature","geometry":{"type":"Point","coordinates":[-122.402142,37.792557]},"properties":{":id":"row-7bvt-bgzv-t7fw",":version":"rv-q66e.mnhc_qxa2",":created_at":"2026-05-10T15:04:56.433Z",":updated_at":"2026-05-10T15:04:56.433Z","active_licenses":"POE","permit_number":"560","ban":"0310875","permit_status":"Active","poe_class_code":"P23","license_type":"Place of Entertainment","dba_name":"Merchants Exchange 15th Fl.","street_address":"465 CALIFORNIA ST","city":"San Francisco","state":"CA","analysis_neighborhood":"Financial District/South Beach","supervisor_district":"3","police_district":"CENTRAL","data_as_of":"2024-01-29T14:30:06.000","data_loaded_at":"2026-05-10T08:04:43.199"}},
{"type":"Feature","geometry":{"type":"Point","coordinates":[-122.4104265,37.785645]},"properties":{":id":"row-5zpm~qzc7_bpiv",":version":"rv-mias_5w9u_uqmd",":created_at":"2026-05-10T15:04:56.433Z",":updated_at":"2026-05-10T15:04:56.433Z","active_licenses":"POE, EHP","permit_number":"582","ban":"1063162","permit_status":"Active","poe_class_code":"P23","license_type":"Place of Entertainment, Extended Hours Premises","dba_name":"Hilton San Francisco","street_address":"333 OFARRELL ST","city":"San Francisco","state":"CA","analysis_neighborhood":"Tenderloin","supervisor_district":"5","police_district":"TENDERLOIN","data_as_of":"2024-01-29T14:30:06.000","data_loaded_at":"2026-05-10T08:04:43.199"}},
{"type":"Feature","geometry":{"type":"Point","coordinates":[-122.392242,37.729638]},"properties":{":id":"row-tpnf-5djq-9gxh",":version":"rv-8t3d~rtf4.9td3",":created_at":"2026-05-10T15:04:56.433Z",":updated_at":"2026-05-10T15:04:56.433Z","active_licenses":"POE","permit_number":"587","ban":"0322910","permit_status":"Active","poe_class_code":"P23","license_type":"Place of Entertainment","dba_name":"Jazz Room","street_address":"5267 3RD ST","city":"San Francisco","state":"CA","analysis_neighborhood":"Bayview Hunters Point","supervisor_district":"10","police_district":"BAYVIEW","data_as_of":"2024-01-29T14:30:06.000","data_loaded_at":"2026-05-10T08:04:43.199"}},
{"type":"Feature","geometry":{"type":"Point","coordinates":[-122.420034,37.744713]},"properties":{":id":"row-2m7n-iguq~78ei",":version":"rv-xh8n_kweb_2zcm",":created_at":"2026-05-10T15:04:56.433Z",":updated_at":"2026-05-10T15:04:56.433Z","active_licenses":"POE","permit_number":"594","ban":"0090123","permit_status":"Active","poe_class_code":"P23","license_type":"Place of Entertainment","dba_name":"CLUB PUERTORRIQUENO DE S.F CA","street_address":"3249 MISSION ST","city":"San Francisco","state":"CA","analysis_neighborhood":"Bernal Heights","supervisor_district":"9","police_district":"INGLESIDE","data_as_of":"2024-01-29T14:30:06.000","data_loaded_at":"2026-05-10T08:04:43.199"}},
{"type":"Feature","geometry":{"type":"Point","coordinates":[-122.404491,37.786599]},"properties":{":id":"row-eeh4.rju9_55pt",":version":"rv-fy75_cm4q_ghnv",":created_at":"2026-05-10T15:04:56.433Z",":updated_at":"2026-05-10T15:04:56.433Z","active_licenses":"POE","permit_number":"608","ban":"0447323","permit_status":"Active","poe_class_code":"P23","license_type":"Place of Entertainment","dba_name":"Four Season Hotel San Francisco","street_address":"757 MARKET ST","city":"San Francisco","state":"CA","analysis_neighborhood":"Financial District/South Beach","supervisor_district":"6","police_district":"SOUTHERN","data_as_of":"2024-01-29T14:30:06.000","data_loaded_at":"2026-05-10T08:04:43.199"}},
{"type":"Feature","geometry":{"type":"Point","coordinates":[-122.4152775,37.804176]},"properties":{":id":"row-47jc.4hf4.czwt",":version":"rv-pzsw.62kj~4fvy",":created_at":"2026-05-10T15:04:56.433Z",":updated_at":"2026-05-10T15:04:56.433Z","active_licenses":"MAD, BP","permit_number":"611","ban":"0950353","permit_status":"Active","poe_class_code":null,"license_type":"Mechanical Amusement Device, Billiard or Pool Tables","dba_name":"Cable Car Restaurant/Kennedy's Irish Pub","street_address":"1040 COLUMBUS AVE","city":"San Francisco","state":"CA","analysis_neighborhood":"North Beach","supervisor_district":"3","police_district":"CENTRAL","data_as_of":"2024-01-29T14:30:06.000","data_loaded_at":"2026-05-10T08:04:43.199"}},
{"type":"Feature","geometry":{"type":"Point","coordinates":[-122.4169785,37.785195]},"properties":{":id":"row-rm4r.b4fe_36g8",":version":"rv-jssw_77y3_py4c",":created_at":"2026-05-10T15:04:56.433Z",":updated_at":"2026-05-10T15:04:56.433Z","active_licenses":"MAD, BP","permit_number":"618","ban":"1012369","permit_status":"Active","poe_class_code":null,"license_type":"Mechanical Amusement Device, Billiard or Pool Tables","dba_name":"King Kong Bida","street_address":"745 OFARRELL ST","city":"San Francisco","state":"CA","analysis_neighborhood":"Tenderloin","supervisor_district":"5","police_district":"TENDERLOIN","data_as_of":"2024-01-29T14:30:06.000","data_loaded_at":"2026-05-10T08:04:43.199"}},
{"type":"Feature","geometry":{"type":"Point","coordinates":[-122.510648586,37.76911023]},"properties":{":id":"row-8bdt.4ezd_44d9",":version":"rv-pfcb~k5er-5ihh",":created_at":"2026-05-10T15:04:56.433Z",":updated_at":"2026-05-10T15:04:56.433Z","active_licenses":"POE","permit_number":"623","ban":"0944781","permit_status":"Active","poe_class_code":"P23","license_type":"Place of Entertainment","dba_name":"The Beach Chalet Brewery & Restaurant","street_address":"1000 GREAT HWY","city":"San Francisco","state":"CA","analysis_neighborhood":"Golden Gate Park","supervisor_district":"4","police_district":"RICHMOND","data_as_of":"2024-01-29T14:30:06.000","data_loaded_at":"2026-05-10T08:04:43.199"}},
{"type":"Feature","geometry":{"type":"Point","coordinates":[-122.40444051,37.798125009]},"properties":{":id":"row-wkmk.45eu_umif",":version":"rv-99q9~3vav.z24s",":created_at":"2026-05-10T15:04:56.433Z",":updated_at":"2026-05-10T15:04:56.433Z","active_licenses":"POE","permit_number":"629","ban":"0952871","permit_status":"Active","poe_class_code":"P23","license_type":"Place of Entertainment","dba_name":"Broadway Studios","street_address":"435 BROADWAY","city":"San Francisco","state":"CA","analysis_neighborhood":"North Beach","supervisor_district":"3","police_district":"CENTRAL","data_as_of":"2024-01-29T14:30:06.000","data_loaded_at":"2026-05-10T08:04:43.199"}},
{"type":"Feature","geometry":{"type":"Point","coordinates":[-122.4190395,37.756485]},"properties":{":id":"row-f8k2.x8by.senf",":version":"rv-6s7e-5rqe.cqzf",":created_at":"2026-05-10T15:04:56.433Z",":updated_at":"2026-05-10T15:04:56.433Z","active_licenses":"POE","permit_number":"633","ban":"0316084","permit_status":"Active","poe_class_code":"P23","license_type":"Place of Entertainment","dba_name":"Foreign Cinema and Laszlo","street_address":"2534 MISSION ST","city":"San Francisco","state":"CA","analysis_neighborhood":"Mission","supervisor_district":"9","police_district":"MISSION","data_as_of":"2024-01-29T14:30:06.000","data_loaded_at":"2026-05-10T08:04:43.199"}},
{"type":"Feature","geometry":{"type":"Point","coordinates":[-122.42169,37.789839]},"properties":{":id":"row-bjsi-x3np_6vur",":version":"rv-xk5k~b9ub-3639",":created_at":"2026-05-10T15:04:56.433Z",":updated_at":"2026-05-10T15:04:56.433Z","active_licenses":"POE, BP","permit_number":"639","ban":"0916840","permit_status":"Active","poe_class_code":"P23","license_type":"Place of Entertainment, Billiard or Pool Tables","dba_name":"HOLIDAY INN GOLDEN GATEWAY","street_address":"1500 VAN NESS AVE","city":"San Francisco","state":"CA","analysis_neighborhood":"Nob Hill","supervisor_district":"3","police_district":"NORTHERN","data_as_of":"2024-01-29T14:30:06.000","data_loaded_at":"2026-05-10T08:04:43.199"}},
{"type":"Feature","geometry":{"type":"Point","coordinates":[-122.4369675,37.800927]},"properties":{":id":"row-tade.ygdr.h9uv",":version":"rv-tvcm.xn32_bm2v",":created_at":"2026-05-10T15:04:56.433Z",":updated_at":"2026-05-10T15:04:56.433Z","active_licenses":"BP","permit_number":"647","ban":"0204116","permit_status":"Active","poe_class_code":null,"license_type":"Billiard or Pool Tables","dba_name":"Horseshoe Tavern","street_address":"2024 CHESTNUT ST","city":"San Francisco","state":"CA","analysis_neighborhood":"Marina","supervisor_district":"2","police_district":"NORTHERN","data_as_of":"2024-05-15T11:12:47.000","data_loaded_at":"2026-05-10T08:04:43.199"}},
{"type":"Feature","geometry":{"type":"Point","coordinates":[-122.397298013,37.794947986]},"properties":{":id":"row-9wum-ve75_dgwk",":version":"rv-iwvc.7v9j-p5hx",":created_at":"2026-05-10T15:04:56.433Z",":updated_at":"2026-05-10T15:04:56.433Z","active_licenses":"POE, EHP","permit_number":"648","ban":"0159060","permit_status":"Active","poe_class_code":"P23","license_type":"Place of Entertainment, Extended Hours Premises","dba_name":"HORNBLOWER YACHTS, INC.","street_address":"3 PIER","city":"San Francisco","state":"CA","analysis_neighborhood":"Financial District/South Beach","supervisor_district":"3","police_district":"CENTRAL","data_as_of":"2024-01-29T14:30:06.000","data_loaded_at":"2026-05-10T08:04:43.199"}},
{"type":"Feature","geometry":{"type":"Point","coordinates":[-122.437107,37.799451]},"properties":{":id":"row-eqsi.ng5n.ngzt",":version":"rv-wkhj-vhq2-k2kc",":created_at":"2026-05-10T15:04:56.433Z",":updated_at":"2026-05-10T15:04:56.433Z","active_licenses":"EHP","permit_number":"651","ban":"0157789","permit_status":"Active","poe_class_code":null,"license_type":"Extended Hours Premises","dba_name":"Mel's Drive In","street_address":"2165 LOMBARD ST","city":"San Francisco","state":"CA","analysis_neighborhood":"Marina","supervisor_district":"2","police_district":"NORTHERN","data_as_of":"2024-01-29T14:30:06.000","data_loaded_at":"2026-05-10T08:04:43.199"}},
{"type":"Feature","geometry":{"type":"Point","coordinates":[-122.4208755,37.785501]},"properties":{":id":"row-3d5g_juqj.sxyx",":version":"rv-5g6n_46v7-vs6g",":created_at":"2026-05-10T15:04:56.433Z",":updated_at":"2026-05-10T15:04:56.433Z","active_licenses":"EHP","permit_number":"652","ban":"0157789","permit_status":"Active","poe_class_code":null,"license_type":"Extended Hours Premises","dba_name":"Mel's Drive In","street_address":"1050 VAN NESS AVE","city":"San Francisco","state":"CA","analysis_neighborhood":"Tenderloin","supervisor_district":"5","police_district":"NORTHERN","data_as_of":"2024-01-29T14:30:06.000","data_loaded_at":"2026-05-10T08:04:43.199"}},
{"type":"Feature","geometry":{"type":"Point","coordinates":[-122.4050805,37.783377]},"properties":{":id":"row-59dx.dneu_kugm",":version":"rv-rgye_rp2p~7n6a",":created_at":"2026-05-10T15:04:56.433Z",":updated_at":"2026-05-10T15:04:56.433Z","active_licenses":"EHP","permit_number":"653","ban":"0157789","permit_status":"Active","poe_class_code":null,"license_type":"Extended Hours Premises","dba_name":"Mel's Drive In","street_address":"833 MISSION ST","city":"San Francisco","state":"CA","analysis_neighborhood":"South of Market","supervisor_district":"6","police_district":"SOUTHERN","data_as_of":"2024-01-29T14:30:06.000","data_loaded_at":"2026-05-10T08:04:43.199"}},
{"type":"Feature","geometry":{"type":"Point","coordinates":[-122.454767355,37.781425875]},"properties":{":id":"row-u9si.e7r3~xhbd",":version":"rv-tzd6~ebvf-bmrm",":created_at":"2026-05-10T15:04:56.433Z",":updated_at":"2026-05-10T15:04:56.433Z","active_licenses":"EHP","permit_number":"654","ban":"0157789","permit_status":"Active","poe_class_code":null,"license_type":"Extended Hours Premises","dba_name":"Mel's Drive In","street_address":"3355 GEARY BLVD","city":"San Francisco","state":"CA","analysis_neighborhood":"Lone Mountain/USF","supervisor_district":"2","police_district":"RICHMOND","data_as_of":"2024-01-29T14:30:06.000","data_loaded_at":"2026-05-10T08:04:43.199"}},
{"type":"Feature","geometry":{"type":"Point","coordinates":[-122.4084645,37.787868]},"properties":{":id":"row-hht7-s35m.a2cq",":version":"rv-4k6w-a9dt_gnnp",":created_at":"2026-05-10T15:04:56.433Z",":updated_at":"2026-05-10T15:04:56.433Z","active_licenses":"POE","permit_number":"655","ban":"0398979","permit_status":"Active","poe_class_code":"P23","license_type":"Place of Entertainment","dba_name":"Westin St. Francis Hotel-\"Master Ballroom\"","street_address":"335 POWELL ST","city":"San Francisco","state":"CA","analysis_neighborhood":"Tenderloin","supervisor_district":"3","police_district":"CENTRAL","data_as_of":"2024-01-29T14:30:06.000","data_loaded_at":"2026-05-10T08:04:43.199"}},
{"type":"Feature","geometry":{"type":"Point","coordinates":[-122.4364815,37.799532]},"properties":{":id":"row-zejq.u8u5.mcag",":version":"rv-b92e~8xkd-ad27",":created_at":"2026-05-10T15:04:56.433Z",":updated_at":"2026-05-10T15:04:56.433Z","active_licenses":"POE","permit_number":"666","ban":"1081745","permit_status":"Active","poe_class_code":"P23","license_type":"Place of Entertainment","dba_name":"Rick and Roxy's","street_address":"2125 LOMBARD ST","city":"San Francisco","state":"CA","analysis_neighborhood":"Marina","supervisor_district":"2","police_district":"NORTHERN","data_as_of":"2024-07-15T10:24:56.000","data_loaded_at":"2026-05-10T08:04:43.199"}},
{"type":"Feature","geometry":{"type":"Point","coordinates":[-122.412699,37.77102]},"properties":{":id":"row-t8zf.cmd5~fsb3",":version":"rv-nhsk-4d7t-kkac",":created_at":"2026-05-10T15:04:56.433Z",":updated_at":"2026-05-10T15:04:56.433Z","active_licenses":"POE, EHP","permit_number":"671","ban":"0343971","permit_status":"Active","poe_class_code":"P23","license_type":"Place of Entertainment, Extended Hours Premises","dba_name":"DNA Lounge","street_address":"375 11TH ST","city":"San Francisco","state":"CA","analysis_neighborhood":"South of Market","supervisor_district":"6","police_district":"SOUTHERN","data_as_of":"2024-01-29T14:30:06.000","data_loaded_at":"2026-05-10T08:04:43.199"}},
{"type":"Feature","geometry":null,"properties":{":id":"row-jyza-7c5w~3bat",":version":"rv-dzsx.9f9a.7nar",":created_at":"2026-05-10T15:04:56.433Z",":updated_at":"2026-05-10T15:04:56.433Z","active_licenses":"MAD","permit_number":"672","ban":"0182040","permit_status":"Active","poe_class_code":null,"license_type":"Mechanical Amusement Device","dba_name":"Musee Mechanique","street_address":null,"city":"San Francisco","state":"CA","analysis_neighborhood":null,"supervisor_district":null,"police_district":null,"data_as_of":"2024-01-29T14:30:06.000","data_loaded_at":"2026-05-10T08:04:43.199"}},
{"type":"Feature","geometry":{"type":"Point","coordinates":[-122.449218033,37.782132904]},"properties":{":id":"row-irua~ywbj-fehq",":version":"rv-rxnu~v8kc~ekha",":created_at":"2026-05-10T15:04:56.433Z",":updated_at":"2026-05-10T15:04:56.433Z","active_licenses":"BP, EHP","permit_number":"676","ban":"0161423","permit_status":"Active","poe_class_code":null,"license_type":"Billiard or Pool Tables, Extended Hours Premises","dba_name":"Family Billiards","street_address":"2807 GEARY BLVD","city":"San Francisco","state":"CA","analysis_neighborhood":"Lone Mountain/USF","supervisor_district":"2","police_district":"RICHMOND","data_as_of":"2024-01-29T14:30:06.000","data_loaded_at":"2026-05-10T08:04:43.199"}},
{"type":"Feature","geometry":{"type":"Point","coordinates":[-122.4380655,37.774629]},"properties":{":id":"row-i5nu~4ngy-grkv",":version":"rv-tf37~mxy3~rzat",":created_at":"2026-05-10T15:04:56.433Z",":updated_at":"2026-05-10T15:04:56.433Z","active_licenses":"POE, BP","permit_number":"681","ban":"0328038","permit_status":"Active","poe_class_code":"P23","license_type":"Place of Entertainment, Billiard or Pool Tables","dba_name":"Club Waziema","street_address":"543 DIVISADERO ST","city":"San Francisco","state":"CA","analysis_neighborhood":"Hayes Valley","supervisor_district":"5","police_district":"PARK","data_as_of":"2024-01-29T14:30:06.000","data_loaded_at":"2026-05-10T08:04:43.199"}},
{"type":"Feature","geometry":{"type":"Point","coordinates":[-122.4375255,37.775538]},"properties":{":id":"row-6u62-h34i.ey2b",":version":"rv-98bh_d4q4_rqez",":created_at":"2026-05-10T15:04:56.433Z",":updated_at":"2026-05-10T15:04:56.433Z","active_licenses":"POE","permit_number":"682","ban":"0393167","permit_status":"Active","poe_class_code":"P23","license_type":"Place of Entertainment","dba_name":"The Independent","street_address":"628 DIVISADERO ST","city":"San Francisco","state":"CA","analysis_neighborhood":"Hayes Valley","supervisor_district":"5","police_district":"PARK","data_as_of":"2024-01-29T14:30:06.000","data_loaded_at":"2026-05-10T08:04:43.199"}},
{"type":"Feature","geometry":{"type":"Point","coordinates":[-122.3997075,37.785951]},"properties":{":id":"row-m6y7~xru7.8i9m",":version":"rv-w4mv.3ywy.7ejy",":created_at":"2026-05-10T15:04:56.433Z",":updated_at":"2026-05-10T15:04:56.433Z","active_licenses":"POE, EHP","permit_number":"687","ban":"0375322","permit_status":"Active","poe_class_code":"P23","license_type":"Place of Entertainment, Extended Hours Premises","dba_name":"Gold Club","street_address":"650 HOWARD ST","city":"San Francisco","state":"CA","analysis_neighborhood":"Financial District/South Beach","supervisor_district":"6","police_district":"SOUTHERN","data_as_of":"2024-01-29T14:30:06.000","data_loaded_at":"2026-05-10T08:04:43.199"}},
{"type":"Feature","geometry":{"type":"Point","coordinates":[-122.4172935,37.760202]},"properties":{":id":"row-8kig-wm4z-zyfz",":version":"rv-wtxr_c4rt_m29t",":created_at":"2026-05-10T15:04:56.433Z",":updated_at":"2026-05-10T15:04:56.433Z","active_licenses":"MAD, BP","permit_number":"695","ban":"0369712","permit_status":"Active","poe_class_code":null,"license_type":"Mechanical Amusement Device, Billiard or Pool Tables","dba_name":"Bender's Bar & Grill","street_address":"806 SOUTH VAN NESS AVE","city":"San Francisco","state":"CA","analysis_neighborhood":"Mission","supervisor_district":"9","police_district":"MISSION","data_as_of":"2024-01-29T14:30:06.000","data_loaded_at":"2026-05-10T08:04:43.199"}},
{"type":"Feature","geometry":{"type":"Point","coordinates":[-122.4246735,37.736415]},"properties":{":id":"row-8qpg~7zey~dmkk",":version":"rv-yi9f-xyqp~tzgs",":created_at":"2026-05-10T15:04:56.433Z",":updated_at":"2026-05-10T15:04:56.433Z","active_licenses":"MAD, BP","permit_number":"704","ban":"0463954","permit_status":"Active","poe_class_code":null,"license_type":"Mechanical Amusement Device, Billiard or Pool Tables","dba_name":"Tip Top Club","street_address":"3776 MISSION ST","city":"San Francisco","state":"CA","analysis_neighborhood":"Bernal Heights","supervisor_district":"8","police_district":"INGLESIDE","data_as_of":"2024-01-29T14:30:06.000","data_loaded_at":"2026-05-10T08:04:43.199"}},
{"type":"Feature","geometry":{"type":"Point","coordinates":[-122.412602926,37.786781809]},"properties":{":id":"row-ycn5-78az.nie4",":version":"rv-3rty~utaa-tnbm",":created_at":"2026-05-10T15:04:56.433Z",":updated_at":"2026-05-10T15:04:56.433Z","active_licenses":"POE","permit_number":"706","ban":"0358273","permit_status":"Active","poe_class_code":"P23","license_type":"Place of Entertainment","dba_name":"Swig","street_address":"561 GEARY ST","city":"San Francisco","state":"CA","analysis_neighborhood":"Tenderloin","supervisor_district":"5","police_district":"CENTRAL","data_as_of":"2024-01-29T14:30:06.000","data_loaded_at":"2026-05-10T08:04:43.199"}},
{"type":"Feature","geometry":{"type":"Point","coordinates":[-122.3930205,37.785501]},"properties":{":id":"row-szt5.gnps~mtu5",":version":"rv-qn59_dhdv~ipxt",":created_at":"2026-05-10T15:04:56.433Z",":updated_at":"2026-05-10T15:04:56.433Z","active_licenses":"EHP","permit_number":"712","ban":"0368985","permit_status":"Active","poe_class_code":null,"license_type":"Extended Hours Premises","dba_name":"La Terra","street_address":"511 HARRISON ST","city":"San Francisco","state":"CA","analysis_neighborhood":"Financial District/South Beach","supervisor_district":"6","police_district":"SOUTHERN","data_as_of":"2024-01-29T14:30:06.000","data_loaded_at":"2026-05-10T08:04:43.199"}},
{"type":"Feature","geometry":{"type":"Point","coordinates":[-122.4369045,37.772127]},"properties":{":id":"row-59pp~tt3q~k7t7",":version":"rv-pqwg.iw6e~wxq9",":created_at":"2026-05-10T15:04:56.433Z",":updated_at":"2026-05-10T15:04:56.433Z","active_licenses":"MAD","permit_number":"716","ban":"0377308","permit_status":"Active","poe_class_code":null,"license_type":"Mechanical Amusement Device","dba_name":"The Page","street_address":"298 DIVISADERO ST","city":"San Francisco","state":"CA","analysis_neighborhood":"Haight Ashbury","supervisor_district":"5","police_district":"PARK","data_as_of":"2025-03-05T12:53:43.000","data_loaded_at":"2026-05-10T08:04:43.199"}},
{"type":"Feature","geometry":{"type":"Point","coordinates":[-122.4030825,37.795905]},"properties":{":id":"row-ugmc.h6dw_9x6z",":version":"rv-3wiq~hj7z_87ag",":created_at":"2026-05-10T15:04:56.433Z",":updated_at":"2026-05-10T15:04:56.433Z","active_licenses":"EHP","permit_number":"727","ban":"0367892","permit_status":"Active","poe_class_code":null,"license_type":"Extended Hours Premises","dba_name":"Barbarossa","street_address":"714 MONTGOMERY ST","city":"San Francisco","state":"CA","analysis_neighborhood":"Chinatown","supervisor_district":"3","police_district":"CENTRAL","data_as_of":"2024-01-29T14:30:06.000","data_loaded_at":"2026-05-10T08:04:43.199"}},
{"type":"Feature","geometry":{"type":"Point","coordinates":[-122.403393,37.797165]},"properties":{":id":"row-ru99~er37.jr2e",":version":"rv-zfgt.23gu.pmer",":created_at":"2026-05-10T15:04:56.433Z",":updated_at":"2026-05-10T15:04:56.433Z","active_licenses":"POE","permit_number":"728","ban":"0379652","permit_status":"Active","poe_class_code":"P23","license_type":"Place of Entertainment","dba_name":"Cigar Bar & Restaurant","street_address":"850 MONTGOMERY ST","city":"San Francisco","state":"CA","analysis_neighborhood":"Chinatown","supervisor_district":"3","police_district":"CENTRAL","data_as_of":"2024-01-29T14:30:06.000","data_loaded_at":"2026-05-10T08:04:43.199"}},
{"type":"Feature","geometry":{"type":"Point","coordinates":[-122.396236026,37.795534007]},"properties":{":id":"row-3wbd~7kkq-unm2",":version":"rv-54gt-2f2s_7cqg",":created_at":"2026-05-10T15:04:56.433Z",":updated_at":"2026-05-10T15:04:56.433Z","active_licenses":"POE","permit_number":"730","ban":"0387631","permit_status":"Active","poe_class_code":"P23","license_type":"Place of Entertainment","dba_name":"Sens Restaurant","street_address":"4 EMBARCADERO CTR","city":"San Francisco","state":"CA","analysis_neighborhood":"Financial District/South Beach","supervisor_district":"3","police_district":"CENTRAL","data_as_of":"2024-01-29T14:30:06.000","data_loaded_at":"2026-05-10T08:04:43.199"}},
{"type":"Feature","geometry":{"type":"Point","coordinates":[-122.4213975,37.787859]},"properties":{":id":"row-g9bh~ifkg~znnt",":version":"rv-izzm~axgf.28ji",":created_at":"2026-05-10T15:04:56.433Z",":updated_at":"2026-05-10T15:04:56.433Z","active_licenses":"EHP","permit_number":"732","ban":"429331","permit_status":"Active","poe_class_code":null,"license_type":"Extended Hours Premises","dba_name":"The Regency","street_address":"1290 SUTTER ST","city":"San Francisco","state":"CA","analysis_neighborhood":"Nob Hill","supervisor_district":"3","police_district":"NORTHERN","data_as_of":"2024-01-29T14:30:06.000","data_loaded_at":"2026-05-10T08:04:43.199"}},
{"type":"Feature","geometry":{"type":"Point","coordinates":[-122.441049,37.715958]},"properties":{":id":"row-v3g7.y2yv_gq8z",":version":"rv-k9tw.ahtj.99e8",":created_at":"2026-05-10T15:04:56.433Z",":updated_at":"2026-05-10T15:04:56.433Z","active_licenses":"BP","permit_number":"738","ban":"0482870","permit_status":"Active","poe_class_code":null,"license_type":"Billiard or Pool Tables","dba_name":"Lucitas Bar","street_address":"5163 MISSION ST","city":"San Francisco","state":"CA","analysis_neighborhood":"Excelsior","supervisor_district":"11","police_district":"INGLESIDE","data_as_of":"2024-01-29T14:30:06.000","data_loaded_at":"2026-05-10T08:04:43.199"}},
{"type":"Feature","geometry":{"type":"Point","coordinates":[-122.420034,37.744713]},"properties":{":id":"row-dndg-hhdy_jtw6",":version":"rv-r6v9-nz92_aw6k",":created_at":"2026-05-10T15:04:56.433Z",":updated_at":"2026-05-10T15:04:56.433Z","active_licenses":"POE, BP","permit_number":"740","ban":"0382616","permit_status":"Active","poe_class_code":"P23","license_type":"Place of Entertainment, Billiard or Pool Tables","dba_name":"Lucita's Nightclub","street_address":"3247 MISSION ST","city":"San Francisco","state":"CA","analysis_neighborhood":"Bernal Heights","supervisor_district":"9","police_district":"INGLESIDE","data_as_of":"2024-01-29T14:30:06.000","data_loaded_at":"2026-05-10T08:04:43.199"}},
{"type":"Feature","geometry":{"type":"Point","coordinates":[-122.3978895,37.779093]},"properties":{":id":"row-fm3f.gp75_i9yu",":version":"rv-k8wj_tm8a-qsep",":created_at":"2026-05-10T15:04:56.433Z",":updated_at":"2026-05-10T15:04:56.433Z","active_licenses":"POE, EHP","permit_number":"744","ban":"0315323","permit_status":"Active","poe_class_code":"P23","license_type":"Place of Entertainment, Extended Hours Premises","dba_name":"The Grand","street_address":"520 4TH ST","city":"San Francisco","state":"CA","analysis_neighborhood":"South of Market","supervisor_district":"6","police_district":"SOUTHERN","data_as_of":"2024-01-29T14:30:06.000","data_loaded_at":"2026-05-10T08:04:43.199"}},
{"type":"Feature","geometry":{"type":"Point","coordinates":[-122.4087795,37.775682]},"properties":{":id":"row-eqep_7csf~acvq",":version":"rv-9pnr~9es9_tmay",":created_at":"2026-05-10T15:04:56.433Z",":updated_at":"2026-05-10T15:04:56.433Z","active_licenses":"POE","permit_number":"747","ban":"0431563","permit_status":"Active","poe_class_code":"P23","license_type":"Place of Entertainment","dba_name":"Raven Bar","street_address":"1151 FOLSOM ST","city":"San Francisco","state":"CA","analysis_neighborhood":"South of Market","supervisor_district":"6","police_district":"SOUTHERN","data_as_of":"2024-01-29T14:30:06.000","data_loaded_at":"2026-05-10T08:04:43.199"}},
{"type":"Feature","geometry":{"type":"Point","coordinates":[-122.406381,37.792998]},"properties":{":id":"row-t87t_p9ju-wcya",":version":"rv-ssb3~jg8v.x22t",":created_at":"2026-05-10T15:04:56.433Z",":updated_at":"2026-05-10T15:04:56.433Z","active_licenses":"POE","permit_number":"757","ban":"0331691","permit_status":"Active","poe_class_code":"P23","license_type":"Place of Entertainment","dba_name":"Far East Café","street_address":"631 GRANT AVE","city":"San Francisco","state":"CA","analysis_neighborhood":"Chinatown","supervisor_district":"3","police_district":"CENTRAL","data_as_of":"2024-01-29T14:30:06.000","data_loaded_at":"2026-05-10T08:04:43.199"}},
{"type":"Feature","geometry":{"type":"Point","coordinates":[-122.410062,37.775475]},"properties":{":id":"row-wtri~gyjx_v6p8",":version":"rv-mwiw~e34m~grmj",":created_at":"2026-05-10T15:04:56.433Z",":updated_at":"2026-05-10T15:04:56.433Z","active_licenses":"POE, EHP","permit_number":"761","ban":"387830","permit_status":"Active","poe_class_code":"P23","license_type":"Place of Entertainment, Extended Hours Premises","dba_name":"Cat Club","street_address":"1190 FOLSOM ST","city":"San Francisco","state":"CA","analysis_neighborhood":"South of Market","supervisor_district":"6","police_district":"SOUTHERN","data_as_of":"2024-01-29T14:30:06.000","data_loaded_at":"2026-05-10T08:04:43.199"}},
{"type":"Feature","geometry":{"type":"Point","coordinates":[-122.4198,37.745091]},"properties":{":id":"row-ihzb_8m8d~crt2",":version":"rv-en58-ujd5_kjme",":created_at":"2026-05-10T15:04:56.433Z",":updated_at":"2026-05-10T15:04:56.433Z","active_licenses":"POE","permit_number":"768","ban":"1090789","permit_status":"Active","poe_class_code":"P23","license_type":"Place of Entertainment","dba_name":"The Knockout","street_address":"3223 MISSION ST","city":"San Francisco","state":"CA","analysis_neighborhood":"Bernal Heights","supervisor_district":"9","police_district":"INGLESIDE","data_as_of":"2024-01-29T14:30:06.000","data_loaded_at":"2026-05-10T08:04:43.199"}},
{"type":"Feature","geometry":{"type":"Point","coordinates":[-122.398146,37.7793]},"properties":{":id":"row-jgrq_p93g-z23n",":version":"rv-ad5k~uc9f.yskn",":created_at":"2026-05-10T15:04:56.433Z",":updated_at":"2026-05-10T15:04:56.433Z","active_licenses":"POE","permit_number":"771","ban":"0374488","permit_status":"Active","poe_class_code":"P23","license_type":"Place of Entertainment","dba_name":"Hotel Utah Saloon","street_address":"500 4TH ST","city":"San Francisco","state":"CA","analysis_neighborhood":"South of Market","supervisor_district":"6","police_district":"SOUTHERN","data_as_of":"2024-01-29T14:30:06.000","data_loaded_at":"2026-05-10T08:04:43.199"}},
{"type":"Feature","geometry":{"type":"Point","coordinates":[-122.4354195,37.761831]},"properties":{":id":"row-4abx.cqzb_m4kj",":version":"rv-rf8i_z55b.ptz8",":created_at":"2026-05-10T15:04:56.433Z",":updated_at":"2026-05-10T15:04:56.433Z","active_licenses":"POE, MAD, BP","permit_number":"790","ban":"0936871","permit_status":"Active","poe_class_code":"P23","license_type":"Place of Entertainment, Mechanical Amusement Device, Billiard or Pool Tables","dba_name":"Daddy's Bar or The 440","street_address":"440 CASTRO ST","city":"San Francisco","state":"CA","analysis_neighborhood":"Castro/Upper Market","supervisor_district":"8","police_district":"MISSION","data_as_of":"2024-01-29T14:30:06.000","data_loaded_at":"2026-05-10T08:04:43.199"}},
{"type":"Feature","geometry":{"type":"Point","coordinates":[-122.4337455,37.760778]},"properties":{":id":"row-6gqq~af4v~mh56",":version":"rv-6yq6-k39y_9tur",":created_at":"2026-05-10T15:04:56.433Z",":updated_at":"2026-05-10T15:04:56.433Z","active_licenses":"POE, MAD, BP","permit_number":"796","ban":"0108287","permit_status":"Active","poe_class_code":"P23","license_type":"Place of Entertainment, Mechanical Amusement Device, Billiard or Pool Tables","dba_name":"Moby Dick Bar","street_address":"4049 18TH ST","city":"San Francisco","state":"CA","analysis_neighborhood":"Castro/Upper Market","supervisor_district":"8","police_district":"MISSION","data_as_of":"2024-01-29T14:30:06.000","data_loaded_at":"2026-05-10T08:04:43.199"}},
{"type":"Feature","geometry":{"type":"Point","coordinates":[-122.414346,37.802898]},"properties":{":id":"row-gxbb_xff9-f2y8",":version":"rv-id8q-2vnc-yr3m",":created_at":"2026-05-10T15:04:56.433Z",":updated_at":"2026-05-10T15:04:56.433Z","active_licenses":"POE","permit_number":"805","ban":"1010655","permit_status":"Active","poe_class_code":"P23","license_type":"Place of Entertainment","dba_name":"Cobb's Comedy Club","street_address":"915 COLUMBUS AVE","city":"San Francisco","state":"CA","analysis_neighborhood":"Russian Hill","supervisor_district":"3","police_district":"CENTRAL","data_as_of":"2024-01-29T14:30:06.000","data_loaded_at":"2026-05-10T08:04:43.199"}},
{"type":"Feature","geometry":{"type":"Point","coordinates":[-122.4359145,37.76103]},"properties":{":id":"row-epa7~8gj7.k7r7",":version":"rv-ydg6_5cps~yaie",":created_at":"2026-05-10T15:04:56.433Z",":updated_at":"2026-05-10T15:04:56.433Z","active_licenses":"POE","permit_number":"813","ban":null,"permit_status":"Active","poe_class_code":"P23","license_type":"Place of Entertainment","dba_name":"Toad Hall","street_address":"4146 18TH ST","city":"San Francisco","state":"CA","analysis_neighborhood":"Castro/Upper Market","supervisor_district":"8","police_district":"MISSION","data_as_of":"2024-01-29T14:30:06.000","data_loaded_at":"2026-05-10T08:04:43.199"}},
{"type":"Feature","geometry":{"type":"Point","coordinates":[-122.4345015,37.761147]},"properties":{":id":"row-szjw-9vyv~9efk",":version":"rv-bmvj_85yw_hw8c",":created_at":"2026-05-10T15:04:56.433Z",":updated_at":"2026-05-10T15:04:56.433Z","active_licenses":"POE","permit_number":"815","ban":"0916639","permit_status":"Active","poe_class_code":"P23","license_type":"Place of Entertainment","dba_name":"SF Mix","street_address":"4086 18TH ST","city":"San Francisco","state":"CA","analysis_neighborhood":"Castro/Upper Market","supervisor_district":"8","police_district":"MISSION","data_as_of":"2026-01-05T17:34:07.000","data_loaded_at":"2026-05-10T08:04:43.199"}},
{"type":"Feature","geometry":{"type":"Point","coordinates":[-122.397116763,37.78773412]},"properties":{":id":"row-t72n.pmcu.3hvc",":version":"rv-mtim_i6ia~35h6",":created_at":"2026-05-10T15:04:56.433Z",":updated_at":"2026-05-10T15:04:56.433Z","active_licenses":"POE, EHP","permit_number":"820","ban":"0397546","permit_status":"Active","poe_class_code":"P23","license_type":"Place of Entertainment, Extended Hours Premises","dba_name":"Temple Nightclub","street_address":"540 HOWARD ST","city":"San Francisco","state":"CA","analysis_neighborhood":"Financial District/South Beach","supervisor_district":"6","police_district":"SOUTHERN","data_as_of":"2024-01-29T14:30:06.000","data_loaded_at":"2026-05-10T08:04:43.199"}},
{"type":"Feature","geometry":{"type":"Point","coordinates":[-122.4217575,37.742283]},"properties":{":id":"row-9t5k-xzwq.jnht",":version":"rv-64ng_vem8.5p5r",":created_at":"2026-05-10T15:04:56.433Z",":updated_at":"2026-05-10T15:04:56.433Z","active_licenses":"POE","permit_number":"822","ban":"0381673","permit_status":"Active","poe_class_code":"P23","license_type":"Place of Entertainment","dba_name":"Club Malibu","street_address":"3395 MISSION ST","city":"San Francisco","state":"CA","analysis_neighborhood":"Bernal Heights","supervisor_district":"9","police_district":"INGLESIDE","data_as_of":"2024-01-29T14:30:06.000","data_loaded_at":"2026-05-10T08:04:43.199"}},
{"type":"Feature","geometry":{"type":"Point","coordinates":[-122.4364545,37.723041]},"properties":{":id":"row-v59d_xw5y~iy79",":version":"rv-k4ar_cq74-eia4",":created_at":"2026-05-10T15:04:56.433Z",":updated_at":"2026-05-10T15:04:56.433Z","active_licenses":"POE","permit_number":"835","ban":"0395833","permit_status":"Active","poe_class_code":"P23","license_type":"Place of Entertainment","dba_name":"CLUB BOTTOMS UP","street_address":"4704 MISSION ST","city":"San Francisco","state":"CA","analysis_neighborhood":"Outer Mission","supervisor_district":"11","police_district":"INGLESIDE","data_as_of":"2025-09-22T15:31:10.000","data_loaded_at":"2026-05-10T08:04:43.199"}},
{"type":"Feature","geometry":{"type":"Point","coordinates":[-122.405149608,37.798034671]},"properties":{":id":"row-whvn_ietu~3f3m",":version":"rv-sjp2~hkh6-bf8r",":created_at":"2026-05-10T15:04:56.433Z",":updated_at":"2026-05-10T15:04:56.433Z","active_licenses":"POE","permit_number":"837","ban":"0201542","permit_status":"Active","poe_class_code":"P23","license_type":"Place of Entertainment","dba_name":"The Bamboo Hut","street_address":"479 BROADWAY","city":"San Francisco","state":"CA","analysis_neighborhood":"North Beach","supervisor_district":"3","police_district":"CENTRAL","data_as_of":"2024-01-29T14:30:06.000","data_loaded_at":"2026-05-10T08:04:43.199"}},
{"type":"Feature","geometry":{"type":"Point","coordinates":[-122.4333315,37.782621]},"properties":{":id":"row-h7i8~6t2w~6qer",":version":"rv-gs9n-vb3r.ncgn",":created_at":"2026-05-10T15:04:56.433Z",":updated_at":"2026-05-10T15:04:56.433Z","active_licenses":"POE","permit_number":"849","ban":"0397645","permit_status":"Active","poe_class_code":"P23","license_type":"Place of Entertainment","dba_name":"Sheba Piano Lounge","street_address":"1419 FILLMORE ST","city":"San Francisco","state":"CA","analysis_neighborhood":"Western Addition","supervisor_district":"5","police_district":"NORTHERN","data_as_of":"2024-01-29T14:30:06.000","data_loaded_at":"2026-05-10T08:04:43.199"}},
{"type":"Feature","geometry":{"type":"Point","coordinates":[-122.407542,37.799397]},"properties":{":id":"row-2zvw.xsn2-yqht",":version":"rv-3scn~n7nx.nuq7",":created_at":"2026-05-10T15:04:56.433Z",":updated_at":"2026-05-10T15:04:56.433Z","active_licenses":"POE","permit_number":"850","ban":"0402009","permit_status":"Active","poe_class_code":"P23","license_type":"Place of Entertainment","dba_name":"Maggie McGarry's","street_address":"1353 GRANT AVE","city":"San Francisco","state":"CA","analysis_neighborhood":"North Beach","supervisor_district":"3","police_district":"CENTRAL","data_as_of":"2024-01-29T14:30:06.000","data_loaded_at":"2026-05-10T08:04:43.199"}},
{"type":"Feature","geometry":{"type":"Point","coordinates":[-122.415282,37.787607]},"properties":{":id":"row-aeri_snwg_dg5k",":version":"rv-8pg2.jyyw-ksk5",":created_at":"2026-05-10T15:04:56.433Z",":updated_at":"2026-05-10T15:04:56.433Z","active_licenses":"POE, BP","permit_number":"853","ban":"399795","permit_status":"Active","poe_class_code":"P23","license_type":"Place of Entertainment, Billiard or Pool Tables","dba_name":"The Royale","street_address":"800 POST ST","city":"San Francisco","state":"CA","analysis_neighborhood":"Nob Hill","supervisor_district":"3","police_district":"CENTRAL","data_as_of":"2024-01-29T14:30:06.000","data_loaded_at":"2026-05-10T08:04:43.199"}},
{"type":"Feature","geometry":{"type":"Point","coordinates":[-122.398177643,37.788484601]},"properties":{":id":"row-hhat_znfn~ced8",":version":"rv-4ube~dtkt~pswk",":created_at":"2026-05-10T15:04:56.433Z",":updated_at":"2026-05-10T15:04:56.433Z","active_licenses":"POE","permit_number":"858","ban":"0404920","permit_status":"Active","poe_class_code":"P23","license_type":"Place of Entertainment","dba_name":"Madarae","street_address":"46 MINNA ST","city":"San Francisco","state":"CA","analysis_neighborhood":"Financial District/South Beach","supervisor_district":"6","police_district":"SOUTHERN","data_as_of":"2024-01-29T14:30:06.000","data_loaded_at":"2026-05-10T08:04:43.199"}},
{"type":"Feature","geometry":{"type":"Point","coordinates":[-122.409904759,37.775171166]},"properties":{":id":"row-d9m2~xs8y-m35p",":version":"rv-ia43_xttw~9ngu",":created_at":"2026-05-10T15:04:56.433Z",":updated_at":"2026-05-10T15:04:56.433Z","active_licenses":"POE, EHP","permit_number":"860","ban":"0402193","permit_status":"Active","poe_class_code":"P23","license_type":"Place of Entertainment, Extended Hours Premises","dba_name":"F8","street_address":"1192 FOLSOM ST","city":"San Francisco","state":"CA","analysis_neighborhood":"South of Market","supervisor_district":"6","police_district":"SOUTHERN","data_as_of":"2024-01-29T14:30:06.000","data_loaded_at":"2026-05-10T08:04:43.199"}},
{"type":"Feature","geometry":{"type":"Point","coordinates":[-122.396222304,37.795040654]},"properties":{":id":"row-gapj-jj7w.vt66",":version":"rv-hvaa_wp5c_aabi",":created_at":"2026-05-10T15:04:56.433Z",":updated_at":"2026-05-10T15:04:56.433Z","active_licenses":"POE","permit_number":"877","ban":"0440669","permit_status":"Active","poe_class_code":"P23","license_type":"Place of Entertainment","dba_name":"Aquarium of the Bay","street_address":"39 PIER","city":"San Francisco","state":"CA","analysis_neighborhood":"Financial District/South Beach","supervisor_district":"3","police_district":"CENTRAL","data_as_of":"2024-01-29T14:30:06.000","data_loaded_at":"2026-05-10T08:04:43.199"}},
{"type":"Feature","geometry":{"type":"Point","coordinates":[-122.3998965,37.76517]},"properties":{":id":"row-vivs.j9er~d57e",":version":"rv-3ty2.juqz~ubi3",":created_at":"2026-05-10T15:04:56.433Z",":updated_at":"2026-05-10T15:04:56.433Z","active_licenses":"POE","permit_number":"884","ban":"0413316","permit_status":"Active","poe_class_code":"P23","license_type":"Place of Entertainment","dba_name":"Thee Parkside","street_address":"1600 17TH ST","city":"San Francisco","state":"CA","analysis_neighborhood":"Mission Bay","supervisor_district":"10","police_district":"BAYVIEW","data_as_of":"2026-01-05T17:34:43.000","data_loaded_at":"2026-05-10T08:04:43.199"}},
{"type":"Feature","geometry":{"type":"Point","coordinates":[-122.398177643,37.788484601]},"properties":{":id":"row-tggc.5dqd-exvr",":version":"rv-q83v_9rvw-ybnp",":created_at":"2026-05-10T15:04:56.433Z",":updated_at":"2026-05-10T15:04:56.433Z","active_licenses":"EHP","permit_number":"904","ban":"0404920","permit_status":"Active","poe_class_code":null,"license_type":"Extended Hours Premises","dba_name":"Madarae","street_address":"46 MINNA ST","city":"San Francisco","state":"CA","analysis_neighborhood":"Financial District/South Beach","supervisor_district":"6","police_district":"SOUTHERN","data_as_of":"2024-01-29T14:30:06.000","data_loaded_at":"2026-05-10T08:04:43.199"}},
{"type":"Feature","geometry":{"type":"Point","coordinates":[-122.4635985,37.744587]},"properties":{":id":"row-5vdy-gre3-yptn",":version":"rv-xt6s~tnxi~55vj",":created_at":"2026-05-10T15:04:56.433Z",":updated_at":"2026-05-10T15:04:56.433Z","active_licenses":"POE","permit_number":"906","ban":"1040644","permit_status":"Active","poe_class_code":"P23","license_type":"Place of Entertainment","dba_name":"Forest Hill Assoc. or Clubhouse","street_address":"381 MAGELLAN AVE","city":"San Francisco","state":"CA","analysis_neighborhood":"West of Twin Peaks","supervisor_district":"7","police_district":"TARAVAL","data_as_of":"2025-09-26T13:50:33.000","data_loaded_at":"2026-05-10T08:04:43.199"}},
{"type":"Feature","geometry":{"type":"Point","coordinates":[-122.403366,37.782288]},"properties":{":id":"row-yji9~egkd.vwqp",":version":"rv-rsyf~cu5t.zc8y",":created_at":"2026-05-10T15:04:56.433Z",":updated_at":"2026-05-10T15:04:56.433Z","active_licenses":"POE","permit_number":"918","ban":"0366545","permit_status":"Active","poe_class_code":"P23","license_type":"Place of Entertainment","dba_name":"Elan Event Venue","street_address":"839 HOWARD ST","city":"San Francisco","state":"CA","analysis_neighborhood":"South of Market","supervisor_district":"6","police_district":"SOUTHERN","data_as_of":"2024-01-29T14:30:06.000","data_loaded_at":"2026-05-10T08:04:43.199"}},
{"type":"Feature","geometry":{"type":"Point","coordinates":[-122.4194805,37.746819]},"properties":{":id":"row-ek7p-g7k3-jni2",":version":"rv-47xf~c898.b29i",":created_at":"2026-05-10T15:04:56.433Z",":updated_at":"2026-05-10T15:04:56.433Z","active_licenses":"POE, BP","permit_number":"920","ban":"0396483","permit_status":"Active","poe_class_code":"P23","license_type":"Place of Entertainment, Billiard or Pool Tables","dba_name":"EL RIO YOUR DIVE","street_address":"3158 MISSION ST","city":"San Francisco","state":"CA","analysis_neighborhood":"Bernal Heights","supervisor_district":"9","police_district":"INGLESIDE","data_as_of":"2026-01-05T17:34:50.000","data_loaded_at":"2026-05-10T08:04:43.199"}},
{"type":"Feature","geometry":{"type":"Point","coordinates":[-122.433417,37.764396]},"properties":{":id":"row-6rd4-4rze-dstf",":version":"rv-nbev-npyp~nu65",":created_at":"2026-05-10T15:04:56.433Z",":updated_at":"2026-05-10T15:04:56.433Z","active_licenses":"POE","permit_number":"922","ban":"0421183","permit_status":"Active","poe_class_code":"P23","license_type":"Place of Entertainment","dba_name":"The Lookout","street_address":"3600 16TH ST","city":"San Francisco","state":"CA","analysis_neighborhood":"Castro/Upper Market","supervisor_district":"8","police_district":"PARK","data_as_of":"2024-01-29T14:30:06.000","data_loaded_at":"2026-05-10T08:04:43.199"}},
{"type":"Feature","geometry":{"type":"Point","coordinates":[-122.4065835,37.789164]},"properties":{":id":"row-jmca-ybjb.mngt",":version":"rv-hhj6~s4rq.a3bp",":created_at":"2026-05-10T15:04:56.433Z",":updated_at":"2026-05-10T15:04:56.433Z","active_licenses":"POE","permit_number":"923","ban":"0417332","permit_status":"Active","poe_class_code":"P23","license_type":"Place of Entertainment","dba_name":"TAJ Campton Place","street_address":"340 STOCKTON ST","city":"San Francisco","state":"CA","analysis_neighborhood":"Financial District/South Beach","supervisor_district":"3","police_district":"CENTRAL","data_as_of":"2024-01-29T14:30:06.000","data_loaded_at":"2026-05-10T08:04:43.199"}},
{"type":"Feature","geometry":{"type":"Point","coordinates":[-122.412294,37.772901]},"properties":{":id":"row-cxi7_kcji.dgn9",":version":"rv-y2hw~qskn_vhka",":created_at":"2026-05-10T15:04:56.433Z",":updated_at":"2026-05-10T15:04:56.433Z","active_licenses":"MAD, BP","permit_number":"928","ban":"0301719","permit_status":"Active","poe_class_code":null,"license_type":"Mechanical Amusement Device, Billiard or Pool Tables","dba_name":"Hole in the Wall Saloon","street_address":"1369 FOLSOM ST","city":"San Francisco","state":"CA","analysis_neighborhood":"South of Market","supervisor_district":"6","police_district":"SOUTHERN","data_as_of":"2024-01-29T14:30:06.000","data_loaded_at":"2026-05-10T08:04:43.199"}},
{"type":"Feature","geometry":{"type":"Point","coordinates":[-122.4038205,37.790523]},"properties":{":id":"row-ss78~qk8e.w75d",":version":"rv-r8da_2srd-ttka",":created_at":"2026-05-10T15:04:56.433Z",":updated_at":"2026-05-10T15:04:56.433Z","active_licenses":"POE","permit_number":"941","ban":"0423658","permit_status":"Active","poe_class_code":"P23","license_type":"Place of Entertainment","dba_name":"Ginger's/Pagan Idol/Rickhouse","street_address":"246 KEARNY ST","city":"San Francisco","state":"CA","analysis_neighborhood":"Financial District/South Beach","supervisor_district":"3","police_district":"CENTRAL","data_as_of":"2024-01-29T14:30:06.000","data_loaded_at":"2026-05-10T08:04:43.199"}},
{"type":"Feature","geometry":{"type":"Point","coordinates":[-122.452218,37.769229]},"properties":{":id":"row-teja_4hks.wnhg",":version":"rv-qs8p-amz5.vz47",":created_at":"2026-05-10T15:04:56.433Z",":updated_at":"2026-05-10T15:04:56.433Z","active_licenses":"BP","permit_number":"942","ban":"0461317","permit_status":"Active","poe_class_code":null,"license_type":"Billiard or Pool Tables","dba_name":"Murio's","street_address":"1811 HAIGHT ST","city":"San Francisco","state":"CA","analysis_neighborhood":"Haight Ashbury","supervisor_district":"5","police_district":"PARK","data_as_of":"2024-01-29T14:30:06.000","data_loaded_at":"2026-05-10T08:04:43.199"}},
{"type":"Feature","geometry":{"type":"Point","coordinates":[-122.41167926,37.78593291]},"properties":{":id":"row-vvvk~ci4r-z6fi",":version":"rv-3cp9.rdjz.jxy7",":created_at":"2026-05-10T15:04:56.433Z",":updated_at":"2026-05-10T15:04:56.433Z","active_licenses":"POE","permit_number":"948","ban":"1082659","permit_status":"Active","poe_class_code":"P23","license_type":"Place of Entertainment","dba_name":"Marrakech Restaurant","street_address":"419 OFARRELL ST","city":"San Francisco","state":"CA","analysis_neighborhood":"Tenderloin","supervisor_district":"5","police_district":"TENDERLOIN","data_as_of":"2024-01-29T14:30:06.000","data_loaded_at":"2026-05-10T08:04:43.199"}},
{"type":"Feature","geometry":{"type":"Point","coordinates":[-122.4100845,37.782693]},"properties":{":id":"row-nq3c~5k64~f4km",":version":"rv-dffx~chaj-kxkr",":created_at":"2026-05-10T15:04:56.433Z",":updated_at":"2026-05-10T15:04:56.433Z","active_licenses":"POE, EHP","permit_number":"954","ban":"0429331","permit_status":"Active","poe_class_code":"P23","license_type":"Place of Entertainment, Extended Hours Premises","dba_name":"The Warfield Theatre","street_address":"982 MARKET ST","city":"San Francisco","state":"CA","analysis_neighborhood":"Tenderloin","supervisor_district":"5","police_district":"TENDERLOIN","data_as_of":"2024-01-29T14:30:06.000","data_loaded_at":"2026-05-10T08:04:43.199"}},
{"type":"Feature","geometry":{"type":"Point","coordinates":[-122.437377,37.774224]},"properties":{":id":"row-pwt5~8k7f~3tvr",":version":"rv-mnk9-n3hc.9j2x",":created_at":"2026-05-10T15:04:56.433Z",":updated_at":"2026-05-10T15:04:56.433Z","active_licenses":"POE","permit_number":"956","ban":"0433520","permit_status":"Active","poe_class_code":"P23","license_type":"Place of Entertainment","dba_name":"Madrone Art Bar","street_address":"500 DIVISADERO ST","city":"San Francisco","state":"CA","analysis_neighborhood":"Hayes Valley","supervisor_district":"5","police_district":"PARK","data_as_of":"2024-01-29T14:30:06.000","data_loaded_at":"2026-05-10T08:04:43.199"}},
{"type":"Feature","geometry":{"type":"Point","coordinates":[-122.463531868,37.783010015]},"properties":{":id":"row-ajxs.5m8h_z7jr",":version":"rv-u4mb.k98w~n9pd",":created_at":"2026-05-10T15:04:56.433Z",":updated_at":"2026-05-10T15:04:56.433Z","active_licenses":"POE","permit_number":"969","ban":"0435417","permit_status":"Active","poe_class_code":"P23","license_type":"Place of Entertainment","dba_name":"Neck of the Woods","street_address":"406 CLEMENT ST","city":"San Francisco","state":"CA","analysis_neighborhood":"Inner Richmond","supervisor_district":"1","police_district":"RICHMOND","data_as_of":"2024-01-29T14:30:06.000","data_loaded_at":"2026-05-10T08:04:43.199"}},
{"type":"Feature","geometry":{"type":"Point","coordinates":[-122.411929354,37.805481745]},"properties":{":id":"row-ers8_edee.a6rq",":version":"rv-8usx-vtbt-nkcv",":created_at":"2026-05-10T15:04:56.433Z",":updated_at":"2026-05-10T15:04:56.433Z","active_licenses":"POE","permit_number":"979","ban":"0422158","permit_status":"Active","poe_class_code":"P23","license_type":"Place of Entertainment","dba_name":"China House Jumbo Seafood","street_address":"2237 POWELL ST","city":"San Francisco","state":"CA","analysis_neighborhood":"North Beach","supervisor_district":"3","police_district":"CENTRAL","data_as_of":"2024-01-29T14:30:06.000","data_loaded_at":"2026-05-10T08:04:43.199"}},
{"type":"Feature","geometry":{"type":"Point","coordinates":[-122.465845791,37.782912762]},"properties":{":id":"row-ipxe.562x.znmu",":version":"rv-3bn9~6xr8~2vjr",":created_at":"2026-05-10T15:04:56.433Z",":updated_at":"2026-05-10T15:04:56.433Z","active_licenses":"POE","permit_number":"985","ban":"0444623","permit_status":"Active","poe_class_code":"P23","license_type":"Place of Entertainment","dba_name":"Volar Music","street_address":"626 CLEMENT ST","city":"San Francisco","state":"CA","analysis_neighborhood":"Inner Richmond","supervisor_district":"1","police_district":"RICHMOND","data_as_of":"2024-01-29T14:30:06.000","data_loaded_at":"2026-05-10T08:04:43.199"}},
{"type":"Feature","geometry":{"type":"Point","coordinates":[-122.420547,37.788273]},"properties":{":id":"row-fhtj_e2cw~qu5x",":version":"rv-qbwb.a86z~29m7",":created_at":"2026-05-10T15:04:56.433Z",":updated_at":"2026-05-10T15:04:56.433Z","active_licenses":"POE","permit_number":"988","ban":"0441175","permit_status":"Active","poe_class_code":"P23","license_type":"Place of Entertainment","dba_name":"Mayes","street_address":"1233 POLK ST","city":"San Francisco","state":"CA","analysis_neighborhood":"Nob Hill","supervisor_district":"3","police_district":"NORTHERN","data_as_of":"2024-01-29T14:30:06.000","data_loaded_at":"2026-05-10T08:04:43.199"}},
{"type":"Feature","geometry":{"type":"Point","coordinates":[-122.401174399,37.78697591]},"properties":{":id":"row-3hi4~r3c2-vdbt",":version":"rv-drvu.uccg_3znc",":created_at":"2026-05-10T15:04:56.433Z",":updated_at":"2026-05-10T15:04:56.433Z","active_licenses":"POE, EHP","permit_number":"994","ban":"443715","permit_status":"Active","poe_class_code":"P23","license_type":"Place of Entertainment, Extended Hours Premises","dba_name":"Novela","street_address":"662 MISSION ST","city":"San Francisco","state":"CA","analysis_neighborhood":"Financial District/South Beach","supervisor_district":"6","police_district":"SOUTHERN","data_as_of":"2024-01-29T14:30:06.000","data_loaded_at":"2026-05-10T08:04:43.199"}},
{"type":"Feature","geometry":{"type":"Point","coordinates":[-122.40939671,37.784549693]},"properties":{":id":"row-6zw5-t8h5-3kc2",":version":"rv-9qm3-6w2i-mkf5",":created_at":"2026-05-10T15:04:56.433Z",":updated_at":"2026-05-10T15:04:56.433Z","active_licenses":"POE","permit_number":"999","ban":"0334661","permit_status":"Active","poe_class_code":"P23","license_type":"Place of Entertainment","dba_name":"Union Square Sports Bar","street_address":"115 MASON ST","city":"San Francisco","state":"CA","analysis_neighborhood":"Tenderloin","supervisor_district":"5","police_district":"TENDERLOIN","data_as_of":"2024-01-29T14:30:06.000","data_loaded_at":"2026-05-10T08:04:43.199"}}
] }
