{
  "type": "FeatureCollection",
  "features": [
    {
      "type": "Feature",
      "geometry": {
        "type": "Point",
        "coordinates": [-122.390999306, 37.77551013805]
      },
      "properties": {
        "name": "Got Snacks",
        "artistlink": "http://bsm.sfdpw.org/PermitsTracker/reports/report.aspx?title=schedule&report=rptSchedule&params=permit=19MFF-00112&ExportPDF=1&Filename=19MFF-00112_schedule.pdf",
        "location": "1020 03RD ST",
        "accessibil": "Information not provided",
        "medium": "Push Cart",
        "requiredar": "Permit: 19MFF-00112",
        "title": "sunflower seeds: crackerjacks: bottled water: peanuts: candy",
        "type": "Push Cart",
        "descriptio": "Status: REQUESTED"
      }
    },
    {
      "type": "Feature",
      "geometry": {
        "type": "Point",
        "coordinates": [-122.40551636563, 37.70867748423]
      },
      "properties": {
        "name": "Sanch'ers Taqueria & Catering",
        "artistlink": "http://bsm.sfdpw.org/PermitsTracker/reports/report.aspx?title=schedule&report=rptSchedule&params=permit=24MFF-00020&ExportPDF=1&Filename=24MFF-00020_schedule.pdf",
        "location": "BAY SHORE BLVD: SUNNYDALE AVE to COUNTY LINE (2600 - 2698) -- WEST --",
        "accessibil": "Information not provided",
        "medium": "Truck",
        "requiredar": "Permit: 24MFF-00020",
        "title": "Tacos",
        "type": "Truck",
        "descriptio": "Status: APPROVED"
      }
    },
    {
      "type": "Feature",
      "geometry": {
        "type": "Point",
        "coordinates": [-122.40579191248, 37.70863992533]
      },
      "properties": {
        "name": "Sanch'ers Taqueria & Catering",
        "artistlink": "http://bsm.sfdpw.org/PermitsTracker/reports/report.aspx?title=schedule&report=rptSchedule&params=permit=24MFF-00020&ExportPDF=1&Filename=24MFF-00020_schedule.pdf",
        "location": "BAY SHORE BLVD: SUNNYDALE AVE to COUNTY LINE (2600 - 2698) -- WEST --",
        "accessibil": "Information not provided",
        "medium": "Truck",
        "requiredar": "Permit: 24MFF-00020",
        "title": "Tacos",
        "type": "Truck",
        "descriptio": "Status: APPROVED"
      }
    },
    {
      "type": "Feature",
      "geometry": {
        "type": "Point",
        "coordinates": [-122.40965844136, 37.77369415247]
      },
      "properties": {
        "name": "Mini Mobile Food Catering",
        "artistlink": "http://bsm.sfdpw.org/PermitsTracker/reports/report.aspx?title=schedule&report=rptSchedule&params=permit=19MFF-00041&ExportPDF=1&Filename=19MFF-00041_schedule.pdf",
        "location": "08TH ST: HERON ST to HARRISON ST (350 - 399)",
        "accessibil": "Information not provided",
        "medium": "Truck",
        "requiredar": "Permit: 19MFF-00041",
        "title": "Cold Truck: Corn Dogs: Noodle Soups: Candy: Pre-packaged Snacks: Sandwiches: Chips: Coffee: Tea: Various Beverages",
        "type": "Truck",
        "descriptio": "Status: EXPIRED"
      }
    },
    {
      "type": "Feature",
      "geometry": {
        "type": "Point",
        "coordinates": [-122.40467383279, 37.73888637563]
      },
      "properties": {
        "name": "Tacos El Shaddai",
        "artistlink": "http://bsm.sfdpw.org/PermitsTracker/reports/report.aspx?title=schedule&report=rptSchedule&params=permit=25MFF-00046&ExportPDF=1&Filename=25MFF-00046_schedule.pdf",
        "location": "INDUSTRIAL ST: BARNEVELD AVE \\ SHAFTER AVE to CHARTER OAK AVE (200 - 222) -- NORTH --",
        "accessibil": "Information not provided",
        "medium": "Truck",
        "requiredar": "Permit: 25MFF-00046",
        "title": "Do not approve - Under review",
        "type": "Truck",
        "descriptio": "Status: REQUESTED"
      }
    },
    {
      "type": "Feature",
      "geometry": {
        "type": "Point",
        "coordinates": [-122.40966881322, 37.78069437741]
      },
      "properties": {
        "name": "Rita's Catering",
        "artistlink": "http://bsm.sfdpw.org/PermitsTracker/reports/report.aspx?title=schedule&report=rptSchedule&params=permit=25MFF-00024&ExportPDF=1&Filename=25MFF-00024_schedule.pdf",
        "location": "MISSION ST: 06TH ST to 07TH ST (1000 - 1099)",
        "accessibil": "Information not provided",
        "medium": "Truck",
        "requiredar": "Permit: 25MFF-00024",
        "title": "Filipino Food",
        "type": "Truck",
        "descriptio": "Status: APPROVED"
      }
    },
    {
      "type": "Feature",
      "geometry": {
        "type": "Point",
        "coordinates": [-122.4012796166, 37.79183426306]
      },
      "properties": {
        "name": "San Francisco's Hometown Creamery",
        "artistlink": "http://bsm.sfdpw.org/PermitsTracker/reports/report.aspx?title=schedule&report=rptSchedule&params=permit=25MFF-00028&ExportPDF=1&Filename=25MFF-00028_schedule.pdf",
        "location": "PINE ST: SANSOME ST to CENTURY PL (300 - 340)",
        "accessibil": "Information not provided",
        "medium": "Truck",
        "requiredar": "Permit: 25MFF-00028",
        "title": "Ice cream & Waffle cones",
        "type": "Truck",
        "descriptio": "Status: APPROVED"
      }
    },
    {
      "type": "Feature",
      "geometry": {
        "type": "Point",
        "coordinates": [-122.41277448985, 37.77249681878]
      },
      "properties": {
        "name": "Plaza Garibaldy",
        "artistlink": "http://bsm.sfdpw.org/PermitsTracker/reports/report.aspx?title=schedule&report=rptSchedule&params=permit=25MFF-00008&ExportPDF=1&Filename=25MFF-00008_schedule.pdf",
        "location": "FOLSOM ST: 10TH ST to JUNIPER ST (1400 - 1448)",
        "accessibil": "Information not provided",
        "medium": "Information not provided",
        "requiredar": "Permit: 25MFF-00008",
        "title": "MFF - Do not approve without review",
        "type": "Information not provided",
        "descriptio": "Status: REQUESTED"
      }
    },
    {
      "type": "Feature",
      "geometry": {
        "type": "Point",
        "coordinates": [-122.40747042037, 37.78869699864]
      },
      "properties": {
        "name": "San Francisco's Hometown Creamery",
        "artistlink": "http://bsm.sfdpw.org/PermitsTracker/reports/report.aspx?title=schedule&report=rptSchedule&params=permit=25MFF-00029&ExportPDF=1&Filename=25MFF-00029_schedule.pdf",
        "location": "POST ST: STOCKTON ST to POWELL ST (300 - 399)",
        "accessibil": "Information not provided",
        "medium": "Truck",
        "requiredar": "Permit: 25MFF-00029",
        "title": "Ice Cream: Waffle Cones",
        "type": "Truck",
        "descriptio": "Status: APPROVED"
      }
    },
    {
      "type": "Feature",
      "geometry": {
        "type": "Point",
        "coordinates": [-122.407718509, 37.78713649109]
      },
      "properties": {
        "name": "San Francisco's Hometown Creamery",
        "artistlink": "http://bsm.sfdpw.org/PermitsTracker/reports/report.aspx?title=schedule&report=rptSchedule&params=permit=25MFF-00026&ExportPDF=1&Filename=25MFF-00026_schedule.pdf",
        "location": "GEARY ST: STOCKTON ST to POWELL ST (200 - 299)",
        "accessibil": "Information not provided",
        "medium": "Truck",
        "requiredar": "Permit: 25MFF-00026",
        "title": "Ice Cream & Waffle Cones",
        "type": "Truck",
        "descriptio": "Status: APPROVED"
      }
    },
    {
      "type": "Feature",
      "geometry": {
        "type": "Point",
        "coordinates": [-122.40135328093, 37.79279574158]
      },
      "properties": {
        "name": "San Francisco's Hometown Creamery",
        "artistlink": "http://bsm.sfdpw.org/PermitsTracker/reports/report.aspx?title=schedule&report=rptSchedule&params=permit=25MFF-00027&ExportPDF=1&Filename=25MFF-00027_schedule.pdf",
        "location": "CALIFORNIA ST: SANSOME ST to LEIDESDORFF ST (400 - 448)",
        "accessibil": "Information not provided",
        "medium": "Truck",
        "requiredar": "Permit: 25MFF-00027",
        "title": "Ice Cream: Waffle Cones",
        "type": "Truck",
        "descriptio": "Status: APPROVED"
      }
    },
    {
      "type": "Feature",
      "geometry": {
        "type": "Point",
        "coordinates": [-122.40241859729, 37.78924953408]
      },
      "properties": {
        "name": "San Francisco's Hometown Creamery",
        "artistlink": "http://bsm.sfdpw.org/PermitsTracker/reports/report.aspx?title=schedule&report=rptSchedule&params=permit=25MFF-00027&ExportPDF=1&Filename=25MFF-00027_schedule.pdf",
        "location": "POST ST: MONTGOMERY ST to LICK PL (1 - 40)",
        "accessibil": "Information not provided",
        "medium": "Truck",
        "requiredar": "Permit: 25MFF-00027",
        "title": "Ice Cream: Waffle Cones",
        "type": "Truck",
        "descriptio": "Status: APPROVED"
      }
    },
    {
      "type": "Feature",
      "geometry": {
        "type": "Point",
        "coordinates": [-122.38819624841, 37.75202724674]
      },
      "properties": {
        "name": "Mora Taco Truck",
        "artistlink": "http://bsm.sfdpw.org/PermitsTracker/reports/report.aspx?title=schedule&report=rptSchedule&params=permit=25MFF-00047&ExportPDF=1&Filename=25MFF-00047_schedule.pdf",
        "location": "26TH ST: 03RD ST to TENNESSEE ST (800 - 899)",
        "accessibil": "Information not provided",
        "medium": "Information not provided",
        "requiredar": "Permit: 25MFF-00047",
        "title": "Do not approve - Under review.",
        "type": "Information not provided",
        "descriptio": "Status: REQUESTED"
      }
    },
    {
      "type": "Feature",
      "geometry": {
        "type": "Point",
        "coordinates": [-122.4378752253, 37.77336405319]
      },
      "properties": {
        "name": "Tacos El Nene",
        "artistlink": "http://bsm.sfdpw.org/PermitsTracker/reports/report.aspx?title=schedule&report=rptSchedule&params=permit=24MFF-00041&ExportPDF=1&Filename=24MFF-00041_schedule.pdf",
        "location": "DIVISADERO ST: OAK ST to FELL ST (401 - 499) -- WEST --",
        "accessibil": "Information not provided",
        "medium": "Information not provided",
        "requiredar": "Permit: 24MFF-00041",
        "title": "MFF - Do not approve without review",
        "type": "Information not provided",
        "descriptio": "Status: REQUESTED"
      }
    },
    {
      "type": "Feature",
      "geometry": {
        "type": "Point",
        "coordinates": [0.0, 0.0]
      },
      "properties": {
        "name": "Zuri Food Facilities",
        "artistlink": "http://bsm.sfdpw.org/PermitsTracker/reports/report.aspx?title=schedule&report=rptSchedule&params=permit=23MFF-00037&ExportPDF=1&Filename=23MFF-00037_schedule.pdf",
        "location": "MARIPOSA ST: ARKANSAS ST to CAROLINA ST (1500 - 1699)",
        "accessibil": "Information not provided",
        "medium": "Truck",
        "requiredar": "Permit: 23MFF-00037",
        "title": "Peruvian Food Served Hot",
        "type": "Truck",
        "descriptio": "Status: EXPIRED"
      }
    },
    {
      "type": "Feature",
      "geometry": {
        "type": "Point",
        "coordinates": [-122.40014830677, 37.79236678688]
      },
      "properties": {
        "name": "BOWL'D ACAI, LLC.",
        "artistlink": "http://bsm.sfdpw.org/PermitsTracker/reports/report.aspx?title=schedule&report=rptSchedule&params=permit=23MFF-00048&ExportPDF=1&Filename=23MFF-00048_schedule.pdf",
        "location": "BATTERY ST: PINE ST to CALIFORNIA ST (100 - 199)",
        "accessibil": "Information not provided",
        "medium": "Truck",
        "requiredar": "Permit: 23MFF-00048",
        "title": "Acai Bowls: Smoothies: Juices",
        "type": "Truck",
        "descriptio": "Status: EXPIRED"
      }
    },
    {
      "type": "Feature",
      "geometry": {
        "type": "Point",
        "coordinates": [-122.4397858923, 37.80065022766]
      },
      "properties": {
        "name": "Eggstasy LLC",
        "artistlink": "http://bsm.sfdpw.org/PermitsTracker/reports/report.aspx?title=schedule&report=rptSchedule&params=permit=24MFF-00018&ExportPDF=1&Filename=24MFF-00018_schedule.pdf",
        "location": "PIERCE ST: CHESTNUT ST to TOLEDO WAY (3300 - 3337)",
        "accessibil": "Information not provided",
        "medium": "Truck",
        "requiredar": "Permit: 24MFF-00018",
        "title": "Breakfast Sandwiches (i.e. Bacon Egg and Cheese).",
        "type": "Truck",
        "descriptio": "Status: REQUESTED"
      }
    },
    {
      "type": "Feature",
      "geometry": {
        "type": "Point",
        "coordinates": [-122.41580788243, 37.77915911997]
      },
      "properties": {
        "name": "Street Meet",
        "artistlink": "http://bsm.sfdpw.org/PermitsTracker/reports/report.aspx?title=schedule&report=rptSchedule&params=permit=25MFF-00030&ExportPDF=1&Filename=25MFF-00030_schedule.pdf",
        "location": "GROVE ST: 08TH ST \\ HYDE ST \\ MARKET ST to LARKIN ST (1 - 55)",
        "accessibil": "Information not provided",
        "medium": "Truck",
        "requiredar": "Permit: 25MFF-00030",
        "title": "Burritos: Tacos: Quesadillas: Tortas: Carne Asada Fries and various drinks",
        "type": "Truck",
        "descriptio": "Status: APPROVED"
      }
    },
    {
      "type": "Feature",
      "geometry": {
        "type": "Point",
        "coordinates": [-122.3870001963, 37.75240499248]
      },
      "properties": {
        "name": "Tacos El Flaco - 1168279",
        "artistlink": "http://bsm.sfdpw.org/PermitsTracker/reports/report.aspx?title=schedule&report=rptSchedule&params=permit=25MFF-00015&ExportPDF=1&Filename=25MFF-00015_schedule.pdf",
        "location": "03RD ST: 25TH ST to 26TH ST (2901 - 2999) -- EAST --",
        "accessibil": "Information not provided",
        "medium": "Truck",
        "requiredar": "Permit: 25MFF-00015",
        "title": "Tacos: Burritos: Tortas: Quesadillas: Chips & Salsa & Various Beverages",
        "type": "Truck",
        "descriptio": "Status: APPROVED"
      }
    },
    {
      "type": "Feature",
      "geometry": {
        "type": "Point",
        "coordinates": [-122.41580788243, 37.77915911997]
      },
      "properties": {
        "name": "Street Meet",
        "artistlink": "http://bsm.sfdpw.org/PermitsTracker/reports/report.aspx?title=schedule&report=rptSchedule&params=permit=25MFF-00030&ExportPDF=1&Filename=25MFF-00030_schedule.pdf",
        "location": "LARKIN ST: GROVE ST to FULTON ST (100 - 199)",
        "accessibil": "Information not provided",
        "medium": "Truck",
        "requiredar": "Permit: 25MFF-00030",
        "title": "Burritos: Tacos: Quesadillas: Tortas: Carne Asada Fries and various drinks",
        "type": "Truck",
        "descriptio": "Status: APPROVED"
      }
    },
    {
      "type": "Feature",
      "geometry": {
        "type": "Point",
        "coordinates": [-122.42260358516, 37.78527194907]
      },
      "properties": {
        "name": "El Alambre",
        "artistlink": "http://bsm.sfdpw.org/PermitsTracker/reports/report.aspx?title=schedule&report=rptSchedule&params=permit=25MFF-00033&ExportPDF=1&Filename=25MFF-00033_schedule.pdf",
        "location": "FRANKLIN ST: MYRTLE ST to GEARY BLVD (1150 - 1199)",
        "accessibil": "Information not provided",
        "medium": "Truck",
        "requiredar": "Permit: 25MFF-00033",
        "title": "Tacos: Burritos: Quesadillas: Nachos Alambres: Choice of Meat: Carne Asada: Carnitas: Pollo: Al Pastor Camarones",
        "type": "Truck",
        "descriptio": "Status: APPROVED"
      }
    },
    {
      "type": "Feature",
      "geometry": {
        "type": "Point",
        "coordinates": [-122.40256717558, 37.79314862698]
      },
      "properties": {
        "name": "HalalCartSF LLC",
        "artistlink": "http://bsm.sfdpw.org/PermitsTracker/reports/report.aspx?title=schedule&report=rptSchedule&params=permit=25MFF-00048&ExportPDF=1&Filename=25MFF-00048_schedule.pdf",
        "location": "MONTGOMERY ST: CALIFORNIA ST to SACRAMENTO ST (400 - 499)",
        "accessibil": "Information not provided",
        "medium": "Push Cart",
        "requiredar": "Permit: 25MFF-00048",
        "title": "kebabs: halal gyro: grilled halal meat: refreshments",
        "type": "Push Cart",
        "descriptio": "Status: APPROVED"
      }
    },
    {
      "type": "Feature",
      "geometry": {
        "type": "Point",
        "coordinates": [-122.39486523862, 37.79387150715]
      },
      "properties": {
        "name": "HalalCartSF LLC",
        "artistlink": "http://bsm.sfdpw.org/PermitsTracker/reports/report.aspx?title=schedule&report=rptSchedule&params=permit=25MFF-00048&ExportPDF=1&Filename=25MFF-00048_schedule.pdf",
        "location": "MARKET ST: STEUART ST to SPEAR ST (1 - 99) -- SOUTH --",
        "accessibil": "Information not provided",
        "medium": "Push Cart",
        "requiredar": "Permit: 25MFF-00048",
        "title": "kebabs: halal gyro: grilled halal meat: refreshments",
        "type": "Push Cart",
        "descriptio": "Status: APPROVED"
      }
    },
    {
      "type": "Feature",
      "geometry": {
        "type": "Point",
        "coordinates": [-122.42248440416, 37.76785526935]
      },
      "properties": {
        "name": "Street Meet",
        "artistlink": "http://bsm.sfdpw.org/PermitsTracker/reports/report.aspx?title=schedule&report=rptSchedule&params=permit=25MFF-00032&ExportPDF=1&Filename=25MFF-00032_schedule.pdf",
        "location": "VALENCIA ST: 14TH ST to ROSA PARKS LN (300 - 337)",
        "accessibil": "Information not provided",
        "medium": "Truck",
        "requiredar": "Permit: 25MFF-00032",
        "title": "Burritos: Tacos: Tortas: Quesadillas & Various Drinks.",
        "type": "Truck",
        "descriptio": "Status: APPROVED"
      }
    },
    {
      "type": "Feature",
      "geometry": {
        "type": "Point",
        "coordinates": [-122.3912653506, 37.76381127729]
      },
      "properties": {
        "name": "Street Meet",
        "artistlink": "http://bsm.sfdpw.org/PermitsTracker/reports/report.aspx?title=schedule&report=rptSchedule&params=permit=25MFF-00031&ExportPDF=1&Filename=25MFF-00031_schedule.pdf",
        "location": "MINNESOTA ST: 04TH ST \\ MARIPOSA ST to 18TH ST (500 - 599)",
        "accessibil": "Information not provided",
        "medium": "Truck",
        "requiredar": "Permit: 25MFF-00031",
        "title": "Tacos: burritos: quesadillas: tortas: asada fries: nachos",
        "type": "Truck",
        "descriptio": "Status: APPROVED"
      }
    },
    {
      "type": "Feature",
      "geometry": {
        "type": "Point",
        "coordinates": [-122.41610489253, 37.76785244272]
      },
      "properties": {
        "name": "El Alambre",
        "artistlink": "http://bsm.sfdpw.org/PermitsTracker/reports/report.aspx?title=schedule&report=rptSchedule&params=permit=25MFF-00034&ExportPDF=1&Filename=25MFF-00034_schedule.pdf",
        "location": "SHOTWELL ST: 14TH ST to 15TH ST (1 - 99)",
        "accessibil": "Information not provided",
        "medium": "Truck",
        "requiredar": "Permit: 25MFF-00034",
        "title": "Tacos: Burritos: Quesadillas: Tortas",
        "type": "Truck",
        "descriptio": "Status: APPROVED"
      }
    },
    {
      "type": "Feature",
      "geometry": {
        "type": "Point",
        "coordinates": [-122.42256813314, 37.78484602776]
      },
      "properties": {
        "name": "El Alambre",
        "artistlink": "http://bsm.sfdpw.org/PermitsTracker/reports/report.aspx?title=schedule&report=rptSchedule&params=permit=25MFF-00033&ExportPDF=1&Filename=25MFF-00033_schedule.pdf",
        "location": "FRANKLIN ST: OFARRELL ST \\ STARR KING WAY to MYRTLE ST (1100 - 1149)",
        "accessibil": "Information not provided",
        "medium": "Truck",
        "requiredar": "Permit: 25MFF-00033",
        "title": "Tacos: Burritos: Quesadillas: Nachos Alambres: Choice of Meat: Carne Asada: Carnitas: Pollo: Al Pastor Camarones",
        "type": "Truck",
        "descriptio": "Status: APPROVED"
      }
    },
    {
      "type": "Feature",
      "geometry": {
        "type": "Point",
        "coordinates": [-122.41610489253, 37.76785244272]
      },
      "properties": {
        "name": "El Alambre",
        "artistlink": "http://bsm.sfdpw.org/PermitsTracker/reports/report.aspx?title=schedule&report=rptSchedule&params=permit=25MFF-00034&ExportPDF=1&Filename=25MFF-00034_schedule.pdf",
        "location": "14TH ST: FOLSOM ST to SHOTWELL ST (100 - 150)",
        "accessibil": "Information not provided",
        "medium": "Truck",
        "requiredar": "Permit: 25MFF-00034",
        "title": "Tacos: Burritos: Quesadillas: Tortas",
        "type": "Truck",
        "descriptio": "Status: APPROVED"
      }
    },
    {
      "type": "Feature",
      "geometry": {
        "type": "Point",
        "coordinates": [-122.3986335894, 37.79094704192]
      },
      "properties": {
        "name": "HalalCartSF LLC",
        "artistlink": "http://bsm.sfdpw.org/PermitsTracker/reports/report.aspx?title=schedule&report=rptSchedule&params=permit=25MFF-00050&ExportPDF=1&Filename=25MFF-00050_schedule.pdf",
        "location": "MARKET ST: FREMONT ST \\ FRONT ST to 01ST ST \\ BUSH ST (401 - 499) -- SOUTH --",
        "accessibil": "Information not provided",
        "medium": "Push Cart",
        "requiredar": "Permit: 25MFF-00050",
        "title": "Gyros: Kebabs: soft drinks: and water",
        "type": "Push Cart",
        "descriptio": "Status: APPROVED"
      }
    },
    {
      "type": "Feature",
      "geometry": {
        "type": "Point",
        "coordinates": [-122.39486523862, 37.79387150715]
      },
      "properties": {
        "name": "HalalCartSF LLC",
        "artistlink": "http://bsm.sfdpw.org/PermitsTracker/reports/report.aspx?title=schedule&report=rptSchedule&params=permit=25MFF-00049&ExportPDF=1&Filename=25MFF-00049_schedule.pdf",
        "location": "MARKET ST: STEUART ST to SPEAR ST (1 - 99) -- SOUTH --",
        "accessibil": "Information not provided",
        "medium": "Push Cart",
        "requiredar": "Permit: 25MFF-00049",
        "title": "Halal Gyro over Rice: Halal Chicken over Rice: Halal Gyro: and Chicken Sandwich",
        "type": "Push Cart",
        "descriptio": "Status: APPROVED"
      }
    },
    {
      "type": "Feature",
      "geometry": {
        "type": "Point",
        "coordinates": [-122.39179682108, 37.77632714779]
      },
      "properties": {
        "name": "Off the Grid Services, LLC",
        "artistlink": "http://bsm.sfdpw.org/PermitsTracker/reports/report.aspx?title=schedule&report=rptSchedule&params=permit=25MFF-00018&ExportPDF=1&Filename=25MFF-00018_schedule.pdf",
        "location": "BERRY ST: 03RD ST to 04TH ST (100 - 199)",
        "accessibil": "Information not provided",
        "medium": "Truck",
        "requiredar": "Permit: 25MFF-00018",
        "title": "everything except for hot dogs",
        "type": "Truck",
        "descriptio": "Status: APPROVED"
      }
    },
    {
      "type": "Feature",
      "geometry": {
        "type": "Point",
        "coordinates": [-122.39704413448, 37.77751326468]
      },
      "properties": {
        "name": "Off the Grid Services, LLC",
        "artistlink": "http://bsm.sfdpw.org/PermitsTracker/reports/report.aspx?title=schedule&report=rptSchedule&params=permit=25MFF-00019&ExportPDF=1&Filename=25MFF-00019_schedule.pdf",
        "location": "BRANNAN ST: 04TH ST to 05TH ST (500 - 599)",
        "accessibil": "Information not provided",
        "medium": "Truck",
        "requiredar": "Permit: 25MFF-00019",
        "title": "Everything",
        "type": "Truck",
        "descriptio": "Status: APPROVED"
      }
    },
    {
      "type": "Feature",
      "geometry": {
        "type": "Point",
        "coordinates": [-122.39961794866, 37.7992601135]
      },
      "properties": {
        "name": "Off the Grid Services, LLC",
        "artistlink": "http://bsm.sfdpw.org/PermitsTracker/reports/report.aspx?title=schedule&report=rptSchedule&params=permit=25MFF-00016&ExportPDF=1&Filename=25MFF-00016_schedule.pdf",
        "location": "BROADWAY: DAVIS ST to FRONT ST (50 - 99)",
        "accessibil": "Information not provided",
        "medium": "Truck",
        "requiredar": "Permit: 25MFF-00016",
        "title": "everything except for hot dogs",
        "type": "Truck",
        "descriptio": "Status: APPROVED"
      }
    },
    {
      "type": "Feature",
      "geometry": {
        "type": "Point",
        "coordinates": [-122.39322904154, 37.78126468602]
      },
      "properties": {
        "name": "Off the Grid Services, LLC",
        "artistlink": "http://bsm.sfdpw.org/PermitsTracker/reports/report.aspx?title=schedule&report=rptSchedule&params=permit=25MFF-00019&ExportPDF=1&Filename=25MFF-00019_schedule.pdf",
        "location": "BRANNAN ST: STANFORD ST to JACK LONDON ALY (324 - 353)",
        "accessibil": "Information not provided",
        "medium": "Truck",
        "requiredar": "Permit: 25MFF-00019",
        "title": "Everything",
        "type": "Truck",
        "descriptio": "Status: APPROVED"
      }
    },
    {
      "type": "Feature",
      "geometry": {
        "type": "Point",
        "coordinates": [-122.40661921345, 37.78137236765]
      },
      "properties": {
        "name": "Off the Grid Services, LLC",
        "artistlink": "http://bsm.sfdpw.org/PermitsTracker/reports/report.aspx?title=schedule&report=rptSchedule&params=permit=25MFF-00020&ExportPDF=1&Filename=25MFF-00020_schedule.pdf",
        "location": "MARY ST: MINNA ST to NATOMA ST (24 - 69)",
        "accessibil": "Information not provided",
        "medium": "Truck",
        "requiredar": "Permit: 25MFF-00020",
        "title": "Multiple Food Trucks & Food Types",
        "type": "Truck",
        "descriptio": "Status: APPROVED"
      }
    },
    {
      "type": "Feature",
      "geometry": {
        "type": "Point",
        "coordinates": [-122.39179682108, 37.77632714779]
      },
      "properties": {
        "name": "Off the Grid Services, LLC",
        "artistlink": "http://bsm.sfdpw.org/PermitsTracker/reports/report.aspx?title=schedule&report=rptSchedule&params=permit=25MFF-00017&ExportPDF=1&Filename=25MFF-00017_schedule.pdf",
        "location": "BERRY ST: 03RD ST to 04TH ST (100 - 199)",
        "accessibil": "Information not provided",
        "medium": "Truck",
        "requiredar": "Permit: 25MFF-00017",
        "title": "everything except for hot dogs",
        "type": "Truck",
        "descriptio": "Status: APPROVED"
      }
    },
    {
      "type": "Feature",
      "geometry": {
        "type": "Point",
        "coordinates": [-122.39961794866, 37.7992601135]
      },
      "properties": {
        "name": "Off the Grid Services, LLC",
        "artistlink": "http://bsm.sfdpw.org/PermitsTracker/reports/report.aspx?title=schedule&report=rptSchedule&params=permit=25MFF-00018&ExportPDF=1&Filename=25MFF-00018_schedule.pdf",
        "location": "BROADWAY: DAVIS ST to FRONT ST (50 - 99)",
        "accessibil": "Information not provided",
        "medium": "Truck",
        "requiredar": "Permit: 25MFF-00018",
        "title": "everything except for hot dogs",
        "type": "Truck",
        "descriptio": "Status: APPROVED"
      }
    },
    {
      "type": "Feature",
      "geometry": {
        "type": "Point",
        "coordinates": [-122.40209599456, 37.78236012102]
      },
      "properties": {
        "name": "Off the Grid Services, LLC",
        "artistlink": "http://bsm.sfdpw.org/PermitsTracker/reports/report.aspx?title=schedule&report=rptSchedule&params=permit=25MFF-00018&ExportPDF=1&Filename=25MFF-00018_schedule.pdf",
        "location": "04TH ST: HOWARD ST to CLEMENTINA ST (200 - 267)",
        "accessibil": "Information not provided",
        "medium": "Truck",
        "requiredar": "Permit: 25MFF-00018",
        "title": "everything except for hot dogs",
        "type": "Truck",
        "descriptio": "Status: APPROVED"
      }
    },
    {
      "type": "Feature",
      "geometry": {
        "type": "Point",
        "coordinates": [-122.40256717558, 37.79314862698]
      },
      "properties": {
        "name": "HalalCartSF LLC",
        "artistlink": "http://bsm.sfdpw.org/PermitsTracker/reports/report.aspx?title=schedule&report=rptSchedule&params=permit=25MFF-00049&ExportPDF=1&Filename=25MFF-00049_schedule.pdf",
        "location": "CALIFORNIA ST: LEIDESDORFF ST to MONTGOMERY ST (449 - 499)",
        "accessibil": "Information not provided",
        "medium": "Push Cart",
        "requiredar": "Permit: 25MFF-00049",
        "title": "Halal Gyro over Rice: Halal Chicken over Rice: Halal Gyro: and Chicken Sandwich",
        "type": "Push Cart",
        "descriptio": "Status: APPROVED"
      }
    },
    {
      "type": "Feature",
      "geometry": {
        "type": "Point",
        "coordinates": [-122.39459319923, 37.79253598843]
      },
      "properties": {
        "name": "Papalote Inc.",
        "artistlink": "http://bsm.sfdpw.org/PermitsTracker/reports/report.aspx?title=schedule&report=rptSchedule&params=permit=25MFF-00035&ExportPDF=1&Filename=25MFF-00035_schedule.pdf",
        "location": "SPEAR ST: MARKET ST to MISSION ST (1 - 99)",
        "accessibil": "Information not provided",
        "medium": "Truck",
        "requiredar": "Permit: 25MFF-00035",
        "title": "Mexican; Burritos: Burrito Bowls: Salads",
        "type": "Truck",
        "descriptio": "Status: APPROVED"
      }
    },
    {
      "type": "Feature",
      "geometry": {
        "type": "Point",
        "coordinates": [-122.39610066847, 37.787988649]
      },
      "properties": {
        "name": "Papalote Inc.",
        "artistlink": "http://bsm.sfdpw.org/PermitsTracker/reports/report.aspx?title=schedule&report=rptSchedule&params=permit=25MFF-00035&ExportPDF=1&Filename=25MFF-00035_schedule.pdf",
        "location": "01ST ST: HOWARD ST to TEHAMA ST (200 - 231)",
        "accessibil": "Information not provided",
        "medium": "Truck",
        "requiredar": "Permit: 25MFF-00035",
        "title": "Mexican; Burritos: Burrito Bowls: Salads",
        "type": "Truck",
        "descriptio": "Status: APPROVED"
      }
    },
    {
      "type": "Feature",
      "geometry": {
        "type": "Point",
        "coordinates": [-122.40238532279, 37.79234638515]
      },
      "properties": {
        "name": "Plaza Garibaldy",
        "artistlink": "http://bsm.sfdpw.org/PermitsTracker/reports/report.aspx?title=schedule&report=rptSchedule&params=permit=25MFF-00037&ExportPDF=1&Filename=25MFF-00037_schedule.pdf",
        "location": "CALIFORNIA ST: LEIDESDORFF ST to MONTGOMERY ST (449 - 499)",
        "accessibil": "Information not provided",
        "medium": "Truck",
        "requiredar": "Permit: 25MFF-00037",
        "title": "Tacos: burritos: quesadillas",
        "type": "Truck",
        "descriptio": "Status: APPROVED"
      }
    },
    {
      "type": "Feature",
      "geometry": {
        "type": "Point",
        "coordinates": [-122.39723654373, 37.78795495969]
      },
      "properties": {
        "name": "Plaza Garibaldy",
        "artistlink": "http://bsm.sfdpw.org/PermitsTracker/reports/report.aspx?title=schedule&report=rptSchedule&params=permit=25MFF-00036&ExportPDF=1&Filename=25MFF-00036_schedule.pdf",
        "location": "HOWARD ST: 01ST ST to MALDEN ALY (500 - 589)",
        "accessibil": "Information not provided",
        "medium": "Truck",
        "requiredar": "Permit: 25MFF-00036",
        "title": "Tacos: burritos: quesadillas",
        "type": "Truck",
        "descriptio": "Status: APPROVED"
      }
    },
    {
      "type": "Feature",
      "geometry": {
        "type": "Point",
        "coordinates": [-122.40241859729, 37.78924953408]
      },
      "properties": {
        "name": "Plaza Garibaldy",
        "artistlink": "http://bsm.sfdpw.org/PermitsTracker/reports/report.aspx?title=schedule&report=rptSchedule&params=permit=25MFF-00036&ExportPDF=1&Filename=25MFF-00036_schedule.pdf",
        "location": "MONTGOMERY ST: POST ST to SUTTER ST (1 - 99)",
        "accessibil": "Information not provided",
        "medium": "Truck",
        "requiredar": "Permit: 25MFF-00036",
        "title": "Tacos: burritos: quesadillas",
        "type": "Truck",
        "descriptio": "Status: APPROVED"
      }
    },
    {
      "type": "Feature",
      "geometry": {
        "type": "Point",
        "coordinates": [-122.40661576107, 37.78546974649]
      },
      "properties": {
        "name": "The New York Frankfurter Co. of CA, Inc. DBA: Annie's Hot Dogs",
        "artistlink": "http://bsm.sfdpw.org/PermitsTracker/reports/report.aspx?title=schedule&report=rptSchedule&params=permit=25MFF-00038&ExportPDF=1&Filename=25MFF-00038_schedule.pdf",
        "location": "STOCKTON ST: 04TH ST \\ ELLIS ST \\ MARKET ST intersection",
        "accessibil": "Information not provided",
        "medium": "Push Cart",
        "requiredar": "Permit: 25MFF-00038",
        "title": "Soft pretzels: hot dogs: sausages: chips: popcorn: sodea: coffee: espresso: cappucino: pastries: ice cream: Italian sausages: shish-ka-bob: churros: juice: water: various drinks.",
        "type": "Push Cart",
        "descriptio": "Status: APPROVED"
      }
    },
    {
      "type": "Feature",
      "geometry": {
        "type": "Point",
        "coordinates": [-122.40742266828, 37.78511092045]
      },
      "properties": {
        "name": "The New York Frankfurter Co. of CA, Inc. DBA: Annie's Hot Dogs",
        "artistlink": "http://bsm.sfdpw.org/PermitsTracker/reports/report.aspx?title=schedule&report=rptSchedule&params=permit=25MFF-00039&ExportPDF=1&Filename=25MFF-00039_schedule.pdf",
        "location": "MARKET ST: 04TH ST \\ ELLIS ST \\ STOCKTON ST to POWELL ST (800 - 890) -- NORTH --",
        "accessibil": "Information not provided",
        "medium": "Push Cart",
        "requiredar": "Permit: 25MFF-00039",
        "title": "Soft pretzels: hot dogs: sausages: chips: popcorn: soda: espresso: cappucino: pastry: ica cream: ices: italian sausage: shish-ka-bob: churros: juice: water: various drinks",
        "type": "Push Cart",
        "descriptio": "Status: APPROVED"
      }
    },
    {
      "type": "Feature",
      "geometry": {
        "type": "Point",
        "coordinates": [-122.406891893, 37.78685611188]
      },
      "properties": {
        "name": "The New York Frankfurter Co. of CA, Inc. DBA: Annie's Hot Dogs",
        "artistlink": "http://bsm.sfdpw.org/PermitsTracker/reports/report.aspx?title=schedule&report=rptSchedule&params=permit=25MFF-00040&ExportPDF=1&Filename=25MFF-00040_schedule.pdf",
        "location": "STOCKTON ST: OFARRELL ST to GEARY ST (100 - 199)",
        "accessibil": "Information not provided",
        "medium": "Push Cart",
        "requiredar": "Permit: 25MFF-00040",
        "title": "Soft Pretzels: hot dogs: sausage: chips: popcorn: soda: espresso: cappucino: pastries: ice cream: italian sausages: shish-ka-bob: churros: juice: water: various drinks",
        "type": "Push Cart",
        "descriptio": "Status: APPROVED"
      }
    },
    {
      "type": "Feature",
      "geometry": {
        "type": "Point",
        "coordinates": [-122.41746613187, 37.77522830783]
      },
      "properties": {
        "name": "Bay Area Mobile Catering, Inc. dba. Taqueria Angelica's",
        "artistlink": "http://bsm.sfdpw.org/PermitsTracker/reports/report.aspx?title=schedule&report=rptSchedule&params=permit=25MFF-00042&ExportPDF=1&Filename=25MFF-00042_schedule.pdf",
        "location": "MISSION ST: 10TH ST to 11TH ST (1400 - 1499)",
        "accessibil": "Information not provided",
        "medium": "Truck",
        "requiredar": "Permit: 25MFF-00042",
        "title": "Tacos: burritos: soda & juice",
        "type": "Truck",
        "descriptio": "Status: APPROVED"
      }
    },
    {
      "type": "Feature",
      "geometry": {
        "type": "Point",
        "coordinates": [-122.39610066847, 37.787988649]
      },
      "properties": {
        "name": "Truly Food & More",
        "artistlink": "http://bsm.sfdpw.org/PermitsTracker/reports/report.aspx?title=schedule&report=rptSchedule&params=permit=25MFF-00021&ExportPDF=1&Filename=25MFF-00021_schedule.pdf",
        "location": "01ST ST: HOWARD ST to TEHAMA ST (200 - 231)",
        "accessibil": "Information not provided",
        "medium": "Truck",
        "requiredar": "Permit: 25MFF-00021",
        "title": "Latin Food: Tacos: Pupusas: Vegetables: Salad: Waters: Sodas",
        "type": "Truck",
        "descriptio": "Status: APPROVED"
      }
    },
    {
      "type": "Feature",
      "geometry": {
        "type": "Point",
        "coordinates": [-122.40126969524, 37.79238986198]
      },
      "properties": {
        "name": "Truly Food & More",
        "artistlink": "http://bsm.sfdpw.org/PermitsTracker/reports/report.aspx?title=schedule&report=rptSchedule&params=permit=25MFF-00021&ExportPDF=1&Filename=25MFF-00021_schedule.pdf",
        "location": "SANSOME ST: PINE ST to CALIFORNIA ST (200 - 299)",
        "accessibil": "Information not provided",
        "medium": "Truck",
        "requiredar": "Permit: 25MFF-00021",
        "title": "Latin Food: Tacos: Pupusas: Vegetables: Salad: Waters: Sodas",
        "type": "Truck",
        "descriptio": "Status: APPROVED"
      }
    },
    {
      "type": "Feature",
      "geometry": {
        "type": "Point",
        "coordinates": [-122.43971598583, 37.80054784795]
      },
      "properties": {
        "name": "Eggstasy LLC",
        "artistlink": "http://bsm.sfdpw.org/PermitsTracker/reports/report.aspx?title=schedule&report=rptSchedule&params=permit=24MFF-00018&ExportPDF=1&Filename=24MFF-00018_schedule.pdf",
        "location": "CHESTNUT ST: PIERCE ST to AVILA ST (2200 - 2249)",
        "accessibil": "Information not provided",
        "medium": "Truck",
        "requiredar": "Permit: 24MFF-00018",
        "title": "Breakfast Sandwiches (i.e. Bacon Egg and Cheese).",
        "type": "Truck",
        "descriptio": "Status: REQUESTED"
      }
    },
    {
      "type": "Feature",
      "geometry": {
        "type": "Point",
        "coordinates": [-122.40018504989, 37.78797328322]
      },
      "properties": {
        "name": "Truly Food & More",
        "artistlink": "http://bsm.sfdpw.org/PermitsTracker/reports/report.aspx?title=schedule&report=rptSchedule&params=permit=25MFF-00021&ExportPDF=1&Filename=25MFF-00021_schedule.pdf",
        "location": "MISSION ST: 02ND ST to NEW MONTGOMERY ST (600 - 634)",
        "accessibil": "Information not provided",
        "medium": "Truck",
        "requiredar": "Permit: 25MFF-00021",
        "title": "Latin Food: Tacos: Pupusas: Vegetables: Salad: Waters: Sodas",
        "type": "Truck",
        "descriptio": "Status: APPROVED"
      }
    },
    {
      "type": "Feature",
      "geometry": {
        "type": "Point",
        "coordinates": [-122.4067360299, 37.73872680399]
      },
      "properties": {
        "name": "La Jefa",
        "artistlink": "http://bsm.sfdpw.org/PermitsTracker/reports/report.aspx?title=schedule&report=rptSchedule&params=permit=25MFF-00022&ExportPDF=1&Filename=25MFF-00022_schedule.pdf",
        "location": "BAY SHORE BLVD: WATERLOO ST to MARENGO ST (501 - 559) -- EAST --",
        "accessibil": "Information not provided",
        "medium": "Truck",
        "requiredar": "Permit: 25MFF-00022",
        "title": "Tacos: burritos: quesadillas: tortas: nachos (refried beans: cheese sauce: salsa fresca): carnes (beef: chicken: marinated pork: fried pork): canned beans: rice: sodas: horchata drinks.",
        "type": "Truck",
        "descriptio": "Status: APPROVED"
      }
    },
    {
      "type": "Feature",
      "geometry": {
        "type": "Point",
        "coordinates": [-122.40238532279, 37.79234638515]
      },
      "properties": {
        "name": "Zuri Food Facilities",
        "artistlink": "http://bsm.sfdpw.org/PermitsTracker/reports/report.aspx?title=schedule&report=rptSchedule&params=permit=23MFF-00036&ExportPDF=1&Filename=23MFF-00036_schedule.pdf",
        "location": "CALIFORNIA ST: LEIDESDORFF ST to MONTGOMERY ST (449 - 499)",
        "accessibil": "Information not provided",
        "medium": "Truck",
        "requiredar": "Permit: 23MFF-00036",
        "title": "Peruvian Food Served Hot",
        "type": "Truck",
        "descriptio": "Status: EXPIRED"
      }
    },
    {
      "type": "Feature",
      "geometry": {
        "type": "Point",
        "coordinates": [-122.42057533514, 37.76781718141]
      },
      "properties": {
        "name": "CARDONA'S FOOD TRUCK",
        "artistlink": "http://bsm.sfdpw.org/PermitsTracker/reports/report.aspx?title=schedule&report=rptSchedule&params=permit=25MFF-00023&ExportPDF=1&Filename=25MFF-00023_schedule.pdf",
        "location": "MISSION ST: 14TH ST to 15TH ST (1800 - 1899)",
        "accessibil": "Information not provided",
        "medium": "Truck",
        "requiredar": "Permit: 25MFF-00023",
        "title": "Tacos: Burritos: Quesadillas: Various Drinks",
        "type": "Truck",
        "descriptio": "Status: APPROVED"
      }
    },
    {
      "type": "Feature",
      "geometry": {
        "type": "Point",
        "coordinates": [-122.42032247307, 37.76689760256]
      },
      "properties": {
        "name": "CARDONA'S FOOD TRUCK",
        "artistlink": "http://bsm.sfdpw.org/PermitsTracker/reports/report.aspx?title=schedule&report=rptSchedule&params=permit=25MFF-00023&ExportPDF=1&Filename=25MFF-00023_schedule.pdf",
        "location": "MISSION ST: 14TH ST to 15TH ST (1800 - 1899)",
        "accessibil": "Information not provided",
        "medium": "Truck",
        "requiredar": "Permit: 25MFF-00023",
        "title": "Tacos: Burritos: Quesadillas: Various Drinks",
        "type": "Truck",
        "descriptio": "Status: APPROVED"
      }
    },
    {
      "type": "Feature",
      "geometry": {
        "type": "Point",
        "coordinates": [-122.38927699608, 37.76150220397]
      },
      "properties": {
        "name": "Brazuca Grill",
        "artistlink": "http://bsm.sfdpw.org/PermitsTracker/reports/report.aspx?title=schedule&report=rptSchedule&params=permit=25MFF-00025&ExportPDF=1&Filename=25MFF-00025_schedule.pdf",
        "location": "TENNESSEE ST: 19TH ST to 20TH ST (800 - 899)",
        "accessibil": "Information not provided",
        "medium": "Truck",
        "requiredar": "Permit: 25MFF-00025",
        "title": "Cold Truck: Sandwiches: Noodles: Pre-packaged Snacks: Candy: Desserts Various Beverages",
        "type": "Truck",
        "descriptio": "Status: APPROVED"
      }
    },
    {
      "type": "Feature",
      "geometry": {
        "type": "Point",
        "coordinates": [-122.39963625164, 37.7272121739]
      },
      "properties": {
        "name": "Brazuca Grill",
        "artistlink": "http://bsm.sfdpw.org/PermitsTracker/reports/report.aspx?title=schedule&report=rptSchedule&params=permit=25MFF-00025&ExportPDF=1&Filename=25MFF-00025_schedule.pdf",
        "location": "NEWHALL ST: BITTING AVE to EGBERT AVE (2660 - 2899)",
        "accessibil": "Information not provided",
        "medium": "Truck",
        "requiredar": "Permit: 25MFF-00025",
        "title": "Cold Truck: Sandwiches: Noodles: Pre-packaged Snacks: Candy: Desserts Various Beverages",
        "type": "Truck",
        "descriptio": "Status: APPROVED"
      }
    },
    {
      "type": "Feature",
      "geometry": {
        "type": "Point",
        "coordinates": [-122.39248148768, 37.74574924062]
      },
      "properties": {
        "name": "Buenafe",
        "artistlink": "http://bsm.sfdpw.org/PermitsTracker/reports/report.aspx?title=schedule&report=rptSchedule&params=permit=25MFF-00044&ExportPDF=1&Filename=25MFF-00044_schedule.pdf",
        "location": "RANKIN ST: DAVIDSON AVE to EVANS AVE (200 - 299)",
        "accessibil": "Information not provided",
        "medium": "Truck",
        "requiredar": "Permit: 25MFF-00044",
        "title": "Tacos: Burritos: Quesadillas: Tortas",
        "type": "Truck",
        "descriptio": "Status: APPROVED"
      }
    },
    {
      "type": "Feature",
      "geometry": {
        "type": "Point",
        "coordinates": [-122.39547306227, 37.76612469443]
      },
      "properties": {
        "name": "Buenafe",
        "artistlink": "http://bsm.sfdpw.org/PermitsTracker/reports/report.aspx?title=schedule&report=rptSchedule&params=permit=25MFF-00043&ExportPDF=1&Filename=25MFF-00043_schedule.pdf",
        "location": "MISSISSIPPI ST: 07TH ST \\ 16TH ST to 17TH ST (1 - 99)",
        "accessibil": "Information not provided",
        "medium": "Truck",
        "requiredar": "Permit: 25MFF-00043",
        "title": "Tacos burritos quesadillas tortas pupusas flautas tamales",
        "type": "Truck",
        "descriptio": "Status: APPROVED"
      }
    },
    {
      "type": "Feature",
      "geometry": {
        "type": "Point",
        "coordinates": [-122.3930149867, 37.73944545287]
      },
      "properties": {
        "name": "Buenafe",
        "artistlink": "http://bsm.sfdpw.org/PermitsTracker/reports/report.aspx?title=schedule&report=rptSchedule&params=permit=25MFF-00044&ExportPDF=1&Filename=25MFF-00044_schedule.pdf",
        "location": "EVANS AVE: PHELPS ST to QUINT ST (1600 - 1699)",
        "accessibil": "Information not provided",
        "medium": "Truck",
        "requiredar": "Permit: 25MFF-00044",
        "title": "Tacos: Burritos: Quesadillas: Tortas",
        "type": "Truck",
        "descriptio": "Status: APPROVED"
      }
    },
    {
      "type": "Feature",
      "geometry": {
        "type": "Point",
        "coordinates": [-122.45937730955, 37.72429777853]
      },
      "properties": {
        "name": "San Pancho's Tacos",
        "artistlink": "http://bsm.sfdpw.org/PermitsTracker/reports/report.aspx?title=schedule&report=rptSchedule&params=permit=26MFF-00002&ExportPDF=1&Filename=26MFF-00002_schedule.pdf",
        "location": "CAPITOL AVE: DE MONTFORT AVE to OCEAN AVE (1200 - 1299)",
        "accessibil": "Information not provided",
        "medium": "Truck",
        "requiredar": "Permit: 26MFF-00002",
        "title": "Tacos: Burritos: Quesadillas: Tortas: Nachos: Hot Dogs:Soda: Water: Fruit Drinks",
        "type": "Truck",
        "descriptio": "Status: APPROVED"
      }
    },
    {
      "type": "Feature",
      "geometry": {
        "type": "Point",
        "coordinates": [0.0, 0.0]
      },
      "properties": {
        "name": "San Pancho's Tacos",
        "artistlink": "http://bsm.sfdpw.org/PermitsTracker/reports/report.aspx?title=schedule&report=rptSchedule&params=permit=26MFF-00002&ExportPDF=1&Filename=26MFF-00002_schedule.pdf",
        "location": "BAY SHORE BLVD: CORTLAND AVE to WATERLOO ST (491 - 499) -- EAST --",
        "accessibil": "Information not provided",
        "medium": "Truck",
        "requiredar": "Permit: 26MFF-00002",
        "title": "Tacos: Burritos: Quesadillas: Tortas: Nachos: Hot Dogs:Soda: Water: Fruit Drinks",
        "type": "Truck",
        "descriptio": "Status: APPROVED"
      }
    },
    {
      "type": "Feature",
      "geometry": {
        "type": "Point",
        "coordinates": [-122.49252124499, 37.72188970871]
      },
      "properties": {
        "name": "Casita Vegana",
        "artistlink": "http://bsm.sfdpw.org/PermitsTracker/reports/report.aspx?title=schedule&report=rptSchedule&params=permit=26MFF-00001&ExportPDF=1&Filename=26MFF-00001_schedule.pdf",
        "location": "JOHN MUIR DR: LAKE MERCED BLVD to SKYLINE BLVD (200 - 699)",
        "accessibil": "Information not provided",
        "medium": "Truck",
        "requiredar": "Permit: 26MFF-00001",
        "title": "Coffee: Vegan Pastries: Vegan Hot Dogs: Vegan Tamales: Te: Vegan Shakes",
        "type": "Truck",
        "descriptio": "Status: APPROVED"
      }
    },
    {
      "type": "Feature",
      "geometry": {
        "type": "Point",
        "coordinates": [-122.45522190613, 37.71019301998]
      },
      "properties": {
        "name": "San Pancho's Tacos",
        "artistlink": "http://bsm.sfdpw.org/PermitsTracker/reports/report.aspx?title=schedule&report=rptSchedule&params=permit=26MFF-00002&ExportPDF=1&Filename=26MFF-00002_schedule.pdf",
        "location": "ALEMANY BLVD: SICKLES AVE to I-280 N ON RAMP \\ REGENT ST \\ SAN JOSE AVE (3101 - 3155) -- SOUTH --",
        "accessibil": "Information not provided",
        "medium": "Truck",
        "requiredar": "Permit: 26MFF-00002",
        "title": "Tacos: Burritos: Quesadillas: Tortas: Nachos: Hot Dogs:Soda: Water: Fruit Drinks",
        "type": "Truck",
        "descriptio": "Status: APPROVED"
      }
    },
    {
      "type": "Feature",
      "geometry": {
        "type": "Point",
        "coordinates": [-122.41383386599, 37.75277537695]
      },
      "properties": {
        "name": "DELICIOSOS TACOS DE CANASTS",
        "artistlink": "http://bsm.sfdpw.org/PermitsTracker/reports/report.aspx?title=schedule&report=rptSchedule&params=permit=24MFF-00019&ExportPDF=1&Filename=24MFF-00019_schedule.pdf",
        "location": "FOLSOM ST: 23RD ST to 24TH ST (2700 - 2799)",
        "accessibil": "Information not provided",
        "medium": "Push Cart",
        "requiredar": "Permit: 24MFF-00019",
        "title": "Tacos and more",
        "type": "Push Cart",
        "descriptio": "Status: REQUESTED"
      }
    },
    {
      "type": "Feature",
      "geometry": {
        "type": "Point",
        "coordinates": [-122.39480782318, 37.77775521657]
      },
      "properties": {
        "name": "Cochinita",
        "artistlink": "http://bsm.sfdpw.org/PermitsTracker/reports/report.aspx?title=schedule&report=rptSchedule&params=permit=22MFF-00021&ExportPDF=1&Filename=22MFF-00021_schedule.pdf",
        "location": "TOWNSEND ST: LUSK ST to 04TH ST (252 - 299)",
        "accessibil": "Information not provided",
        "medium": "Truck",
        "requiredar": "Permit: 22MFF-00021",
        "title": "Mexican Food: Yucatan Food: Street Food",
        "type": "Truck",
        "descriptio": "Status: EXPIRED"
      }
    },
    {
      "type": "Feature",
      "geometry": {
        "type": "Point",
        "coordinates": [-122.41277448985, 37.77249681878]
      },
      "properties": {
        "name": "Plaza Garibaldy",
        "artistlink": "http://bsm.sfdpw.org/PermitsTracker/reports/report.aspx?title=schedule&report=rptSchedule&params=permit=25MFF-00005&ExportPDF=1&Filename=25MFF-00005_schedule.pdf",
        "location": "FOLSOM ST: 10TH ST to JUNIPER ST (1400 - 1448)",
        "accessibil": "Information not provided",
        "medium": "Truck",
        "requiredar": "Permit: 25MFF-00005",
        "title": "Information not provided",
        "type": "Truck",
        "descriptio": "Status: REQUESTED"
      }
    },
    {
      "type": "Feature",
      "geometry": {
        "type": "Point",
        "coordinates": [-122.38453073422, 37.75503072677]
      },
      "properties": {
        "name": "BH & MT LLC",
        "artistlink": "http://bsm.sfdpw.org/PermitsTracker/reports/report.aspx?title=schedule&report=rptSchedule&params=permit=22MFF-00059&ExportPDF=1&Filename=22MFF-00059_schedule.pdf",
        "location": "Information not provided",
        "accessibil": "Information not provided",
        "medium": "Truck",
        "requiredar": "Permit: 22MFF-00059",
        "title": "Cold Truck: Breakfast: Sandwiches: Salads: Pre-Packaged Snacks: Beverages",
        "type": "Truck",
        "descriptio": "Status: EXPIRED"
      }
    },
    {
      "type": "Feature",
      "geometry": {
        "type": "Point",
        "coordinates": [-122.41724962664, 37.77582551976]
      },
      "properties": {
        "name": "Brazuca Grill",
        "artistlink": "http://bsm.sfdpw.org/PermitsTracker/reports/report.aspx?title=schedule&report=rptSchedule&params=permit=25MFF-00025&ExportPDF=1&Filename=25MFF-00025_schedule.pdf",
        "location": "MARKET ST: 10TH ST \\ FELL ST \\ POLK ST to 11TH ST (1401 - 1455) -- SOUTH --",
        "accessibil": "Information not provided",
        "medium": "Truck",
        "requiredar": "Permit: 25MFF-00025",
        "title": "Cold Truck: Sandwiches: Noodles: Pre-packaged Snacks: Candy: Desserts Various Beverages",
        "type": "Truck",
        "descriptio": "Status: APPROVED"
      }
    },
    {
      "type": "Feature",
      "geometry": {
        "type": "Point",
        "coordinates": [-122.3900276155, 37.75084960681]
      },
      "properties": {
        "name": "Brazuca Grill",
        "artistlink": "http://bsm.sfdpw.org/PermitsTracker/reports/report.aspx?title=schedule&report=rptSchedule&params=permit=25MFF-00025&ExportPDF=1&Filename=25MFF-00025_schedule.pdf",
        "location": "INDIANA ST: 26TH ST to CESAR CHAVEZ ST (1500 - 1599)",
        "accessibil": "Information not provided",
        "medium": "Truck",
        "requiredar": "Permit: 25MFF-00025",
        "title": "Cold Truck: Sandwiches: Noodles: Pre-packaged Snacks: Candy: Desserts Various Beverages",
        "type": "Truck",
        "descriptio": "Status: APPROVED"
      }
    },
    {
      "type": "Feature",
      "geometry": {
        "type": "Point",
        "coordinates": [-122.41519315391, 37.74793093611]
      },
      "properties": {
        "name": "Brazuca Grill",
        "artistlink": "http://bsm.sfdpw.org/PermitsTracker/reports/report.aspx?title=schedule&report=rptSchedule&params=permit=25MFF-00025&ExportPDF=1&Filename=25MFF-00025_schedule.pdf",
        "location": "SHOTWELL ST: 15TH ST to 16TH ST (100 - 199)",
        "accessibil": "Information not provided",
        "medium": "Truck",
        "requiredar": "Permit: 25MFF-00025",
        "title": "Cold Truck: Sandwiches: Noodles: Pre-packaged Snacks: Candy: Desserts Various Beverages",
        "type": "Truck",
        "descriptio": "Status: APPROVED"
      }
    },
    {
      "type": "Feature",
      "geometry": {
        "type": "Point",
        "coordinates": [-122.3930459208, 37.75336082946]
      },
      "properties": {
        "name": "Brazuca Grill",
        "artistlink": "http://bsm.sfdpw.org/PermitsTracker/reports/report.aspx?title=schedule&report=rptSchedule&params=permit=25MFF-00025&ExportPDF=1&Filename=25MFF-00025_schedule.pdf",
        "location": "PENNSYLVANIA AVE: I-280 S OFF RAMP to 25TH ST (1050 - 1099)",
        "accessibil": "Information not provided",
        "medium": "Truck",
        "requiredar": "Permit: 25MFF-00025",
        "title": "Cold Truck: Sandwiches: Noodles: Pre-packaged Snacks: Candy: Desserts Various Beverages",
        "type": "Truck",
        "descriptio": "Status: APPROVED"
      }
    },
    {
      "type": "Feature",
      "geometry": {
        "type": "Point",
        "coordinates": [-122.39167189068, 37.75803739349]
      },
      "properties": {
        "name": "Brazuca Grill",
        "artistlink": "http://bsm.sfdpw.org/PermitsTracker/reports/report.aspx?title=schedule&report=rptSchedule&params=permit=25MFF-00025&ExportPDF=1&Filename=25MFF-00025_schedule.pdf",
        "location": "INDIANA ST: 20TH ST to 22ND ST (800 - 999)",
        "accessibil": "Information not provided",
        "medium": "Truck",
        "requiredar": "Permit: 25MFF-00025",
        "title": "Cold Truck: Sandwiches: Noodles: Pre-packaged Snacks: Candy: Desserts Various Beverages",
        "type": "Truck",
        "descriptio": "Status: APPROVED"
      }
    },
    {
      "type": "Feature",
      "geometry": {
        "type": "Point",
        "coordinates": [-122.38989436694, 37.75126940588]
      },
      "properties": {
        "name": "Brazuca Grill",
        "artistlink": "http://bsm.sfdpw.org/PermitsTracker/reports/report.aspx?title=schedule&report=rptSchedule&params=permit=25MFF-00025&ExportPDF=1&Filename=25MFF-00025_schedule.pdf",
        "location": "26TH ST: MINNESOTA ST to INDIANA ST (1000 - 1099)",
        "accessibil": "Information not provided",
        "medium": "Truck",
        "requiredar": "Permit: 25MFF-00025",
        "title": "Cold Truck: Sandwiches: Noodles: Pre-packaged Snacks: Candy: Desserts Various Beverages",
        "type": "Truck",
        "descriptio": "Status: APPROVED"
      }
    },
    {
      "type": "Feature",
      "geometry": {
        "type": "Point",
        "coordinates": [-122.39095839869, 37.75878616231]
      },
      "properties": {
        "name": "Brazuca Grill",
        "artistlink": "http://bsm.sfdpw.org/PermitsTracker/reports/report.aspx?title=schedule&report=rptSchedule&params=permit=25MFF-00025&ExportPDF=1&Filename=25MFF-00025_schedule.pdf",
        "location": "INDIANA ST: 20TH ST to 22ND ST (800 - 999)",
        "accessibil": "Information not provided",
        "medium": "Truck",
        "requiredar": "Permit: 25MFF-00025",
        "title": "Cold Truck: Sandwiches: Noodles: Pre-packaged Snacks: Candy: Desserts Various Beverages",
        "type": "Truck",
        "descriptio": "Status: APPROVED"
      }
    },
    {
      "type": "Feature",
      "geometry": {
        "type": "Point",
        "coordinates": [-122.37779736896, 37.74383117213]
      },
      "properties": {
        "name": "Brazuca Grill",
        "artistlink": "http://bsm.sfdpw.org/PermitsTracker/reports/report.aspx?title=schedule&report=rptSchedule&params=permit=25MFF-00025&ExportPDF=1&Filename=25MFF-00025_schedule.pdf",
        "location": "03RD ST: MARIN ST to ARTHUR AVE \\ CARGO WAY (3201 - 3399) -- EAST --",
        "accessibil": "Information not provided",
        "medium": "Truck",
        "requiredar": "Permit: 25MFF-00025",
        "title": "Cold Truck: Sandwiches: Noodles: Pre-packaged Snacks: Candy: Desserts Various Beverages",
        "type": "Truck",
        "descriptio": "Status: APPROVED"
      }
    },
    {
      "type": "Feature",
      "geometry": {
        "type": "Point",
        "coordinates": [-122.39354961054, 37.75692365373]
      },
      "properties": {
        "name": "Brazuca Grill",
        "artistlink": "http://bsm.sfdpw.org/PermitsTracker/reports/report.aspx?title=schedule&report=rptSchedule&params=permit=25MFF-00025&ExportPDF=1&Filename=25MFF-00025_schedule.pdf",
        "location": "PENNSYLVANIA AVE: 22ND ST to 23RD ST (700 - 899)",
        "accessibil": "Information not provided",
        "medium": "Truck",
        "requiredar": "Permit: 25MFF-00025",
        "title": "Cold Truck: Sandwiches: Noodles: Pre-packaged Snacks: Candy: Desserts Various Beverages",
        "type": "Truck",
        "descriptio": "Status: APPROVED"
      }
    },
    {
      "type": "Feature",
      "geometry": {
        "type": "Point",
        "coordinates": [-122.38848230681, 37.76329905604]
      },
      "properties": {
        "name": "Brazuca Grill",
        "artistlink": "http://bsm.sfdpw.org/PermitsTracker/reports/report.aspx?title=schedule&report=rptSchedule&params=permit=25MFF-00025&ExportPDF=1&Filename=25MFF-00025_schedule.pdf",
        "location": "03RD ST: MARIPOSA ST to 18TH ST (2001 - 2099) -- EAST --",
        "accessibil": "Information not provided",
        "medium": "Truck",
        "requiredar": "Permit: 25MFF-00025",
        "title": "Cold Truck: Sandwiches: Noodles: Pre-packaged Snacks: Candy: Desserts Various Beverages",
        "type": "Truck",
        "descriptio": "Status: APPROVED"
      }
    },
    {
      "type": "Feature",
      "geometry": {
        "type": "Point",
        "coordinates": [-122.39014439399, 37.76405208992]
      },
      "properties": {
        "name": "Brazuca Grill",
        "artistlink": "http://bsm.sfdpw.org/PermitsTracker/reports/report.aspx?title=schedule&report=rptSchedule&params=permit=25MFF-00025&ExportPDF=1&Filename=25MFF-00025_schedule.pdf",
        "location": "MARIPOSA ST: TENNESSEE ST to 04TH ST \\ MINNESOTA ST (600 - 699)",
        "accessibil": "Information not provided",
        "medium": "Truck",
        "requiredar": "Permit: 25MFF-00025",
        "title": "Cold Truck: Sandwiches: Noodles: Pre-packaged Snacks: Candy: Desserts Various Beverages",
        "type": "Truck",
        "descriptio": "Status: APPROVED"
      }
    },
    {
      "type": "Feature",
      "geometry": {
        "type": "Point",
        "coordinates": [-122.3891338574, 37.76365980135]
      },
      "properties": {
        "name": "Brazuca Grill",
        "artistlink": "http://bsm.sfdpw.org/PermitsTracker/reports/report.aspx?title=schedule&report=rptSchedule&params=permit=25MFF-00025&ExportPDF=1&Filename=25MFF-00025_schedule.pdf",
        "location": "03RD ST: MARIPOSA ST to 18TH ST (2000 - 2098) -- WEST --",
        "accessibil": "Information not provided",
        "medium": "Truck",
        "requiredar": "Permit: 25MFF-00025",
        "title": "Cold Truck: Sandwiches: Noodles: Pre-packaged Snacks: Candy: Desserts Various Beverages",
        "type": "Truck",
        "descriptio": "Status: APPROVED"
      }
    },
    {
      "type": "Feature",
      "geometry": {
        "type": "Point",
        "coordinates": [-122.3900591014, 37.72357685649]
      },
      "properties": {
        "name": "Brazuca Grill",
        "artistlink": "http://bsm.sfdpw.org/PermitsTracker/reports/report.aspx?title=schedule&report=rptSchedule&params=permit=25MFF-00025&ExportPDF=1&Filename=25MFF-00025_schedule.pdf",
        "location": "CARROLL AVE: INGALLS ST to JENNINGS ST (1400 - 1499)",
        "accessibil": "Information not provided",
        "medium": "Truck",
        "requiredar": "Permit: 25MFF-00025",
        "title": "Cold Truck: Sandwiches: Noodles: Pre-packaged Snacks: Candy: Desserts Various Beverages",
        "type": "Truck",
        "descriptio": "Status: APPROVED"
      }
    },
    {
      "type": "Feature",
      "geometry": {
        "type": "Point",
        "coordinates": [-122.39590345491, 37.72397990389]
      },
      "properties": {
        "name": "Brazuca Grill",
        "artistlink": "http://bsm.sfdpw.org/PermitsTracker/reports/report.aspx?title=schedule&report=rptSchedule&params=permit=25MFF-00025&ExportPDF=1&Filename=25MFF-00025_schedule.pdf",
        "location": "03RD ST: EGBERT AVE to FITZGERALD AVE (6000 - 6170) -- WEST --",
        "accessibil": "Information not provided",
        "medium": "Truck",
        "requiredar": "Permit: 25MFF-00025",
        "title": "Cold Truck: Sandwiches: Noodles: Pre-packaged Snacks: Candy: Desserts Various Beverages",
        "type": "Truck",
        "descriptio": "Status: APPROVED"
      }
    },
    {
      "type": "Feature",
      "geometry": {
        "type": "Point",
        "coordinates": [-122.37779736896, 37.74383117213]
      },
      "properties": {
        "name": "Quan Catering",
        "artistlink": "http://bsm.sfdpw.org/PermitsTracker/reports/report.aspx?title=schedule&report=rptSchedule&params=permit=19MFF-00055&ExportPDF=1&Filename=19MFF-00055_schedule.pdf",
        "location": "Information not provided",
        "accessibil": "Information not provided",
        "medium": "Truck",
        "requiredar": "Permit: 19MFF-00055",
        "title": "Cold Truck: Soft drinks: cup cakes: potato chips: cookies: gum: sandwiches (hot & cold): peanuts: muffins: coff (hot & cold): water: juice: yoplait: milk: orange juice: sunflower seeds: can foods: burritos: buscuits: chimichangas: rice krispies",
        "type": "Truck",
        "descriptio": "Status: EXPIRED"
      }
    },
    {
      "type": "Feature",
      "geometry": {
        "type": "Point",
        "coordinates": [-122.38935344508, 37.72145083973]
      },
      "properties": {
        "name": "Brazuca Grill",
        "artistlink": "http://bsm.sfdpw.org/PermitsTracker/reports/report.aspx?title=schedule&report=rptSchedule&params=permit=25MFF-00025&ExportPDF=1&Filename=25MFF-00025_schedule.pdf",
        "location": "DONNER AVE: HAWES ST to INGALLS ST (1300 - 1399)",
        "accessibil": "Information not provided",
        "medium": "Truck",
        "requiredar": "Permit: 25MFF-00025",
        "title": "Cold Truck: Sandwiches: Noodles: Pre-packaged Snacks: Candy: Desserts Various Beverages",
        "type": "Truck",
        "descriptio": "Status: APPROVED"
      }
    },
    {
      "type": "Feature",
      "geometry": {
        "type": "Point",
        "coordinates": [-122.39406294712, 37.75701552446]
      },
      "properties": {
        "name": "Brazuca Grill",
        "artistlink": "http://bsm.sfdpw.org/PermitsTracker/reports/report.aspx?title=schedule&report=rptSchedule&params=permit=25MFF-00025&ExportPDF=1&Filename=25MFF-00025_schedule.pdf",
        "location": "22ND ST: MISSISSIPPI ST to TEXAS ST (1255 - 1399)",
        "accessibil": "Information not provided",
        "medium": "Truck",
        "requiredar": "Permit: 25MFF-00025",
        "title": "Cold Truck: Sandwiches: Noodles: Pre-packaged Snacks: Candy: Desserts Various Beverages",
        "type": "Truck",
        "descriptio": "Status: APPROVED"
      }
    },
    {
      "type": "Feature",
      "geometry": {
        "type": "Point",
        "coordinates": [-122.4159811746, 37.76890352057]
      },
      "properties": {
        "name": "Brazuca Grill",
        "artistlink": "http://bsm.sfdpw.org/PermitsTracker/reports/report.aspx?title=schedule&report=rptSchedule&params=permit=25MFF-00025&ExportPDF=1&Filename=25MFF-00025_schedule.pdf",
        "location": "FOLSOM ST: ERIE ST to 14TH ST (1718 - 1799)",
        "accessibil": "Information not provided",
        "medium": "Truck",
        "requiredar": "Permit: 25MFF-00025",
        "title": "Cold Truck: Sandwiches: Noodles: Pre-packaged Snacks: Candy: Desserts Various Beverages",
        "type": "Truck",
        "descriptio": "Status: APPROVED"
      }
    },
    {
      "type": "Feature",
      "geometry": {
        "type": "Point",
        "coordinates": [-122.39428524234, 37.7642023783]
      },
      "properties": {
        "name": "Brazuca Grill",
        "artistlink": "http://bsm.sfdpw.org/PermitsTracker/reports/report.aspx?title=schedule&report=rptSchedule&params=permit=25MFF-00025&ExportPDF=1&Filename=25MFF-00025_schedule.pdf",
        "location": "MARIPOSA ST: PENNSYLVANIA AVE to MISSISSIPPI ST (1000 - 1099)",
        "accessibil": "Information not provided",
        "medium": "Truck",
        "requiredar": "Permit: 25MFF-00025",
        "title": "Cold Truck: Sandwiches: Noodles: Pre-packaged Snacks: Candy: Desserts Various Beverages",
        "type": "Truck",
        "descriptio": "Status: APPROVED"
      }
    },
    {
      "type": "Feature",
      "geometry": {
        "type": "Point",
        "coordinates": [-122.38752570402, 37.72307875752]
      },
      "properties": {
        "name": "Brazuca Grill",
        "artistlink": "http://bsm.sfdpw.org/PermitsTracker/reports/report.aspx?title=schedule&report=rptSchedule&params=permit=25MFF-00025&ExportPDF=1&Filename=25MFF-00025_schedule.pdf",
        "location": "ARMSTRONG AVE: HAWES ST to INGALLS ST (1300 - 1399)",
        "accessibil": "Information not provided",
        "medium": "Truck",
        "requiredar": "Permit: 25MFF-00025",
        "title": "Cold Truck: Sandwiches: Noodles: Pre-packaged Snacks: Candy: Desserts Various Beverages",
        "type": "Truck",
        "descriptio": "Status: APPROVED"
      }
    },
    {
      "type": "Feature",
      "geometry": {
        "type": "Point",
        "coordinates": [-122.39781803172, 37.75023688478]
      },
      "properties": {
        "name": "Brazuca Grill",
        "artistlink": "http://bsm.sfdpw.org/PermitsTracker/reports/report.aspx?title=schedule&report=rptSchedule&params=permit=25MFF-00025&ExportPDF=1&Filename=25MFF-00025_schedule.pdf",
        "location": "CESAR CHAVEZ ST: EVANS AVE to KANSAS ST (2100 - 2550)",
        "accessibil": "Information not provided",
        "medium": "Truck",
        "requiredar": "Permit: 25MFF-00025",
        "title": "Cold Truck: Sandwiches: Noodles: Pre-packaged Snacks: Candy: Desserts Various Beverages",
        "type": "Truck",
        "descriptio": "Status: APPROVED"
      }
    },
    {
      "type": "Feature",
      "geometry": {
        "type": "Point",
        "coordinates": [-122.38993209325, 37.7618523975]
      },
      "properties": {
        "name": "Brazuca Grill",
        "artistlink": "http://bsm.sfdpw.org/PermitsTracker/reports/report.aspx?title=schedule&report=rptSchedule&params=permit=25MFF-00025&ExportPDF=1&Filename=25MFF-00025_schedule.pdf",
        "location": "TENNESSEE ST: 18TH ST to 19TH ST (700 - 799)",
        "accessibil": "Information not provided",
        "medium": "Truck",
        "requiredar": "Permit: 25MFF-00025",
        "title": "Cold Truck: Sandwiches: Noodles: Pre-packaged Snacks: Candy: Desserts Various Beverages",
        "type": "Truck",
        "descriptio": "Status: APPROVED"
      }
    },
    {
      "type": "Feature",
      "geometry": {
        "type": "Point",
        "coordinates": [-122.41180906852, 37.77165385137]
      },
      "properties": {
        "name": "Brazuca Grill",
        "artistlink": "http://bsm.sfdpw.org/PermitsTracker/reports/report.aspx?title=schedule&report=rptSchedule&params=permit=25MFF-00025&ExportPDF=1&Filename=25MFF-00025_schedule.pdf",
        "location": "10TH ST: SHERIDAN ST to HARRISON ST (350 - 399)",
        "accessibil": "Information not provided",
        "medium": "Truck",
        "requiredar": "Permit: 25MFF-00025",
        "title": "Cold Truck: Sandwiches: Noodles: Pre-packaged Snacks: Candy: Desserts Various Beverages",
        "type": "Truck",
        "descriptio": "Status: APPROVED"
      }
    },
    {
      "type": "Feature",
      "geometry": {
        "type": "Point",
        "coordinates": [-122.4208795614, 37.77068339504]
      },
      "properties": {
        "name": "Brazuca Grill",
        "artistlink": "http://bsm.sfdpw.org/PermitsTracker/reports/report.aspx?title=schedule&report=rptSchedule&params=permit=25MFF-00025&ExportPDF=1&Filename=25MFF-00025_schedule.pdf",
        "location": "OTIS ST: GOUGH ST \\ MCCOPPIN ST to 13TH ST \\ DUBOCE AVE \\ HWY 101 NORTHBOUND RAMP \\ MISSION ST (100 - 199)",
        "accessibil": "Information not provided",
        "medium": "Truck",
        "requiredar": "Permit: 25MFF-00025",
        "title": "Cold Truck: Sandwiches: Noodles: Pre-packaged Snacks: Candy: Desserts Various Beverages",
        "type": "Truck",
        "descriptio": "Status: APPROVED"
      }
    },
    {
      "type": "Feature",
      "geometry": {
        "type": "Point",
        "coordinates": [-122.38687903198, 37.74844533884]
      },
      "properties": {
        "name": "Brazuca Grill",
        "artistlink": "http://bsm.sfdpw.org/PermitsTracker/reports/report.aspx?title=schedule&report=rptSchedule&params=permit=25MFF-00025&ExportPDF=1&Filename=25MFF-00025_schedule.pdf",
        "location": "03RD ST: MARIN ST to ARTHUR AVE \\ CARGO WAY (3201 - 3399) -- EAST --",
        "accessibil": "Information not provided",
        "medium": "Truck",
        "requiredar": "Permit: 25MFF-00025",
        "title": "Cold Truck: Sandwiches: Noodles: Pre-packaged Snacks: Candy: Desserts Various Beverages",
        "type": "Truck",
        "descriptio": "Status: APPROVED"
      }
    },
    {
      "type": "Feature",
      "geometry": {
        "type": "Point",
        "coordinates": [-122.39009664366, 37.76354048393]
      },
      "properties": {
        "name": "Brazuca Grill",
        "artistlink": "http://bsm.sfdpw.org/PermitsTracker/reports/report.aspx?title=schedule&report=rptSchedule&params=permit=25MFF-00025&ExportPDF=1&Filename=25MFF-00025_schedule.pdf",
        "location": "TENNESSEE ST: MARIPOSA ST to 18TH ST (600 - 699)",
        "accessibil": "Information not provided",
        "medium": "Truck",
        "requiredar": "Permit: 25MFF-00025",
        "title": "Cold Truck: Sandwiches: Noodles: Pre-packaged Snacks: Candy: Desserts Various Beverages",
        "type": "Truck",
        "descriptio": "Status: APPROVED"
      }
    },
    {
      "type": "Feature",
      "geometry": {
        "type": "Point",
        "coordinates": [-122.38453073422, 37.75503072677]
      },
      "properties": {
        "name": "Brazuca Grill",
        "artistlink": "http://bsm.sfdpw.org/PermitsTracker/reports/report.aspx?title=schedule&report=rptSchedule&params=permit=25MFF-00025&ExportPDF=1&Filename=25MFF-00025_schedule.pdf",
        "location": "Information not provided",
        "accessibil": "Information not provided",
        "medium": "Truck",
        "requiredar": "Permit: 25MFF-00025",
        "title": "Cold Truck: Sandwiches: Noodles: Pre-packaged Snacks: Candy: Desserts Various Beverages",
        "type": "Truck",
        "descriptio": "Status: APPROVED"
      }
    },
    {
      "type": "Feature",
      "geometry": {
        "type": "Point",
        "coordinates": [-122.4298852476, 37.78186711757]
      },
      "properties": {
        "name": "Brazuca Grill",
        "artistlink": "http://bsm.sfdpw.org/PermitsTracker/reports/report.aspx?title=schedule&report=rptSchedule&params=permit=25MFF-00025&ExportPDF=1&Filename=25MFF-00025_schedule.pdf",
        "location": "EDDY ST: BUCHANAN ST to WEBSTER ST (1300 - 1399)",
        "accessibil": "Information not provided",
        "medium": "Truck",
        "requiredar": "Permit: 25MFF-00025",
        "title": "Cold Truck: Sandwiches: Noodles: Pre-packaged Snacks: Candy: Desserts Various Beverages",
        "type": "Truck",
        "descriptio": "Status: APPROVED"
      }
    },
    {
      "type": "Feature",
      "geometry": {
        "type": "Point",
        "coordinates": [-122.40123539266, 37.78072409776]
      },
      "properties": {
        "name": "Brazuca Grill",
        "artistlink": "http://bsm.sfdpw.org/PermitsTracker/reports/report.aspx?title=schedule&report=rptSchedule&params=permit=25MFF-00025&ExportPDF=1&Filename=25MFF-00025_schedule.pdf",
        "location": "SHIPLEY ST: 04TH ST to 05TH ST (100 - 199)",
        "accessibil": "Information not provided",
        "medium": "Truck",
        "requiredar": "Permit: 25MFF-00025",
        "title": "Cold Truck: Sandwiches: Noodles: Pre-packaged Snacks: Candy: Desserts Various Beverages",
        "type": "Truck",
        "descriptio": "Status: APPROVED"
      }
    },
    {
      "type": "Feature",
      "geometry": {
        "type": "Point",
        "coordinates": [-122.39401294738, 37.76346295991]
      },
      "properties": {
        "name": "Brazuca Grill",
        "artistlink": "http://bsm.sfdpw.org/PermitsTracker/reports/report.aspx?title=schedule&report=rptSchedule&params=permit=25MFF-00025&ExportPDF=1&Filename=25MFF-00025_schedule.pdf",
        "location": "PENNSYLVANIA AVE: MARIPOSA ST to I-280 S OFF RAMP (200 - 256)",
        "accessibil": "Information not provided",
        "medium": "Truck",
        "requiredar": "Permit: 25MFF-00025",
        "title": "Cold Truck: Sandwiches: Noodles: Pre-packaged Snacks: Candy: Desserts Various Beverages",
        "type": "Truck",
        "descriptio": "Status: APPROVED"
      }
    },
    {
      "type": "Feature",
      "geometry": {
        "type": "Point",
        "coordinates": [-122.3903094895, 37.75160841358]
      },
      "properties": {
        "name": "Brazuca Grill",
        "artistlink": "http://bsm.sfdpw.org/PermitsTracker/reports/report.aspx?title=schedule&report=rptSchedule&params=permit=25MFF-00025&ExportPDF=1&Filename=25MFF-00025_schedule.pdf",
        "location": "26TH ST: MINNESOTA ST to INDIANA ST (1000 - 1099)",
        "accessibil": "Information not provided",
        "medium": "Truck",
        "requiredar": "Permit: 25MFF-00025",
        "title": "Cold Truck: Sandwiches: Noodles: Pre-packaged Snacks: Candy: Desserts Various Beverages",
        "type": "Truck",
        "descriptio": "Status: APPROVED"
      }
    },
    {
      "type": "Feature",
      "geometry": {
        "type": "Point",
        "coordinates": [-122.3879083259, 37.75046411552]
      },
      "properties": {
        "name": "Brazuca Grill",
        "artistlink": "http://bsm.sfdpw.org/PermitsTracker/reports/report.aspx?title=schedule&report=rptSchedule&params=permit=25MFF-00025&ExportPDF=1&Filename=25MFF-00025_schedule.pdf",
        "location": "03RD ST: 26TH ST to CESAR CHAVEZ ST (3000 - 3098) -- WEST --",
        "accessibil": "Information not provided",
        "medium": "Truck",
        "requiredar": "Permit: 25MFF-00025",
        "title": "Cold Truck: Sandwiches: Noodles: Pre-packaged Snacks: Candy: Desserts Various Beverages",
        "type": "Truck",
        "descriptio": "Status: APPROVED"
      }
    },
    {
      "type": "Feature",
      "geometry": {
        "type": "Point",
        "coordinates": [-122.39014490082, 37.75207458621]
      },
      "properties": {
        "name": "Brazuca Grill",
        "artistlink": "http://bsm.sfdpw.org/PermitsTracker/reports/report.aspx?title=schedule&report=rptSchedule&params=permit=25MFF-00025&ExportPDF=1&Filename=25MFF-00025_schedule.pdf",
        "location": "MINNESOTA ST: MINNESOTA ST to 26TH ST (1400 - 1499)",
        "accessibil": "Information not provided",
        "medium": "Truck",
        "requiredar": "Permit: 25MFF-00025",
        "title": "Cold Truck: Sandwiches: Noodles: Pre-packaged Snacks: Candy: Desserts Various Beverages",
        "type": "Truck",
        "descriptio": "Status: APPROVED"
      }
    },
    {
      "type": "Feature",
      "geometry": {
        "type": "Point",
        "coordinates": [-122.39547585249, 37.75791705669]
      },
      "properties": {
        "name": "Brazuca Grill",
        "artistlink": "http://bsm.sfdpw.org/PermitsTracker/reports/report.aspx?title=schedule&report=rptSchedule&params=permit=25MFF-00025&ExportPDF=1&Filename=25MFF-00025_schedule.pdf",
        "location": "TEXAS ST: SIERRA ST to 22ND ST (632 - 699)",
        "accessibil": "Information not provided",
        "medium": "Truck",
        "requiredar": "Permit: 25MFF-00025",
        "title": "Cold Truck: Sandwiches: Noodles: Pre-packaged Snacks: Candy: Desserts Various Beverages",
        "type": "Truck",
        "descriptio": "Status: APPROVED"
      }
    },
    {
      "type": "Feature",
      "geometry": {
        "type": "Point",
        "coordinates": [-122.41433443694, 37.80504950906]
      },
      "properties": {
        "name": "Brazuca Grill",
        "artistlink": "http://bsm.sfdpw.org/PermitsTracker/reports/report.aspx?title=schedule&report=rptSchedule&params=permit=25MFF-00025&ExportPDF=1&Filename=25MFF-00025_schedule.pdf",
        "location": "FRANCISCO ST: MASON ST to TAYLOR ST (500 - 599)",
        "accessibil": "Information not provided",
        "medium": "Truck",
        "requiredar": "Permit: 25MFF-00025",
        "title": "Cold Truck: Sandwiches: Noodles: Pre-packaged Snacks: Candy: Desserts Various Beverages",
        "type": "Truck",
        "descriptio": "Status: APPROVED"
      }
    },
    {
      "type": "Feature",
      "geometry": {
        "type": "Point",
        "coordinates": [-122.3879855325, 37.7494429376]
      },
      "properties": {
        "name": "Brazuca Grill",
        "artistlink": "http://bsm.sfdpw.org/PermitsTracker/reports/report.aspx?title=schedule&report=rptSchedule&params=permit=25MFF-00025&ExportPDF=1&Filename=25MFF-00025_schedule.pdf",
        "location": "03RD ST: CESAR CHAVEZ ST to MARIN ST (3100 - 3199)",
        "accessibil": "Information not provided",
        "medium": "Truck",
        "requiredar": "Permit: 25MFF-00025",
        "title": "Cold Truck: Sandwiches: Noodles: Pre-packaged Snacks: Candy: Desserts Various Beverages",
        "type": "Truck",
        "descriptio": "Status: APPROVED"
      }
    },
    {
      "type": "Feature",
      "geometry": {
        "type": "Point",
        "coordinates": [-122.42314384551, 37.78138002755]
      },
      "properties": {
        "name": "Brazuca Grill",
        "artistlink": "http://bsm.sfdpw.org/PermitsTracker/reports/report.aspx?title=schedule&report=rptSchedule&params=permit=25MFF-00025&ExportPDF=1&Filename=25MFF-00025_schedule.pdf",
        "location": "ELM ST: FRANKLIN ST to GOUGH ST (300 - 399)",
        "accessibil": "Information not provided",
        "medium": "Truck",
        "requiredar": "Permit: 25MFF-00025",
        "title": "Cold Truck: Sandwiches: Noodles: Pre-packaged Snacks: Candy: Desserts Various Beverages",
        "type": "Truck",
        "descriptio": "Status: APPROVED"
      }
    },
    {
      "type": "Feature",
      "geometry": {
        "type": "Point",
        "coordinates": [-122.39751708647, 37.79177798841]
      },
      "properties": {
        "name": "Halal Food Truck",
        "artistlink": "http://bsm.sfdpw.org/PermitsTracker/reports/report.aspx?title=schedule&report=rptSchedule&params=permit=24MFF-00057&ExportPDF=1&Filename=24MFF-00057_schedule.pdf",
        "location": "MARKET ST: BEALE ST \\ DAVIS ST \\ PINE ST to FREMONT ST \\ FRONT ST (301 - 399) -- SOUTH --",
        "accessibil": "Information not provided",
        "medium": "Truck",
        "requiredar": "Permit: 24MFF-00057",
        "title": "MFF - Do not approve without review.",
        "type": "Truck",
        "descriptio": "Status: REQUESTED"
      }
    },
    {
      "type": "Feature",
      "geometry": {
        "type": "Point",
        "coordinates": [-122.41141996621, 37.75093164764]
      },
      "properties": {
        "name": "Bay Area Mobile Catering, Inc. dba. Taqueria Angelica's",
        "artistlink": "http://bsm.sfdpw.org/PermitsTracker/reports/report.aspx?title=schedule&report=rptSchedule&params=permit=25MFF-00042&ExportPDF=1&Filename=25MFF-00042_schedule.pdf",
        "location": "25TH ST: ALABAMA ST to HARRISON ST (3042 - 3099)",
        "accessibil": "Information not provided",
        "medium": "Truck",
        "requiredar": "Permit: 25MFF-00042",
        "title": "Tacos: burritos: soda & juice",
        "type": "Truck",
        "descriptio": "Status: APPROVED"
      }
    },
    {
      "type": "Feature",
      "geometry": {
        "type": "Point",
        "coordinates": [-122.39097537958, 37.74925585953]
      },
      "properties": {
        "name": "Bay Area Mobile Catering, Inc. dba. Taqueria Angelica's",
        "artistlink": "http://bsm.sfdpw.org/PermitsTracker/reports/report.aspx?title=schedule&report=rptSchedule&params=permit=25MFF-00041&ExportPDF=1&Filename=25MFF-00041_schedule.pdf",
        "location": "CESAR CHAVEZ ST: INDIANA ST to IOWA ST (1300 - 1399)",
        "accessibil": "Information not provided",
        "medium": "Truck",
        "requiredar": "Permit: 25MFF-00041",
        "title": "Tacos: Burritos: Tortas: Quesadillas: Sodas: Chips: Candy",
        "type": "Truck",
        "descriptio": "Status: APPROVED"
      }
    },
    {
      "type": "Feature",
      "geometry": {
        "type": "Point",
        "coordinates": [-122.41400704302, 37.77158670267]
      },
      "properties": {
        "name": "Bay Area Mobile Catering, Inc. dba. Taqueria Angelica's",
        "artistlink": "http://bsm.sfdpw.org/PermitsTracker/reports/report.aspx?title=schedule&report=rptSchedule&params=permit=25MFF-00042&ExportPDF=1&Filename=25MFF-00042_schedule.pdf",
        "location": "FOLSOM ST: 11TH ST to NORFOLK ST (1500 - 1548)",
        "accessibil": "Information not provided",
        "medium": "Truck",
        "requiredar": "Permit: 25MFF-00042",
        "title": "Tacos: burritos: soda & juice",
        "type": "Truck",
        "descriptio": "Status: APPROVED"
      }
    },
    {
      "type": "Feature",
      "geometry": {
        "type": "Point",
        "coordinates": [-122.40178909136, 37.79326220692]
      },
      "properties": {
        "name": "Think is Good Inc.",
        "artistlink": "http://bsm.sfdpw.org/PermitsTracker/reports/report.aspx?title=schedule&report=rptSchedule&params=permit=23MFF-00033&ExportPDF=1&Filename=23MFF-00033_schedule.pdf",
        "location": "CALIFORNIA ST: SANSOME ST to LEIDESDORFF ST (400 - 448)",
        "accessibil": "Information not provided",
        "medium": "Truck",
        "requiredar": "Permit: 23MFF-00033",
        "title": "Lobster rolls: crab rolls: lobster burritos: crab burritos: chicken burritos: fish burritos: chicken burritos: poke bowls: soups: chips & soda.",
        "type": "Truck",
        "descriptio": "Status: EXPIRED"
      }
    },
    {
      "type": "Feature",
      "geometry": {
        "type": "Point",
        "coordinates": [-122.39988416057, 37.78845702883]
      },
      "properties": {
        "name": "El Calamar Perubian Food Truck",
        "artistlink": "http://bsm.sfdpw.org/PermitsTracker/reports/report.aspx?title=schedule&report=rptSchedule&params=permit=23MFF-00004&ExportPDF=1&Filename=23MFF-00004_schedule.pdf",
        "location": "MISSION ST: ANTHONY ST to 02ND ST (573 - 599)",
        "accessibil": "Information not provided",
        "medium": "Truck",
        "requiredar": "Permit: 23MFF-00004",
        "title": "Lomo Saltado: Jalea: Ceviche: Calamar: Tilapia plate: chicken special. Soda: Water.",
        "type": "Truck",
        "descriptio": "Status: EXPIRED"
      }
    },
    {
      "type": "Feature",
      "geometry": {
        "type": "Point",
        "coordinates": [-122.38916923148, 37.77089223103]
      },
      "properties": {
        "name": "DO UC US Mobile Catering",
        "artistlink": "http://bsm.sfdpw.org/PermitsTracker/reports/report.aspx?title=schedule&report=rptSchedule&params=permit=23MFF-00015&ExportPDF=1&Filename=23MFF-00015_schedule.pdf",
        "location": "03RD ST: MISSION BAY BLVD to WARRIORS WAY (1401 - 1599) -- EAST --",
        "accessibil": "Information not provided",
        "medium": "Truck",
        "requiredar": "Permit: 23MFF-00015",
        "title": "Cold truck: sandwiches: salads: beverages: chips: candy: cookies: coffee: tea: drinks",
        "type": "Truck",
        "descriptio": "Status: EXPIRED"
      }
    },
    {
      "type": "Feature",
      "geometry": {
        "type": "Point",
        "coordinates": [-122.39961794866, 37.7992601135]
      },
      "properties": {
        "name": "Roadside Rotisserie Corporation / Country Grill",
        "artistlink": "http://bsm.sfdpw.org/PermitsTracker/reports/report.aspx?title=schedule&report=rptSchedule&params=permit=23MFF-00022&ExportPDF=1&Filename=23MFF-00022_schedule.pdf",
        "location": "FRONT ST: BROADWAY to VALLEJO ST (800 - 899)",
        "accessibil": "Information not provided",
        "medium": "Truck",
        "requiredar": "Permit: 23MFF-00022",
        "title": "Rotisserie Chicken: Ribs: Kickass Salad: Potatos w/fat dripping: chicken wrap.",
        "type": "Truck",
        "descriptio": "Status: EXPIRED"
      }
    },
    {
      "type": "Feature",
      "geometry": {
        "type": "Point",
        "coordinates": [-122.45839174984, 37.76386403238]
      },
      "properties": {
        "name": "DO UC US Mobile Catering",
        "artistlink": "http://bsm.sfdpw.org/PermitsTracker/reports/report.aspx?title=schedule&report=rptSchedule&params=permit=23MFF-00015&ExportPDF=1&Filename=23MFF-00015_schedule.pdf",
        "location": "PARNASSUS AVE: HILLWAY AVE to 03RD AVE (400 - 599)",
        "accessibil": "Information not provided",
        "medium": "Truck",
        "requiredar": "Permit: 23MFF-00015",
        "title": "Cold truck: sandwiches: salads: beverages: chips: candy: cookies: coffee: tea: drinks",
        "type": "Truck",
        "descriptio": "Status: EXPIRED"
      }
    },
    {
      "type": "Feature",
      "geometry": {
        "type": "Point",
        "coordinates": [-122.39924710472, 37.72980548057]
      },
      "properties": {
        "name": "San Francisco Taco Truck",
        "artistlink": "http://bsm.sfdpw.org/PermitsTracker/reports/report.aspx?title=schedule&report=rptSchedule&params=permit=22MFF-00030&ExportPDF=1&Filename=22MFF-00030_schedule.pdf",
        "location": "WILLIAMS AVE: VENUS ST to APOLLO ST (250 - 331)",
        "accessibil": "Information not provided",
        "medium": "Truck",
        "requiredar": "Permit: 22MFF-00030",
        "title": "Tacos: Tortas: Burritos",
        "type": "Truck",
        "descriptio": "Status: EXPIRED"
      }
    },
    {
      "type": "Feature",
      "geometry": {
        "type": "Point",
        "coordinates": [-122.39406659923, 37.78304609975]
      },
      "properties": {
        "name": "Zuri Food Facilities",
        "artistlink": "http://bsm.sfdpw.org/PermitsTracker/reports/report.aspx?title=schedule&report=rptSchedule&params=permit=23MFF-00035&ExportPDF=1&Filename=23MFF-00035_schedule.pdf",
        "location": "02ND ST: STILLMAN ST to BRYANT ST (454 - 499)",
        "accessibil": "Information not provided",
        "medium": "Truck",
        "requiredar": "Permit: 23MFF-00035",
        "title": "Peruvian Food Served Hot",
        "type": "Truck",
        "descriptio": "Status: EXPIRED"
      }
    },
    {
      "type": "Feature",
      "geometry": {
        "type": "Point",
        "coordinates": [-122.40010042374, 37.79092150727]
      },
      "properties": {
        "name": "Roadside Rotisserie Corporation / Country Grill",
        "artistlink": "http://bsm.sfdpw.org/PermitsTracker/reports/report.aspx?title=schedule&report=rptSchedule&params=permit=23MFF-00021&ExportPDF=1&Filename=23MFF-00021_schedule.pdf",
        "location": "BUSH ST: 01ST ST \\ MARKET ST to BATTERY ST (1 - 99)",
        "accessibil": "Information not provided",
        "medium": "Truck",
        "requiredar": "Permit: 23MFF-00021",
        "title": "Rotisserie Chicken: Ribs: Kickass Salad: Potatos w/fat dripping: chicken wrap.",
        "type": "Truck",
        "descriptio": "Status: EXPIRED"
      }
    },
    {
      "type": "Feature",
      "geometry": {
        "type": "Point",
        "coordinates": [-122.39241698313, 37.78091800099]
      },
      "properties": {
        "name": "Roadside Rotisserie Corporation / Country Grill",
        "artistlink": "http://bsm.sfdpw.org/PermitsTracker/reports/report.aspx?title=schedule&report=rptSchedule&params=permit=23MFF-00020&ExportPDF=1&Filename=23MFF-00020_schedule.pdf",
        "location": "BRANNAN ST: STANFORD ST to JACK LONDON ALY (324 - 353)",
        "accessibil": "Information not provided",
        "medium": "Truck",
        "requiredar": "Permit: 23MFF-00020",
        "title": "Rotisserie Chicken; Ribs; Pork Loin; Roasted Potatoes; Chicken Wrap; Kale Salad; Drinks",
        "type": "Truck",
        "descriptio": "Status: EXPIRED"
      }
    },
    {
      "type": "Feature",
      "geometry": {
        "type": "Point",
        "coordinates": [-122.39935935136, 37.78886471534]
      },
      "properties": {
        "name": "Think is Good Inc.",
        "artistlink": "http://bsm.sfdpw.org/PermitsTracker/reports/report.aspx?title=schedule&report=rptSchedule&params=permit=23MFF-00033&ExportPDF=1&Filename=23MFF-00033_schedule.pdf",
        "location": "MISSION ST: SHAW ALY to ANTHONY ST (543 - 586)",
        "accessibil": "Information not provided",
        "medium": "Truck",
        "requiredar": "Permit: 23MFF-00033",
        "title": "Lobster rolls: crab rolls: lobster burritos: crab burritos: chicken burritos: fish burritos: chicken burritos: poke bowls: soups: chips & soda.",
        "type": "Truck",
        "descriptio": "Status: EXPIRED"
      }
    },
    {
      "type": "Feature",
      "geometry": {
        "type": "Point",
        "coordinates": [-122.43301077434, 37.80457786909]
      },
      "properties": {
        "name": "BOWL'D ACAI, LLC.",
        "artistlink": "http://bsm.sfdpw.org/PermitsTracker/reports/report.aspx?title=schedule&report=rptSchedule&params=permit=23MFF-00050&ExportPDF=1&Filename=23MFF-00050_schedule.pdf",
        "location": "BUCHANAN ST: NORTH POINT ST to BEACH ST \\ LOWER FORT MASON ST \\ MARINA BLVD (3700 - 3799)",
        "accessibil": "Information not provided",
        "medium": "Truck",
        "requiredar": "Permit: 23MFF-00050",
        "title": "Acai Bowls: Poke Bowls: Smoothies: Juices",
        "type": "Truck",
        "descriptio": "Status: EXPIRED"
      }
    },
    {
      "type": "Feature",
      "geometry": {
        "type": "Point",
        "coordinates": [-122.4188064811, 37.76008693199]
      },
      "properties": {
        "name": "Leo's Hot Dogs",
        "artistlink": "http://bsm.sfdpw.org/PermitsTracker/reports/report.aspx?title=schedule&report=rptSchedule&params=permit=23MFF-00008&ExportPDF=1&Filename=23MFF-00008_schedule.pdf",
        "location": "MISSION ST: 19TH ST to 20TH ST (2300 - 2399)",
        "accessibil": "Information not provided",
        "medium": "Push Cart",
        "requiredar": "Permit: 23MFF-00008",
        "title": "Hot dogs and related toppings: non alcoholic beverages",
        "type": "Push Cart",
        "descriptio": "Status: EXPIRED"
      }
    },
    {
      "type": "Feature",
      "geometry": {
        "type": "Point",
        "coordinates": [0.0, 0.0]
      },
      "properties": {
        "name": "F & C Catering",
        "artistlink": "http://bsm.sfdpw.org/PermitsTracker/reports/report.aspx?title=schedule&report=rptSchedule&params=permit=21MFF-00035&ExportPDF=1&Filename=21MFF-00035_schedule.pdf",
        "location": "Information not provided",
        "accessibil": "Information not provided",
        "medium": "Truck",
        "requiredar": "Permit: 21MFF-00035",
        "title": "Cold Truck: Hot/Cold Sandwiches: Water: Soda: Juice: Snacks: Milk: Candies: Canned Food: Soups: Cup of Noodles: Fruit: Salad",
        "type": "Truck",
        "descriptio": "Status: EXPIRED"
      }
    },
    {
      "type": "Feature",
      "geometry": {
        "type": "Point",
        "coordinates": [-122.40103337535, 37.78655805018]
      },
      "properties": {
        "name": "MOMO INNOVATION LLC",
        "artistlink": "http://bsm.sfdpw.org/PermitsTracker/reports/report.aspx?title=schedule&report=rptSchedule&params=permit=23MFF-00030&ExportPDF=1&Filename=23MFF-00030_schedule.pdf",
        "location": "MISSION ST: ANNIE ST to 03RD ST (663 - 699)",
        "accessibil": "Information not provided",
        "medium": "Truck",
        "requiredar": "Permit: 23MFF-00030",
        "title": "Noodles: Meat & Drinks",
        "type": "Truck",
        "descriptio": "Status: EXPIRED"
      }
    },
    {
      "type": "Feature",
      "geometry": {
        "type": "Point",
        "coordinates": [-122.39924710472, 37.72980548057]
      },
      "properties": {
        "name": "San Francisco Taco Truck",
        "artistlink": "http://bsm.sfdpw.org/PermitsTracker/reports/report.aspx?title=schedule&report=rptSchedule&params=permit=22MFF-00030&ExportPDF=1&Filename=22MFF-00030_schedule.pdf",
        "location": "WILLIAMS AVE: APOLLO ST to PHELPS ST \\ VESTA ST (300 - 399)",
        "accessibil": "Information not provided",
        "medium": "Truck",
        "requiredar": "Permit: 22MFF-00030",
        "title": "Tacos: Tortas: Burritos",
        "type": "Truck",
        "descriptio": "Status: EXPIRED"
      }
    },
    {
      "type": "Feature",
      "geometry": {
        "type": "Point",
        "coordinates": [-122.4032298767, 37.79357693326]
      },
      "properties": {
        "name": "BOWL'D ACAI, LLC.",
        "artistlink": "http://bsm.sfdpw.org/PermitsTracker/reports/report.aspx?title=schedule&report=rptSchedule&params=permit=23MFF-00049&ExportPDF=1&Filename=23MFF-00049_schedule.pdf",
        "location": "MONTGOMERY ST: CALIFORNIA ST to SACRAMENTO ST (400 - 499)",
        "accessibil": "Information not provided",
        "medium": "Truck",
        "requiredar": "Permit: 23MFF-00049",
        "title": "Acai Bowls: Smoothies: Juices",
        "type": "Truck",
        "descriptio": "Status: EXPIRED"
      }
    },
    {
      "type": "Feature",
      "geometry": {
        "type": "Point",
        "coordinates": [-122.40034367559, 37.79344652782]
      },
      "properties": {
        "name": "Roadside Rotisserie Corporation / Country Grill",
        "artistlink": "http://bsm.sfdpw.org/PermitsTracker/reports/report.aspx?title=schedule&report=rptSchedule&params=permit=23MFF-00023&ExportPDF=1&Filename=23MFF-00023_schedule.pdf",
        "location": "CALIFORNIA ST: BATTERY ST to SANSOME ST (300 - 399)",
        "accessibil": "Information not provided",
        "medium": "Truck",
        "requiredar": "Permit: 23MFF-00023",
        "title": "Rotisserie Chicken; Ribs; Pork Loin; Roasted Potatoes; Chicken Wrap; Kale Salad; Drinks",
        "type": "Truck",
        "descriptio": "Status: EXPIRED"
      }
    },
    {
      "type": "Feature",
      "geometry": {
        "type": "Point",
        "coordinates": [-122.39897033211, 37.79264071673]
      },
      "properties": {
        "name": "Think is Good Inc.",
        "artistlink": "http://bsm.sfdpw.org/PermitsTracker/reports/report.aspx?title=schedule&report=rptSchedule&params=permit=23MFF-00033&ExportPDF=1&Filename=23MFF-00033_schedule.pdf",
        "location": "PINE ST: FRONT ST to BATTERY ST (100 - 199)",
        "accessibil": "Information not provided",
        "medium": "Truck",
        "requiredar": "Permit: 23MFF-00033",
        "title": "Lobster rolls: crab rolls: lobster burritos: crab burritos: chicken burritos: fish burritos: chicken burritos: poke bowls: soups: chips & soda.",
        "type": "Truck",
        "descriptio": "Status: EXPIRED"
      }
    },
    {
      "type": "Feature",
      "geometry": {
        "type": "Point",
        "coordinates": [-122.39399997406, 37.79215054848]
      },
      "properties": {
        "name": "Zuri Food Facilities",
        "artistlink": "http://bsm.sfdpw.org/PermitsTracker/reports/report.aspx?title=schedule&report=rptSchedule&params=permit=23MFF-00037&ExportPDF=1&Filename=23MFF-00037_schedule.pdf",
        "location": "SPEAR ST: MISSION ST to HOWARD ST (100 - 199)",
        "accessibil": "Information not provided",
        "medium": "Truck",
        "requiredar": "Permit: 23MFF-00037",
        "title": "Peruvian Food Served Hot",
        "type": "Truck",
        "descriptio": "Status: EXPIRED"
      }
    },
    {
      "type": "Feature",
      "geometry": {
        "type": "Point",
        "coordinates": [-122.39109827963, 37.7698977489]
      },
      "properties": {
        "name": "DO UC US Mobile Catering",
        "artistlink": "http://bsm.sfdpw.org/PermitsTracker/reports/report.aspx?title=schedule&report=rptSchedule&params=permit=23MFF-00015&ExportPDF=1&Filename=23MFF-00015_schedule.pdf",
        "location": "04TH ST: MISSION BAY BLVD to NELSON RISING LN (1400 - 1499)",
        "accessibil": "Information not provided",
        "medium": "Truck",
        "requiredar": "Permit: 23MFF-00015",
        "title": "Cold truck: sandwiches: salads: beverages: chips: candy: cookies: coffee: tea: drinks",
        "type": "Truck",
        "descriptio": "Status: EXPIRED"
      }
    },
    {
      "type": "Feature",
      "geometry": {
        "type": "Point",
        "coordinates": [-122.40320062649, 37.74837582578]
      },
      "properties": {
        "name": "DO UC US Mobile Catering",
        "artistlink": "http://bsm.sfdpw.org/PermitsTracker/reports/report.aspx?title=schedule&report=rptSchedule&params=permit=23MFF-00015&ExportPDF=1&Filename=23MFF-00015_schedule.pdf",
        "location": "MARIN ST: KANSAS ST to HWY 101 N ON RAMP (2500 - 2599)",
        "accessibil": "Information not provided",
        "medium": "Truck",
        "requiredar": "Permit: 23MFF-00015",
        "title": "Cold truck: sandwiches: salads: beverages: chips: candy: cookies: coffee: tea: drinks",
        "type": "Truck",
        "descriptio": "Status: EXPIRED"
      }
    },
    {
      "type": "Feature",
      "geometry": {
        "type": "Point",
        "coordinates": [-122.40257456841, 37.78877872338]
      },
      "properties": {
        "name": "Roadside Rotisserie Corporation / Country Grill",
        "artistlink": "http://bsm.sfdpw.org/PermitsTracker/reports/report.aspx?title=schedule&report=rptSchedule&params=permit=23MFF-00019&ExportPDF=1&Filename=23MFF-00019_schedule.pdf",
        "location": "POST ST: MONTGOMERY ST to LICK PL (1 - 40)",
        "accessibil": "Information not provided",
        "medium": "Truck",
        "requiredar": "Permit: 23MFF-00019",
        "title": "Rotisserie chicken: pork loin: ribs: chicken salad wrap: potatoes: roasted seasonal vegetables kale salad: beverages.",
        "type": "Truck",
        "descriptio": "Status: EXPIRED"
      }
    },
    {
      "type": "Feature",
      "geometry": {
        "type": "Point",
        "coordinates": [-122.41602577015, 37.78021548029]
      },
      "properties": {
        "name": "BOWL'D ACAI, LLC.",
        "artistlink": "http://bsm.sfdpw.org/PermitsTracker/reports/report.aspx?title=schedule&report=rptSchedule&params=permit=23MFF-00048&ExportPDF=1&Filename=23MFF-00048_schedule.pdf",
        "location": "LARKIN ST: FULTON ST to MCALLISTER ST (200 - 299)",
        "accessibil": "Information not provided",
        "medium": "Truck",
        "requiredar": "Permit: 23MFF-00048",
        "title": "Acai Bowls: Smoothies: Juices",
        "type": "Truck",
        "descriptio": "Status: EXPIRED"
      }
    },
    {
      "type": "Feature",
      "geometry": {
        "type": "Point",
        "coordinates": [-122.38701087879, 37.72387884083]
      },
      "properties": {
        "name": "TING TING MINI MOBILE DELI",
        "artistlink": "http://bsm.sfdpw.org/PermitsTracker/reports/report.aspx?title=schedule&report=rptSchedule&params=permit=25MFF-00045&ExportPDF=1&Filename=25MFF-00045_schedule.pdf",
        "location": "YOSEMITE AVE: HAWES ST to INGALLS ST (1300 - 1399)",
        "accessibil": "Information not provided",
        "medium": "Truck",
        "requiredar": "Permit: 25MFF-00045",
        "title": "Cold Truck: Pre-packaged sandwiches: snacks: fruit: various beverages",
        "type": "Truck",
        "descriptio": "Status: APPROVED"
      }
    },
    {
      "type": "Feature",
      "geometry": {
        "type": "Point",
        "coordinates": [-122.4011603703, 37.79083841945]
      },
      "properties": {
        "name": "Curry Up Now",
        "artistlink": "http://bsm.sfdpw.org/PermitsTracker/reports/report.aspx?title=schedule&report=rptSchedule&params=permit=21MFF-00149&ExportPDF=1&Filename=21MFF-00149_schedule.pdf",
        "location": "Information not provided",
        "accessibil": "Information not provided",
        "medium": "Truck",
        "requiredar": "Permit: 21MFF-00149",
        "title": "Chicken Tiki Masala Burritos: Paneer Tiki Masala Burritos: Samosas: Mango Lassi",
        "type": "Truck",
        "descriptio": "Status: EXPIRED"
      }
    },
    {
      "type": "Feature",
      "geometry": {
        "type": "Point",
        "coordinates": [-122.38826128814, 37.72711043338]
      },
      "properties": {
        "name": "TING TING MINI MOBILE DELI",
        "artistlink": "http://bsm.sfdpw.org/PermitsTracker/reports/report.aspx?title=schedule&report=rptSchedule&params=permit=25MFF-00045&ExportPDF=1&Filename=25MFF-00045_schedule.pdf",
        "location": "UNDERWOOD AVE: INGALLS ST to JENNINGS ST (1300 - 1399)",
        "accessibil": "Information not provided",
        "medium": "Truck",
        "requiredar": "Permit: 25MFF-00045",
        "title": "Cold Truck: Pre-packaged sandwiches: snacks: fruit: various beverages",
        "type": "Truck",
        "descriptio": "Status: APPROVED"
      }
    },
    {
      "type": "Feature",
      "geometry": {
        "type": "Point",
        "coordinates": [-122.38819268844, 37.72518170073]
      },
      "properties": {
        "name": "TING TING MINI MOBILE DELI",
        "artistlink": "http://bsm.sfdpw.org/PermitsTracker/reports/report.aspx?title=schedule&report=rptSchedule&params=permit=25MFF-00045&ExportPDF=1&Filename=25MFF-00045_schedule.pdf",
        "location": "YOSEMITE AVE: INGALLS ST to JENNINGS ST (1400 - 1499)",
        "accessibil": "Information not provided",
        "medium": "Truck",
        "requiredar": "Permit: 25MFF-00045",
        "title": "Cold Truck: Pre-packaged sandwiches: snacks: fruit: various beverages",
        "type": "Truck",
        "descriptio": "Status: APPROVED"
      }
    },
    {
      "type": "Feature",
      "geometry": {
        "type": "Point",
        "coordinates": [-122.38973542901, 37.72417289276]
      },
      "properties": {
        "name": "TING TING MINI MOBILE DELI",
        "artistlink": "http://bsm.sfdpw.org/PermitsTracker/reports/report.aspx?title=schedule&report=rptSchedule&params=permit=25MFF-00045&ExportPDF=1&Filename=25MFF-00045_schedule.pdf",
        "location": "BANCROFT AVE: INGALLS ST to JENNINGS ST (1400 - 1499)",
        "accessibil": "Information not provided",
        "medium": "Truck",
        "requiredar": "Permit: 25MFF-00045",
        "title": "Cold Truck: Pre-packaged sandwiches: snacks: fruit: various beverages",
        "type": "Truck",
        "descriptio": "Status: APPROVED"
      }
    },
    {
      "type": "Feature",
      "geometry": {
        "type": "Point",
        "coordinates": [-122.44003231664, 37.77328794047]
      },
      "properties": {
        "name": "TING TING MINI MOBILE DELI",
        "artistlink": "http://bsm.sfdpw.org/PermitsTracker/reports/report.aspx?title=schedule&report=rptSchedule&params=permit=25MFF-00045&ExportPDF=1&Filename=25MFF-00045_schedule.pdf",
        "location": "FELL ST: BRODERICK ST to BAKER ST (1300 - 1399)",
        "accessibil": "Information not provided",
        "medium": "Truck",
        "requiredar": "Permit: 25MFF-00045",
        "title": "Cold Truck: Pre-packaged sandwiches: snacks: fruit: various beverages",
        "type": "Truck",
        "descriptio": "Status: APPROVED"
      }
    },
    {
      "type": "Feature",
      "geometry": {
        "type": "Point",
        "coordinates": [-122.38836915044, 37.72549804795]
      },
      "properties": {
        "name": "TING TING MINI MOBILE DELI",
        "artistlink": "http://bsm.sfdpw.org/PermitsTracker/reports/report.aspx?title=schedule&report=rptSchedule&params=permit=25MFF-00045&ExportPDF=1&Filename=25MFF-00045_schedule.pdf",
        "location": "YOSEMITE AVE: INGALLS ST to JENNINGS ST (1400 - 1499)",
        "accessibil": "Information not provided",
        "medium": "Truck",
        "requiredar": "Permit: 25MFF-00045",
        "title": "Cold Truck: Pre-packaged sandwiches: snacks: fruit: various beverages",
        "type": "Truck",
        "descriptio": "Status: APPROVED"
      }
    },
    {
      "type": "Feature",
      "geometry": {
        "type": "Point",
        "coordinates": [-122.43594382524, 37.72366127951]
      },
      "properties": {
        "name": "Fruteria Serrano",
        "artistlink": "http://bsm.sfdpw.org/PermitsTracker/reports/report.aspx?title=schedule&report=rptSchedule&params=permit=16MFF-0011&ExportPDF=1&Filename=16MFF-0011_schedule.pdf",
        "location": "MISSION ST: OCEAN AVE to PERSIA AVE (4650 - 4699)",
        "accessibil": "Mo/Th/Fr:11AM-6PM",
        "medium": "Information not provided",
        "requiredar": "Permit: 16MFF-0011",
        "title": "Fruits including mangoes: pineapples: coconuts: watermelon: corn: cucumber: potatoes chips: water: Mexican drinks: sodas: juices: snow cones",
        "type": "Information not provided",
        "descriptio": "Status: REQUESTED"
      }
    },
    {
      "type": "Feature",
      "geometry": {
        "type": "Point",
        "coordinates": [-122.40149318971, 37.74895036343]
      },
      "properties": {
        "name": "Mini Mobile Food Catering",
        "artistlink": "http://bsm.sfdpw.org/PermitsTracker/reports/report.aspx?title=schedule&report=rptSchedule&params=permit=19MFF-00041&ExportPDF=1&Filename=19MFF-00041_schedule.pdf",
        "location": "KANSAS ST: CESAR CHAVEZ ST to MARIN ST (1600 - 1699)",
        "accessibil": "Information not provided",
        "medium": "Truck",
        "requiredar": "Permit: 19MFF-00041",
        "title": "Cold Truck: Corn Dogs: Noodle Soups: Candy: Pre-packaged Snacks: Sandwiches: Chips: Coffee: Tea: Various Beverages",
        "type": "Truck",
        "descriptio": "Status: EXPIRED"
      }
    },
    {
      "type": "Feature",
      "geometry": {
        "type": "Point",
        "coordinates": [-122.40510193038, 37.75563700983]
      },
      "properties": {
        "name": "SOHOMEI, LLC",
        "artistlink": "http://bsm.sfdpw.org/PermitsTracker/reports/report.aspx?title=schedule&report=rptSchedule&params=permit=18MFF-0028&ExportPDF=1&Filename=18MFF-0028_schedule.pdf",
        "location": "22ND ST: SAN BRUNO AVE to UTAH ST (2400 - 2449)",
        "accessibil": "Mo-Fr:10AM-11AM",
        "medium": "Truck",
        "requiredar": "Permit: 18MFF-0028",
        "title": "COLD TRUCK. Deli: bbq chicken skewer: Chinese spring roll: Chinese fried rice/noodle: fried chicken leg/wing: bbq chicken sandwich: chicken cheese burger: burrito: lumpia. Snack: sunflower seeds: muffins: chips: snickers: kit-kat: 10 types of chocolate. Drinks: Coke: 7-Up: Dr. Pepper: Pepsi: Redbull: Vitamin Water: Rockstar: Coconut Juice: Water. Hot drinks: coffee: tea.",
        "type": "Truck",
        "descriptio": "Status: REQUESTED"
      }
    },
    {
      "type": "Feature",
      "geometry": {
        "type": "Point",
        "coordinates": [-122.39486523862, 37.79387150715]
      },
      "properties": {
        "name": "Treats by the Bay LLC",
        "artistlink": "http://bsm.sfdpw.org/PermitsTracker/reports/report.aspx?title=schedule&report=rptSchedule&params=permit=21MFF-00048&ExportPDF=1&Filename=21MFF-00048_schedule.pdf",
        "location": "MARKET ST: STEUART ST to SPEAR ST (1 - 99) -- SOUTH --",
        "accessibil": "Information not provided",
        "medium": "Push Cart",
        "requiredar": "Permit: 21MFF-00048",
        "title": "Ice Cream: Donuts",
        "type": "Push Cart",
        "descriptio": "Status: EXPIRED"
      }
    },
    {
      "type": "Feature",
      "geometry": {
        "type": "Point",
        "coordinates": [-122.40687973821, 37.7872426026]
      },
      "properties": {
        "name": "San Francisco Carts & Concessions, Inc. DBA Stanley's Steamers Hot Dogs",
        "artistlink": "http://bsm.sfdpw.org/PermitsTracker/reports/report.aspx?title=schedule&report=rptSchedule&params=permit=22MFF-00040&ExportPDF=1&Filename=22MFF-00040_schedule.pdf",
        "location": "GEARY ST: STOCKTON ST to POWELL ST (200 - 299)",
        "accessibil": "Information not provided",
        "medium": "Push Cart",
        "requiredar": "Permit: 22MFF-00040",
        "title": "Hot dogs: condiments: soft pretzels: soft drinks: coffee: cold beverages: pastries: bakery goods: cookies: ice cream: candy: soups: churros: chestnuts: nuts: fresh fruit: fruit juices: desserts: potato chips and popcorn.",
        "type": "Push Cart",
        "descriptio": "Status: EXPIRED"
      }
    },
    {
      "type": "Feature",
      "geometry": {
        "type": "Point",
        "coordinates": [-122.39307688086, 37.74459119509]
      },
      "properties": {
        "name": "Park's Catering",
        "artistlink": "http://bsm.sfdpw.org/PermitsTracker/reports/report.aspx?title=schedule&report=rptSchedule&params=permit=21MFF-00115&ExportPDF=1&Filename=21MFF-00115_schedule.pdf",
        "location": "EVANS AVE: RANKIN ST to SELBY ST (1800 - 1890)",
        "accessibil": "Information not provided",
        "medium": "Truck",
        "requiredar": "Permit: 21MFF-00115",
        "title": "Cold Truck: Hamburger: cheeseburgers: hot dogs: hot sandwiches: cold sandwiches: egg muffins: cup of noodles: corn dogs: canned soup: coffee: hot cocoa: hot tea: gatorade: juice: milk: soda: water: fruits: fruit salad: rice pudding: yogurt: candy bars: chips: cookies: donuts: granola bars: muffins",
        "type": "Truck",
        "descriptio": "Status: EXPIRED"
      }
    },
    {
      "type": "Feature",
      "geometry": {
        "type": "Point",
        "coordinates": [-122.38835902104, 37.7537174169]
      },
      "properties": {
        "name": "F & C Catering",
        "artistlink": "http://bsm.sfdpw.org/PermitsTracker/reports/report.aspx?title=schedule&report=rptSchedule&params=permit=21MFF-00035&ExportPDF=1&Filename=21MFF-00035_schedule.pdf",
        "location": "03RD ST: 24TH ST to 25TH ST (2800 - 2898) -- WEST --",
        "accessibil": "Information not provided",
        "medium": "Truck",
        "requiredar": "Permit: 21MFF-00035",
        "title": "Cold Truck: Hot/Cold Sandwiches: Water: Soda: Juice: Snacks: Milk: Candies: Canned Food: Soups: Cup of Noodles: Fruit: Salad",
        "type": "Truck",
        "descriptio": "Status: EXPIRED"
      }
    },
    {
      "type": "Feature",
      "geometry": {
        "type": "Point",
        "coordinates": [-122.38959908417, 37.71699129032]
      },
      "properties": {
        "name": "Singh Brothers Ice Cream",
        "artistlink": "http://bsm.sfdpw.org/PermitsTracker/reports/report.aspx?title=schedule&report=rptSchedule&params=permit=17MFF-0182&ExportPDF=1&Filename=17MFF-0182_schedule.pdf",
        "location": "GRIFFITH ST: INGERSON AVE to JAMESTOWN AVE (2900 - 2999)",
        "accessibil": "Mo-Fr:12PM-1PM",
        "medium": "Truck",
        "requiredar": "Permit: 17MFF-0182",
        "title": "Ice Cream: Pre-Packaged Chips: Candies: Bottled Water & Canned SODA",
        "type": "Truck",
        "descriptio": "Status: REQUESTED"
      }
    },
    {
      "type": "Feature",
      "geometry": {
        "type": "Point",
        "coordinates": [-122.39734769333, 37.79405318373]
      },
      "properties": {
        "name": "Quan Catering",
        "artistlink": "http://bsm.sfdpw.org/PermitsTracker/reports/report.aspx?title=schedule&report=rptSchedule&params=permit=19MFF-00055&ExportPDF=1&Filename=19MFF-00055_schedule.pdf",
        "location": "CALIFORNIA ST: DRUMM ST to DAVIS ST (1 - 99)",
        "accessibil": "Information not provided",
        "medium": "Truck",
        "requiredar": "Permit: 19MFF-00055",
        "title": "Cold Truck: Soft drinks: cup cakes: potato chips: cookies: gum: sandwiches (hot & cold): peanuts: muffins: coff (hot & cold): water: juice: yoplait: milk: orange juice: sunflower seeds: can foods: burritos: buscuits: chimichangas: rice krispies",
        "type": "Truck",
        "descriptio": "Status: EXPIRED"
      }
    },
    {
      "type": "Feature",
      "geometry": {
        "type": "Point",
        "coordinates": [-122.40927445161, 37.78569666094]
      },
      "properties": {
        "name": "TIERRA CALIENTE",
        "artistlink": "http://bsm.sfdpw.org/PermitsTracker/reports/report.aspx?title=schedule&report=rptSchedule&params=permit=24MFF-00016&ExportPDF=1&Filename=24MFF-00016_schedule.pdf",
        "location": "MASON ST: ELLIS ST to OFARRELL ST (200 - 299)",
        "accessibil": "Information not provided",
        "medium": "Truck",
        "requiredar": "Permit: 24MFF-00016",
        "title": "MFF - Do not approve without review.",
        "type": "Truck",
        "descriptio": "Status: REQUESTED"
      }
    },
    {
      "type": "Feature",
      "geometry": {
        "type": "Point",
        "coordinates": [-122.40178909136, 37.79326220692]
      },
      "properties": {
        "name": "Bonito Poke",
        "artistlink": "http://bsm.sfdpw.org/PermitsTracker/reports/report.aspx?title=schedule&report=rptSchedule&params=permit=23MFF-00016&ExportPDF=1&Filename=23MFF-00016_schedule.pdf",
        "location": "CALIFORNIA ST: SANSOME ST to LEIDESDORFF ST (400 - 448)",
        "accessibil": "Information not provided",
        "medium": "Truck",
        "requiredar": "Permit: 23MFF-00016",
        "title": "Bonito Poke Bowls & Various Drinks",
        "type": "Truck",
        "descriptio": "Status: REQUESTED"
      }
    },
    {
      "type": "Feature",
      "geometry": {
        "type": "Point",
        "coordinates": [-122.3945940362, 37.78790009782]
      },
      "properties": {
        "name": "Mini Mobile Food Catering",
        "artistlink": "http://bsm.sfdpw.org/PermitsTracker/reports/report.aspx?title=schedule&report=rptSchedule&params=permit=19MFF-00041&ExportPDF=1&Filename=19MFF-00041_schedule.pdf",
        "location": "01ST ST: CLEMENTINA ST to FOLSOM ST (245 - 299)",
        "accessibil": "Information not provided",
        "medium": "Truck",
        "requiredar": "Permit: 19MFF-00041",
        "title": "Cold Truck: Corn Dogs: Noodle Soups: Candy: Pre-packaged Snacks: Sandwiches: Chips: Coffee: Tea: Various Beverages",
        "type": "Truck",
        "descriptio": "Status: EXPIRED"
      }
    },
    {
      "type": "Feature",
      "geometry": {
        "type": "Point",
        "coordinates": [-122.39830388133, 37.77905111157]
      },
      "properties": {
        "name": "Cochinita",
        "artistlink": "http://bsm.sfdpw.org/PermitsTracker/reports/report.aspx?title=schedule&report=rptSchedule&params=permit=22MFF-00021&ExportPDF=1&Filename=22MFF-00021_schedule.pdf",
        "location": "BRYANT ST: 04TH ST \\ I-80 E OFF RAMP to 05TH ST \\ I-80 E ON RAMP (600 - 699)",
        "accessibil": "Information not provided",
        "medium": "Truck",
        "requiredar": "Permit: 22MFF-00021",
        "title": "Mexican Food: Yucatan Food: Street Food",
        "type": "Truck",
        "descriptio": "Status: EXPIRED"
      }
    },
    {
      "type": "Feature",
      "geometry": {
        "type": "Point",
        "coordinates": [-122.39199164142, 37.72545070217]
      },
      "properties": {
        "name": "Singh Brothers Ice Cream",
        "artistlink": "http://bsm.sfdpw.org/PermitsTracker/reports/report.aspx?title=schedule&report=rptSchedule&params=permit=17MFF-0182&ExportPDF=1&Filename=17MFF-0182_schedule.pdf",
        "location": "BANCROFT AVE: JENNINGS ST to KEITH ST (1500 - 1599)",
        "accessibil": "Mo-Fr:1PM-2PM",
        "medium": "Truck",
        "requiredar": "Permit: 17MFF-0182",
        "title": "Ice Cream: Pre-Packaged Chips: Candies: Bottled Water & Canned SODA",
        "type": "Truck",
        "descriptio": "Status: REQUESTED"
      }
    },
    {
      "type": "Feature",
      "geometry": {
        "type": "Point",
        "coordinates": [0.0, 0.0]
      },
      "properties": {
        "name": "Munch India",
        "artistlink": "http://bsm.sfdpw.org/PermitsTracker/reports/report.aspx?title=schedule&report=rptSchedule&params=permit=17MFF-0187&ExportPDF=1&Filename=17MFF-0187_schedule.pdf",
        "location": "POST ST: MONTGOMERY ST to LICK PL (1 - 40)",
        "accessibil": "Information not provided",
        "medium": "Truck",
        "requiredar": "Permit: 17MFF-0187",
        "title": "Daily rotating menus consisting of various local & organic vegetable: poultry: meat: seafood : rice & bread dishes.",
        "type": "Truck",
        "descriptio": "Status: REQUESTED"
      }
    },
    {
      "type": "Feature",
      "geometry": {
        "type": "Point",
        "coordinates": [-122.41332312962, 37.75392773573]
      },
      "properties": {
        "name": "El Gallo Jiro",
        "artistlink": "http://bsm.sfdpw.org/PermitsTracker/reports/report.aspx?title=schedule&report=rptSchedule&params=permit=21MFF-00011&ExportPDF=1&Filename=21MFF-00011_schedule.pdf",
        "location": "23RD ST: TREAT AVE to FOLSOM ST (3052 - 3099)",
        "accessibil": "Information not provided",
        "medium": "Truck",
        "requiredar": "Permit: 21MFF-00011",
        "title": "Burritos: Giros: Tortas: Quesadillas: Tacos & Various Beverages",
        "type": "Truck",
        "descriptio": "Status: EXPIRED"
      }
    },
    {
      "type": "Feature",
      "geometry": {
        "type": "Point",
        "coordinates": [-122.40378882961, 37.74378392338]
      },
      "properties": {
        "name": "Park's Catering",
        "artistlink": "http://bsm.sfdpw.org/PermitsTracker/reports/report.aspx?title=schedule&report=rptSchedule&params=permit=21MFF-00115&ExportPDF=1&Filename=21MFF-00115_schedule.pdf",
        "location": "LOOMIS ST: BARNEVELD AVE \\ MCKINNON AVE to OAKDALE AVE (1 - 99)",
        "accessibil": "Information not provided",
        "medium": "Truck",
        "requiredar": "Permit: 21MFF-00115",
        "title": "Cold Truck: Hamburger: cheeseburgers: hot dogs: hot sandwiches: cold sandwiches: egg muffins: cup of noodles: corn dogs: canned soup: coffee: hot cocoa: hot tea: gatorade: juice: milk: soda: water: fruits: fruit salad: rice pudding: yogurt: candy bars: chips: cookies: donuts: granola bars: muffins",
        "type": "Truck",
        "descriptio": "Status: EXPIRED"
      }
    },
    {
      "type": "Feature",
      "geometry": {
        "type": "Point",
        "coordinates": [-122.39566345752, 37.7877332718]
      },
      "properties": {
        "name": "Breakfast Embed",
        "artistlink": "http://bsm.sfdpw.org/PermitsTracker/reports/report.aspx?title=schedule&report=rptSchedule&params=permit=21MFF-00069&ExportPDF=1&Filename=21MFF-00069_schedule.pdf",
        "location": "01ST ST: TEHAMA ST to CLEMENTINA ST (232 - 274)",
        "accessibil": "Information not provided",
        "medium": "Truck",
        "requiredar": "Permit: 21MFF-00069",
        "title": "Coffee: Pastries: Bagels: Sandwiches: Other Items",
        "type": "Truck",
        "descriptio": "Status: EXPIRED"
      }
    },
    {
      "type": "Feature",
      "geometry": {
        "type": "Point",
        "coordinates": [-122.40103785669, 37.79142654133]
      },
      "properties": {
        "name": "Scotch Bonnet",
        "artistlink": "http://bsm.sfdpw.org/PermitsTracker/reports/report.aspx?title=schedule&report=rptSchedule&params=permit=17MFF-0094&ExportPDF=1&Filename=17MFF-0094_schedule.pdf",
        "location": "SANSOME ST: BUSH ST to PINE ST (100 - 199)",
        "accessibil": "Fr:6AM-8PM",
        "medium": "Truck",
        "requiredar": "Permit: 17MFF-0094",
        "title": "Jerk chicken: curry chicken: curry goat: curry dhal: Burritos: Fish: Ox tails: rice: beans: veggies.",
        "type": "Truck",
        "descriptio": "Status: EXPIRED"
      }
    },
    {
      "type": "Feature",
      "geometry": {
        "type": "Point",
        "coordinates": [-122.39704303672, 37.79321373166]
      },
      "properties": {
        "name": "CC Acquisition LLC",
        "artistlink": "http://bsm.sfdpw.org/PermitsTracker/reports/report.aspx?title=schedule&report=rptSchedule&params=permit=18MFF-0033&ExportPDF=1&Filename=18MFF-0033_schedule.pdf",
        "location": "MARKET ST: MAIN ST to BEALE ST \\ DAVIS ST \\ PINE ST (214 - 298) -- NORTH --",
        "accessibil": "Mo-Su:7AM-6PM",
        "medium": "Push Cart",
        "requiredar": "Permit: 18MFF-0033",
        "title": "Indian Chai (Tea)",
        "type": "Push Cart",
        "descriptio": "Status: REQUESTED"
      }
    },
    {
      "type": "Feature",
      "geometry": {
        "type": "Point",
        "coordinates": [-122.39071458482, 37.74569302612]
      },
      "properties": {
        "name": "SOHOMEI, LLC",
        "artistlink": "http://bsm.sfdpw.org/PermitsTracker/reports/report.aspx?title=schedule&report=rptSchedule&params=permit=18MFF-0028&ExportPDF=1&Filename=18MFF-0028_schedule.pdf",
        "location": "DAVIDSON AVE: QUINT ST to RANKIN ST (1500 - 1599)",
        "accessibil": "Mo-Fr:2PM-3PM",
        "medium": "Truck",
        "requiredar": "Permit: 18MFF-0028",
        "title": "COLD TRUCK. Deli: bbq chicken skewer: Chinese spring roll: Chinese fried rice/noodle: fried chicken leg/wing: bbq chicken sandwich: chicken cheese burger: burrito: lumpia. Snack: sunflower seeds: muffins: chips: snickers: kit-kat: 10 types of chocolate. Drinks: Coke: 7-Up: Dr. Pepper: Pepsi: Redbull: Vitamin Water: Rockstar: Coconut Juice: Water. Hot drinks: coffee: tea.",
        "type": "Truck",
        "descriptio": "Status: REQUESTED"
      }
    },
    {
      "type": "Feature",
      "geometry": {
        "type": "Point",
        "coordinates": [0.0, 0.0]
      },
      "properties": {
        "name": "Chilifruit",
        "artistlink": "http://bsm.sfdpw.org/PermitsTracker/reports/report.aspx?title=schedule&report=rptSchedule&params=permit=16MFF-0135&ExportPDF=1&Filename=16MFF-0135_schedule.pdf",
        "location": "24TH ST: MISSION ST to OSAGE ALY (3300 - 3322)",
        "accessibil": "Information not provided",
        "medium": "Push Cart",
        "requiredar": "Permit: 16MFF-0135",
        "title": "Mangoneadas: Fruit snacks: Chamoyadas: Bionicos",
        "type": "Push Cart",
        "descriptio": "Status: REQUESTED"
      }
    },
    {
      "type": "Feature",
      "geometry": {
        "type": "Point",
        "coordinates": [-122.41200033609, 37.7683069928]
      },
      "properties": {
        "name": "SOHOMEI, LLC",
        "artistlink": "http://bsm.sfdpw.org/PermitsTracker/reports/report.aspx?title=schedule&report=rptSchedule&params=permit=18MFF-0028&ExportPDF=1&Filename=18MFF-0028_schedule.pdf",
        "location": "TREAT AVE: DIVISION ST \\ FLORIDA ST to ALAMEDA ST (1 - 99)",
        "accessibil": "Mo-Fr:7AM-8AM/10AM-11AM/12PM-1PM",
        "medium": "Truck",
        "requiredar": "Permit: 18MFF-0028",
        "title": "COLD TRUCK. Deli: bbq chicken skewer: Chinese spring roll: Chinese fried rice/noodle: fried chicken leg/wing: bbq chicken sandwich: chicken cheese burger: burrito: lumpia. Snack: sunflower seeds: muffins: chips: snickers: kit-kat: 10 types of chocolate. Drinks: Coke: 7-Up: Dr. Pepper: Pepsi: Redbull: Vitamin Water: Rockstar: Coconut Juice: Water. Hot drinks: coffee: tea.",
        "type": "Truck",
        "descriptio": "Status: REQUESTED"
      }
    },
    {
      "type": "Feature",
      "geometry": {
        "type": "Point",
        "coordinates": [-122.39781803172, 37.75023688478]
      },
      "properties": {
        "name": "Quan Catering",
        "artistlink": "http://bsm.sfdpw.org/PermitsTracker/reports/report.aspx?title=schedule&report=rptSchedule&params=permit=19MFF-00055&ExportPDF=1&Filename=19MFF-00055_schedule.pdf",
        "location": "CESAR CHAVEZ ST: CONNECTICUT ST to EVANS AVE (1900 - 2099)",
        "accessibil": "Information not provided",
        "medium": "Truck",
        "requiredar": "Permit: 19MFF-00055",
        "title": "Cold Truck: Soft drinks: cup cakes: potato chips: cookies: gum: sandwiches (hot & cold): peanuts: muffins: coff (hot & cold): water: juice: yoplait: milk: orange juice: sunflower seeds: can foods: burritos: buscuits: chimichangas: rice krispies",
        "type": "Truck",
        "descriptio": "Status: EXPIRED"
      }
    },
    {
      "type": "Feature",
      "geometry": {
        "type": "Point",
        "coordinates": [-122.41151586527, 37.77833025576]
      },
      "properties": {
        "name": "Kabob Trolley, LLC",
        "artistlink": "http://bsm.sfdpw.org/PermitsTracker/reports/report.aspx?title=schedule&report=rptSchedule&params=permit=18MFF-0106&ExportPDF=1&Filename=18MFF-0106_schedule.pdf",
        "location": "MISSION ST: 07TH ST to ANGELOS ALY \\ JULIA ST (1100 - 1165)",
        "accessibil": "Mo/Tu/Fr:9AM-4PM",
        "medium": "Truck",
        "requiredar": "Permit: 18MFF-0106",
        "title": "Halal Gyro and Cheesesteaks",
        "type": "Truck",
        "descriptio": "Status: REQUESTED"
      }
    },
    {
      "type": "Feature",
      "geometry": {
        "type": "Point",
        "coordinates": [-122.42208262099, 37.76385808136]
      },
      "properties": {
        "name": "CC Acquisition LLC",
        "artistlink": "http://bsm.sfdpw.org/PermitsTracker/reports/report.aspx?title=schedule&report=rptSchedule&params=permit=18MFF-0034&ExportPDF=1&Filename=18MFF-0034_schedule.pdf",
        "location": "VALENCIA ST: 16TH ST to 17TH ST (500 - 599)",
        "accessibil": "Sa-Su:9AM-4PM",
        "medium": "Push Cart",
        "requiredar": "Permit: 18MFF-0034",
        "title": "Chai Tea",
        "type": "Push Cart",
        "descriptio": "Status: REQUESTED"
      }
    },
    {
      "type": "Feature",
      "geometry": {
        "type": "Point",
        "coordinates": [-122.49267708221, 37.74255037356]
      },
      "properties": {
        "name": "Swell Cream & Coffee",
        "artistlink": "http://bsm.sfdpw.org/PermitsTracker/reports/report.aspx?title=schedule&report=rptSchedule&params=permit=17MFF-0002&ExportPDF=1&Filename=17MFF-0002_schedule.pdf",
        "location": "TARAVAL ST: 34TH AVE to 35TH AVE (2400 - 2499)",
        "accessibil": "Information not provided",
        "medium": "Truck",
        "requiredar": "Permit: 17MFF-0002",
        "title": "Ice cream: coffee: pastries",
        "type": "Truck",
        "descriptio": "Status: REQUESTED"
      }
    },
    {
      "type": "Feature",
      "geometry": {
        "type": "Point",
        "coordinates": [-122.40541797745, 37.74171783074]
      },
      "properties": {
        "name": "Giant Burrito",
        "artistlink": "http://bsm.sfdpw.org/PermitsTracker/reports/report.aspx?title=schedule&report=rptSchedule&params=permit=24MFF-00010&ExportPDF=1&Filename=24MFF-00010_schedule.pdf",
        "location": "BAY SHORE BLVD: FLOWER ST to CORTLAND AVE (341 - 489) -- EAST --",
        "accessibil": "Information not provided",
        "medium": "Truck",
        "requiredar": "Permit: 24MFF-00010",
        "title": "Tacos: Burritos: Tostadas: Flautas: Tostadas: Tortas: Pozole Menudo",
        "type": "Truck",
        "descriptio": "Status: REQUESTED"
      }
    },
    {
      "type": "Feature",
      "geometry": {
        "type": "Point",
        "coordinates": [-122.42414994487, 37.80774328845]
      },
      "properties": {
        "name": "Bay Area Dots, LLC",
        "artistlink": "http://bsm.sfdpw.org/PermitsTracker/reports/report.aspx?title=schedule&report=rptSchedule&params=permit=19MFF-00116&ExportPDF=1&Filename=19MFF-00116_schedule.pdf",
        "location": "BEACH ST: HYDE ST to LARKIN ST (700 - 799)",
        "accessibil": "Information not provided",
        "medium": "Push Cart",
        "requiredar": "Permit: 19MFF-00116",
        "title": "Hot dogs: condiments: soft pretzels: soft drinks: coffee:cold beverages: pastries: bakery goods: cookies: icecream: candy: soups: churros: chestnuts: nuts: fresh fruit: fruit juices: desserts: potato chips and popcorn.",
        "type": "Push Cart",
        "descriptio": "Status: REQUESTED"
      }
    },
    {
      "type": "Feature",
      "geometry": {
        "type": "Point",
        "coordinates": [-122.38909797019, 37.74176064967]
      },
      "properties": {
        "name": "Park's Catering",
        "artistlink": "http://bsm.sfdpw.org/PermitsTracker/reports/report.aspx?title=schedule&report=rptSchedule&params=permit=21MFF-00115&ExportPDF=1&Filename=21MFF-00115_schedule.pdf",
        "location": "PHELPS ST: FAIRFAX AVE to SAM JORDANS WAY (500 - 599)",
        "accessibil": "Information not provided",
        "medium": "Truck",
        "requiredar": "Permit: 21MFF-00115",
        "title": "Cold Truck: Hamburger: cheeseburgers: hot dogs: hot sandwiches: cold sandwiches: egg muffins: cup of noodles: corn dogs: canned soup: coffee: hot cocoa: hot tea: gatorade: juice: milk: soda: water: fruits: fruit salad: rice pudding: yogurt: candy bars: chips: cookies: donuts: granola bars: muffins",
        "type": "Truck",
        "descriptio": "Status: EXPIRED"
      }
    },
    {
      "type": "Feature",
      "geometry": {
        "type": "Point",
        "coordinates": [-122.39462918166, 37.78064721005]
      },
      "properties": {
        "name": "Tacos El Ojo De Agua",
        "artistlink": "http://bsm.sfdpw.org/PermitsTracker/reports/report.aspx?title=schedule&report=rptSchedule&params=permit=19MFF-00046&ExportPDF=1&Filename=19MFF-00046_schedule.pdf",
        "location": "03RD ST: SOUTH PARK to VARNEY PL (548 - 586)",
        "accessibil": "Information not provided",
        "medium": "Truck",
        "requiredar": "Permit: 19MFF-00046",
        "title": "Tacos: Burritos: Tortas: Quesadillas: Salads: Soup: Fruits: Juices: Soda: Water",
        "type": "Truck",
        "descriptio": "Status: EXPIRED"
      }
    },
    {
      "type": "Feature",
      "geometry": {
        "type": "Point",
        "coordinates": [-122.39836076941, 37.78790957954]
      },
      "properties": {
        "name": "Off the Grid Services, LLC",
        "artistlink": "http://bsm.sfdpw.org/PermitsTracker/reports/report.aspx?title=schedule&report=rptSchedule&params=permit=21MFF-00073&ExportPDF=1&Filename=21MFF-00073_schedule.pdf",
        "location": "MINNA ST: SHAW ALY to 02ND ST (44 - 99)",
        "accessibil": "Information not provided",
        "medium": "Information not provided",
        "requiredar": "Permit: 21MFF-00073",
        "title": "N/A",
        "type": "Information not provided",
        "descriptio": "Status: REQUESTED"
      }
    },
    {
      "type": "Feature",
      "geometry": {
        "type": "Point",
        "coordinates": [-122.38636768586, 37.75338080997]
      },
      "properties": {
        "name": "F & C Catering",
        "artistlink": "http://bsm.sfdpw.org/PermitsTracker/reports/report.aspx?title=schedule&report=rptSchedule&params=permit=21MFF-00035&ExportPDF=1&Filename=21MFF-00035_schedule.pdf",
        "location": "25TH ST: MICHIGAN ST to ILLINOIS ST (700 - 799)",
        "accessibil": "Information not provided",
        "medium": "Truck",
        "requiredar": "Permit: 21MFF-00035",
        "title": "Cold Truck: Hot/Cold Sandwiches: Water: Soda: Juice: Snacks: Milk: Candies: Canned Food: Soups: Cup of Noodles: Fruit: Salad",
        "type": "Truck",
        "descriptio": "Status: EXPIRED"
      }
    },
    {
      "type": "Feature",
      "geometry": {
        "type": "Point",
        "coordinates": [-122.41724962664, 37.77582551976]
      },
      "properties": {
        "name": "The Chef Station",
        "artistlink": "http://bsm.sfdpw.org/PermitsTracker/reports/report.aspx?title=schedule&report=rptSchedule&params=permit=17MFF-0203&ExportPDF=1&Filename=17MFF-0203_schedule.pdf",
        "location": "10TH ST: FELL ST \\ MARKET ST \\ POLK ST to STEVENSON ST (1 - 18)",
        "accessibil": "Information not provided",
        "medium": "Truck",
        "requiredar": "Permit: 17MFF-0203",
        "title": "South American/Peruvian food",
        "type": "Truck",
        "descriptio": "Status: REQUESTED"
      }
    },
    {
      "type": "Feature",
      "geometry": {
        "type": "Point",
        "coordinates": [-122.49628067271, 37.74732654654]
      },
      "properties": {
        "name": "Sunset Mercantile/Outer Sunset Farmers Market & Mercantile",
        "artistlink": "http://bsm.sfdpw.org/PermitsTracker/reports/report.aspx?title=schedule&report=rptSchedule&params=permit=22MFF-00031&ExportPDF=1&Filename=22MFF-00031_schedule.pdf",
        "location": "37TH AVE: QUINTARA ST to RIVERA ST (2100 - 2199)",
        "accessibil": "Information not provided",
        "medium": "Truck",
        "requiredar": "Permit: 22MFF-00031",
        "title": "Multiple Food Trucks & Food Types",
        "type": "Truck",
        "descriptio": "Status: REQUESTED"
      }
    },
    {
      "type": "Feature",
      "geometry": {
        "type": "Point",
        "coordinates": [-122.41937920298, 37.75887999201]
      },
      "properties": {
        "name": "Julie's Hot Dogs",
        "artistlink": "http://bsm.sfdpw.org/PermitsTracker/reports/report.aspx?title=schedule&report=rptSchedule&params=permit=15MFF-0007&ExportPDF=1&Filename=15MFF-0007_schedule.pdf",
        "location": "MISSION ST: 19TH ST to 20TH ST (2300 - 2399)",
        "accessibil": "Tu/We/Th:12AM-3AM;Mo-We:12PM-12AM",
        "medium": "Truck",
        "requiredar": "Permit: 15MFF-0007",
        "title": "Hot dogs: bacon-wrapped hot dogs: chicken burgers: energy drinks: water and various other drinks.",
        "type": "Truck",
        "descriptio": "Status: REQUESTED"
      }
    },
    {
      "type": "Feature",
      "geometry": {
        "type": "Point",
        "coordinates": [-122.39610066847, 37.787988649]
      },
      "properties": {
        "name": "Bonito Poke",
        "artistlink": "http://bsm.sfdpw.org/PermitsTracker/reports/report.aspx?title=schedule&report=rptSchedule&params=permit=22MFF-00071&ExportPDF=1&Filename=22MFF-00071_schedule.pdf",
        "location": "01ST ST: HOWARD ST to TEHAMA ST (200 - 231)",
        "accessibil": "Information not provided",
        "medium": "Truck",
        "requiredar": "Permit: 22MFF-00071",
        "title": "Bonito Poke Bowls & Various Drinks",
        "type": "Truck",
        "descriptio": "Status: REQUESTED"
      }
    },
    {
      "type": "Feature",
      "geometry": {
        "type": "Point",
        "coordinates": [-122.3890662056, 37.78623677447]
      },
      "properties": {
        "name": "Cochinita",
        "artistlink": "http://bsm.sfdpw.org/PermitsTracker/reports/report.aspx?title=schedule&report=rptSchedule&params=permit=22MFF-00021&ExportPDF=1&Filename=22MFF-00021_schedule.pdf",
        "location": "BEALE ST: BRYANT ST \\ DELANCEY ST to END: 500-501 BLOCK (500 - 599)",
        "accessibil": "Information not provided",
        "medium": "Truck",
        "requiredar": "Permit: 22MFF-00021",
        "title": "Mexican Food: Yucatan Food: Street Food",
        "type": "Truck",
        "descriptio": "Status: EXPIRED"
      }
    },
    {
      "type": "Feature",
      "geometry": {
        "type": "Point",
        "coordinates": [-122.38993787932, 37.71644300215]
      },
      "properties": {
        "name": "Singh Brothers Ice Cream",
        "artistlink": "http://bsm.sfdpw.org/PermitsTracker/reports/report.aspx?title=schedule&report=rptSchedule&params=permit=17MFF-0182&ExportPDF=1&Filename=17MFF-0182_schedule.pdf",
        "location": "JAMESTOWN AVE: GRIFFITH ST to CORONADO ST (800 - 850)",
        "accessibil": "Mo-Fr:12PM-1PM",
        "medium": "Truck",
        "requiredar": "Permit: 17MFF-0182",
        "title": "Ice Cream: Pre-Packaged Chips: Candies: Bottled Water & Canned SODA",
        "type": "Truck",
        "descriptio": "Status: REQUESTED"
      }
    },
    {
      "type": "Feature",
      "geometry": {
        "type": "Point",
        "coordinates": [-122.40354625418, 37.77102199924]
      },
      "properties": {
        "name": "Athena SF Gyro",
        "artistlink": "http://bsm.sfdpw.org/PermitsTracker/reports/report.aspx?title=schedule&report=rptSchedule&params=permit=15MFF-0145&ExportPDF=1&Filename=15MFF-0145_schedule.pdf",
        "location": "08TH ST: BRANNAN ST to TOWNSEND ST (600 - 699)",
        "accessibil": "Mo-We:6AM-6PM",
        "medium": "Push Cart",
        "requiredar": "Permit: 15MFF-0145",
        "title": "Gyro pita bread (Lamb or chicken): lamb over rice: chicken over rice: chicken biryani rice: soft drinks",
        "type": "Push Cart",
        "descriptio": "Status: REQUESTED"
      }
    },
    {
      "type": "Feature",
      "geometry": {
        "type": "Point",
        "coordinates": [-122.43296970199, 37.72756653759]
      },
      "properties": {
        "name": "tacos y pupusas los trinos",
        "artistlink": "http://bsm.sfdpw.org/PermitsTracker/reports/report.aspx?title=schedule&report=rptSchedule&params=permit=19MFF-00048&ExportPDF=1&Filename=19MFF-00048_schedule.pdf",
        "location": "MISSION ST: AVALON AVE to COTTER ST (4368 - 4439)",
        "accessibil": "Information not provided",
        "medium": "Information not provided",
        "requiredar": "Permit: 19MFF-00048",
        "title": "Information not provided",
        "type": "Information not provided",
        "descriptio": "Status: REQUESTED"
      }
    },
    {
      "type": "Feature",
      "geometry": {
        "type": "Point",
        "coordinates": [-122.50959579625, 37.7636080411]
      },
      "properties": {
        "name": "California Kahve",
        "artistlink": "http://bsm.sfdpw.org/PermitsTracker/reports/report.aspx?title=schedule&report=rptSchedule&params=permit=21MFF-00102&ExportPDF=1&Filename=21MFF-00102_schedule.pdf",
        "location": "LA PLAYA: LINCOLN WAY \\ MARTIN LUTHER KING JR DR to IRVING ST (1200 - 1299)",
        "accessibil": "Information not provided",
        "medium": "Truck",
        "requiredar": "Permit: 21MFF-00102",
        "title": "Drip Coffee: Espresso Drinks: Matcha Green Tea: Black Teas: Herbal Teas: Crossaints: Savory and Sweet Breads",
        "type": "Truck",
        "descriptio": "Status: EXPIRED"
      }
    },
    {
      "type": "Feature",
      "geometry": {
        "type": "Point",
        "coordinates": [-122.44778964048, 37.78072314754]
      },
      "properties": {
        "name": "SOHOMEI, LLC",
        "artistlink": "http://bsm.sfdpw.org/PermitsTracker/reports/report.aspx?title=schedule&report=rptSchedule&params=permit=18MFF-0028&ExportPDF=1&Filename=18MFF-0028_schedule.pdf",
        "location": "MASONIC AVE: MCALLISTER ST to FULTON ST (500 - 599)",
        "accessibil": "Mo-Fr:9AM-10AM",
        "medium": "Truck",
        "requiredar": "Permit: 18MFF-0028",
        "title": "COLD TRUCK. Deli: bbq chicken skewer: Chinese spring roll: Chinese fried rice/noodle: fried chicken leg/wing: bbq chicken sandwich: chicken cheese burger: burrito: lumpia. Snack: sunflower seeds: muffins: chips: snickers: kit-kat: 10 types of chocolate. Drinks: Coke: 7-Up: Dr. Pepper: Pepsi: Redbull: Vitamin Water: Rockstar: Coconut Juice: Water. Hot drinks: coffee: tea.",
        "type": "Truck",
        "descriptio": "Status: REQUESTED"
      }
    },
    {
      "type": "Feature",
      "geometry": {
        "type": "Point",
        "coordinates": [-122.41161543052, 37.77915720534]
      },
      "properties": {
        "name": "SOHOMEI, LLC",
        "artistlink": "http://bsm.sfdpw.org/PermitsTracker/reports/report.aspx?title=schedule&report=rptSchedule&params=permit=18MFF-0028&ExportPDF=1&Filename=18MFF-0028_schedule.pdf",
        "location": "MISSION ST: 07TH ST to ANGELOS ALY \\ JULIA ST (1100 - 1165)",
        "accessibil": "Mo-Fr:12PM-1PM",
        "medium": "Truck",
        "requiredar": "Permit: 18MFF-0028",
        "title": "COLD TRUCK. Deli: bbq chicken skewer: Chinese spring roll: Chinese fried rice/noodle: fried chicken leg/wing: bbq chicken sandwich: chicken cheese burger: burrito: lumpia. Snack: sunflower seeds: muffins: chips: snickers: kit-kat: 10 types of chocolate. Drinks: Coke: 7-Up: Dr. Pepper: Pepsi: Redbull: Vitamin Water: Rockstar: Coconut Juice: Water. Hot drinks: coffee: tea.",
        "type": "Truck",
        "descriptio": "Status: REQUESTED"
      }
    },
    {
      "type": "Feature",
      "geometry": {
        "type": "Point",
        "coordinates": [-122.40197697572, 37.74761607223]
      },
      "properties": {
        "name": "Park's Catering",
        "artistlink": "http://bsm.sfdpw.org/PermitsTracker/reports/report.aspx?title=schedule&report=rptSchedule&params=permit=21MFF-00115&ExportPDF=1&Filename=21MFF-00115_schedule.pdf",
        "location": "MARIN ST: KANSAS ST to HWY 101 N ON RAMP (2500 - 2599)",
        "accessibil": "Information not provided",
        "medium": "Truck",
        "requiredar": "Permit: 21MFF-00115",
        "title": "Cold Truck: Hamburger: cheeseburgers: hot dogs: hot sandwiches: cold sandwiches: egg muffins: cup of noodles: corn dogs: canned soup: coffee: hot cocoa: hot tea: gatorade: juice: milk: soda: water: fruits: fruit salad: rice pudding: yogurt: candy bars: chips: cookies: donuts: granola bars: muffins",
        "type": "Truck",
        "descriptio": "Status: EXPIRED"
      }
    },
    {
      "type": "Feature",
      "geometry": {
        "type": "Point",
        "coordinates": [-122.39644435936, 37.7788631355]
      },
      "properties": {
        "name": "Cochinita",
        "artistlink": "http://bsm.sfdpw.org/PermitsTracker/reports/report.aspx?title=schedule&report=rptSchedule&params=permit=22MFF-00021&ExportPDF=1&Filename=22MFF-00021_schedule.pdf",
        "location": "BRANNAN ST: ZOE ST to 04TH ST (440 - 499)",
        "accessibil": "Information not provided",
        "medium": "Truck",
        "requiredar": "Permit: 22MFF-00021",
        "title": "Mexican Food: Yucatan Food: Street Food",
        "type": "Truck",
        "descriptio": "Status: EXPIRED"
      }
    },
    {
      "type": "Feature",
      "geometry": {
        "type": "Point",
        "coordinates": [-122.40033367368, 37.79054831818]
      },
      "properties": {
        "name": "Shah's Halal Food",
        "artistlink": "Information not provided",
        "location": "MARKET ST: BATTERY ST to SUTTER ST (540 - 558) -- NORTH --",
        "accessibil": "Information not provided",
        "medium": "Push Cart",
        "requiredar": "Permit: 22MFF-00022",
        "title": "Chicken Gyro: Lamb Gyro: Chiken Gyro Plate: Lamb Gyro Plate: Combination Gyro Plate.",
        "type": "Push Cart",
        "descriptio": "Status: SUSPEND"
      }
    }
  ]
}