{ "type": "FeatureCollection", "features": [
{"type":"Feature","geometry":{"type":"Point","coordinates":[-119.850813964,37.880799395]},"properties":{"name":"Camp Mather - Upper Shang spigot","uid":"500404642223041528","resource_type":"drinking_water","water_fountain":"1","bottle_filler":"0","jug_filler":"0","dog_fountain":"0","latitude":"37.8807994","longitude":"-119.85081396000001","address":"32560 Mather Road","city":"San Francisco","state":"CA","zip_code":"95321","park":"Camp Mather","access":"publicly_accessible","public_access_hours_open":"08:00:00","public_access_hours_close":"20:00:00","public_access_days":"Daily","notes":null,"source":"rec","supervisor_district":null,"analysis_neighborhood":null,"data_as_of":"2026-03-10T15:25:27.000","data_loaded_at":"2026-05-01T09:08:14.258",":id":"row-ypuk-py8v.wz57",":version":"rv-z8e6_umn5-pgdt",":created_at":"2026-05-01T16:08:20.998Z",":updated_at":"2026-05-01T16:08:25.342Z",":@computed_region_jwn9_ihcz":null,":@computed_region_qgnn_b9vv":null,":@computed_region_26cr_cadq":null,":@computed_region_ajp5_b2md":null,":@computed_region_bz92_g22m":"50"}},
{"type":"Feature","geometry":{"type":"Point","coordinates":[-122.427103718,37.759456083]},"properties":{"name":"Mission Dolores Park - Drinking Fountain/Cooler","uid":"5567630140702737764","resource_type":"drinking_water","water_fountain":"1","bottle_filler":"0","jug_filler":"0","dog_fountain":"1","latitude":"37.75945608","longitude":"-122.42710371999999","address":"646 Dolores St","city":"San Francisco","state":"CA","zip_code":"94114","park":"Mission Dolores Park","access":"publicly_accessible","public_access_hours_open":"08:00:00","public_access_hours_close":"20:00:00","public_access_days":"Daily","notes":null,"source":"rec","supervisor_district":"8","analysis_neighborhood":"Castro/Upper Market","data_as_of":"2026-03-10T15:25:27.000","data_loaded_at":"2026-05-01T09:08:14.258",":id":"row-45tq_9uuw-scsp",":version":"rv-3w3x.94xi.kpr3",":created_at":"2026-05-01T16:08:20.998Z",":updated_at":"2026-05-01T16:08:25.342Z",":@computed_region_jwn9_ihcz":"37",":@computed_region_qgnn_b9vv":"3",":@computed_region_26cr_cadq":"5",":@computed_region_ajp5_b2md":"5",":@computed_region_bz92_g22m":"213"}},
{"type":"Feature","geometry":{"type":"Point","coordinates":[-122.457944722,37.77273831]},"properties":{"name":"Golden Gate Park - Section 1 - Drinking Fountain/Cooler","uid":"2486624640236419123","resource_type":"drinking_water","water_fountain":"1","bottle_filler":"0","jug_filler":"0","dog_fountain":"0","latitude":"37.77273831","longitude":"-122.45794472","address":"501 Stanyan St","city":"San Francisco","state":"CA","zip_code":"94117","park":"Golden Gate Park - Section 1","access":"publicly_accessible","public_access_hours_open":"08:00:00","public_access_hours_close":"20:00:00","public_access_days":"Daily","notes":null,"source":"rec","supervisor_district":"1","analysis_neighborhood":"Golden Gate Park","data_as_of":"2026-03-10T15:25:27.000","data_loaded_at":"2026-05-01T09:08:14.258",":id":"row-d7n8~8j6g~8zpb",":version":"rv-dywf.kurn~xm5f",":created_at":"2026-05-01T16:08:20.998Z",":updated_at":"2026-05-01T16:08:25.342Z",":@computed_region_jwn9_ihcz":"9",":@computed_region_qgnn_b9vv":"7",":@computed_region_26cr_cadq":"4",":@computed_region_ajp5_b2md":"12",":@computed_region_bz92_g22m":"229"}},
{"type":"Feature","geometry":{"type":"Point","coordinates":[-122.384096778,37.738110702]},"properties":{"name":"Youngblood-Coleman Playground - Drinking Fountain","uid":"7488117535092509910","resource_type":"drinking_water","water_fountain":"1","bottle_filler":"1","jug_filler":"0","dog_fountain":"0","latitude":"37.7381107","longitude":"-122.38409678000001","address":"1398 Hudson Ave","city":"San Francisco","state":"CA","zip_code":"94124","park":"Youngblood-Coleman Playground","access":"publicly_accessible","public_access_hours_open":"08:00:00","public_access_hours_close":"20:00:00","public_access_days":"Daily","notes":null,"source":"rec","supervisor_district":"10","analysis_neighborhood":"Bayview Hunters Point","data_as_of":"2026-03-20T14:43:58.000","data_loaded_at":"2026-05-01T09:08:14.258",":id":"row-k979~2ndu-e9z9",":version":"rv-n4a9~96xf~cpsw",":created_at":"2026-05-01T16:08:20.998Z",":updated_at":"2026-05-01T16:08:25.342Z",":@computed_region_jwn9_ihcz":"86",":@computed_region_qgnn_b9vv":"2",":@computed_region_26cr_cadq":"9",":@computed_region_ajp5_b2md":"1",":@computed_region_bz92_g22m":"224"}},
{"type":"Feature","geometry":{"type":"Point","coordinates":[-122.476633752,37.766347918]},"properties":{"name":"Golden Gate Park - Section 4 - Mothers Meadow Drinking fountain","uid":"702834019861779510","resource_type":"drinking_water","water_fountain":"1","bottle_filler":"1","jug_filler":"0","dog_fountain":"0","latitude":"37.76634792","longitude":"-122.47663375","address":"501 Stanyan St","city":"San Francisco","state":"CA","zip_code":"94118","park":"Golden Gate Park - Section 4","access":"publicly_accessible","public_access_hours_open":"08:00:00","public_access_hours_close":"20:00:00","public_access_days":"Daily","notes":null,"source":"rec","supervisor_district":"7","analysis_neighborhood":"Golden Gate Park","data_as_of":"2026-03-10T15:25:27.000","data_loaded_at":"2026-05-01T09:08:14.258",":id":"row-9xgp~jxnv.hyc3",":version":"rv-ps5a_usjq.zxsv",":created_at":"2026-05-01T16:08:20.998Z",":updated_at":"2026-05-01T16:08:25.342Z",":@computed_region_jwn9_ihcz":"9",":@computed_region_qgnn_b9vv":"8",":@computed_region_26cr_cadq":"4",":@computed_region_ajp5_b2md":"12",":@computed_region_bz92_g22m":"232"}},
{"type":"Feature","geometry":{"type":"Point","coordinates":[-122.425379033,37.780879376]},"properties":{"name":"Margaret S Hayward Playground - Drinking Fountain/Cooler","uid":"9170562228902307687","resource_type":"drinking_water","water_fountain":"1","bottle_filler":"0","jug_filler":"0","dog_fountain":"0","latitude":"37.78087938","longitude":"-122.42537902999999","address":"1016 Laguna St","city":"San Francisco","state":"CA","zip_code":"94102","park":"Margaret S Hayward Playground","access":"publicly_accessible","public_access_hours_open":"08:00:00","public_access_hours_close":"20:00:00","public_access_days":"Daily","notes":null,"source":"rec","supervisor_district":"5","analysis_neighborhood":"Western Addition","data_as_of":"2026-03-10T15:25:27.000","data_loaded_at":"2026-05-01T09:08:14.258",":id":"row-29py_6bbu~rzaa",":version":"rv-dnbv.du4w~58iu",":created_at":"2026-05-01T16:08:20.998Z",":updated_at":"2026-05-01T16:08:25.342Z",":@computed_region_jwn9_ihcz":"100",":@computed_region_qgnn_b9vv":"4",":@computed_region_26cr_cadq":"11",":@computed_region_ajp5_b2md":"39",":@computed_region_bz92_g22m":"140"}},
{"type":"Feature","geometry":{"type":"Point","coordinates":[-122.420569168,37.722146731]},"properties":{"name":"John McLaren Park - Drinking Fountain/Cooler","uid":"1327710262483953289","resource_type":"drinking_water","water_fountain":"1","bottle_filler":"0","jug_filler":"0","dog_fountain":"1","latitude":"37.72214673","longitude":"-122.42056917000001","address":"100 John F Shelley Dr","city":"San Francisco","state":"CA","zip_code":"94134","park":"John McLaren Park","access":"publicly_accessible","public_access_hours_open":"08:00:00","public_access_hours_close":"20:00:00","public_access_days":"Daily","notes":null,"source":"rec","supervisor_district":"9","analysis_neighborhood":"McLaren Park","data_as_of":"2026-03-10T15:25:27.000","data_loaded_at":"2026-05-01T09:08:14.258",":id":"row-gq4j~ip72.vk5d",":version":"rv-7c7s-m2np.awqb",":created_at":"2026-05-01T16:08:20.998Z",":updated_at":"2026-05-01T16:08:25.342Z",":@computed_region_jwn9_ihcz":"73",":@computed_region_qgnn_b9vv":"9",":@computed_region_26cr_cadq":"2",":@computed_region_ajp5_b2md":"19",":@computed_region_bz92_g22m":"7"}},
{"type":"Feature","geometry":{"type":"Point","coordinates":[-122.415555942,37.76379718]},"properties":{"name":"In Chan Kaajal Park - Drinking Fountain/Cooler","uid":"7563868324743124979","resource_type":"drinking_water","water_fountain":"1","bottle_filler":"1","jug_filler":"0","dog_fountain":"0","latitude":"37.76379718","longitude":"-122.41555593999999","address":"2080 Folsom St","city":"San Francisco","state":"CA","zip_code":"94110","park":"In Chan Kaajal Park","access":"publicly_accessible","public_access_hours_open":"08:00:00","public_access_hours_close":"20:00:00","public_access_days":"Daily","notes":null,"source":"rec","supervisor_district":"9","analysis_neighborhood":"Mission","data_as_of":"2026-03-10T15:25:27.000","data_loaded_at":"2026-05-01T09:08:14.258",":id":"row-ycsv~ukjj.z5e5",":version":"rv-z84t_e874~hbjd",":created_at":"2026-05-01T16:08:20.998Z",":updated_at":"2026-05-01T16:08:25.342Z",":@computed_region_jwn9_ihcz":"53",":@computed_region_qgnn_b9vv":"3",":@computed_region_26cr_cadq":"2",":@computed_region_ajp5_b2md":"20",":@computed_region_bz92_g22m":"203"}},
{"type":"Feature","geometry":{"type":"Point","coordinates":[-122.392106,37.793789]},"properties":{"name":"Pier 14","uid":"760719995364998060","resource_type":"drinking_water","water_fountain":"1","bottle_filler":"1","jug_filler":"0","dog_fountain":"0","latitude":"37.793789","longitude":"-122.392106","address":"Embarcadero and Broadway","city":"San Francisco","state":"CA","zip_code":"94105","park":null,"access":"publicly_accessible","public_access_hours_open":null,"public_access_hours_close":null,"public_access_days":"Daily","notes":"On sidewalk","source":"port","supervisor_district":"6","analysis_neighborhood":"Financial District/South Beach","data_as_of":"2024-10-04T13:51:23.000","data_loaded_at":"2026-05-01T09:08:14.258",":id":"row-923w~k9e5.md85",":version":"rv-wiqt_e5df_g7qw",":created_at":"2026-05-01T16:08:20.998Z",":updated_at":"2026-05-01T16:08:25.342Z",":@computed_region_jwn9_ihcz":"108",":@computed_region_qgnn_b9vv":"1",":@computed_region_26cr_cadq":"10",":@computed_region_ajp5_b2md":"8",":@computed_region_bz92_g22m":null}},
{"type":"Feature","geometry":{"type":"Point","coordinates":[-122.449795817,37.788531804]},"properties":{"name":"Presidio Heights Playground - Drinking Fountain/Cooler","uid":"3897957390348168831","resource_type":"drinking_water","water_fountain":"1","bottle_filler":"0","jug_filler":"0","dog_fountain":"0","latitude":"37.7885318","longitude":"-122.44979582","address":"3437 Clay St","city":"San Francisco","state":"CA","zip_code":"94118","park":"Presidio Heights Playground","access":"publicly_accessible","public_access_hours_open":"08:00:00","public_access_hours_close":"20:00:00","public_access_days":"Daily","notes":null,"source":"rec","supervisor_district":"2","analysis_neighborhood":"Presidio Heights","data_as_of":"2026-03-10T15:25:27.000","data_loaded_at":"2026-05-01T09:08:14.258",":id":"row-xa9e_xy8a-damn",":version":"rv-8535.wz8d.r9ct",":created_at":"2026-05-01T16:08:20.998Z",":updated_at":"2026-05-01T16:08:25.342Z",":@computed_region_jwn9_ihcz":"10",":@computed_region_qgnn_b9vv":"8",":@computed_region_26cr_cadq":"6",":@computed_region_ajp5_b2md":"31",":@computed_region_bz92_g22m":"125"}},
{"type":"Feature","geometry":{"type":"Point","coordinates":[-122.464340641,37.772569474]},"properties":{"name":"Golden Gate Park - Section 2 - Alley of Humanitarian Drinking fountain","uid":"6472595042223980244","resource_type":"drinking_water","water_fountain":"1","bottle_filler":"1","jug_filler":"0","dog_fountain":"0","latitude":"37.77256947","longitude":"-122.46434063999999","address":"501 Stanyan St","city":"San Francisco","state":"CA","zip_code":"94117","park":"Golden Gate Park - Section 2","access":"publicly_accessible","public_access_hours_open":"08:00:00","public_access_hours_close":"20:00:00","public_access_days":"Daily","notes":null,"source":"rec","supervisor_district":"1","analysis_neighborhood":"Golden Gate Park","data_as_of":"2026-03-10T15:25:27.000","data_loaded_at":"2026-05-01T09:08:14.258",":id":"row-6vyf.rma9.bvdp",":version":"rv-jvu7.dqud_k7dm",":created_at":"2026-05-01T16:08:20.998Z",":updated_at":"2026-05-01T16:08:25.342Z",":@computed_region_jwn9_ihcz":"9",":@computed_region_qgnn_b9vv":"8",":@computed_region_26cr_cadq":"4",":@computed_region_ajp5_b2md":"12",":@computed_region_bz92_g22m":"235"}},
{"type":"Feature","geometry":{"type":"Point","coordinates":[-122.409677332,37.729370369]},"properties":{"name":"Palega Playground - Drinking Fountain/Cooler","uid":"8565560003515972315","resource_type":"drinking_water","water_fountain":"1","bottle_filler":"1","jug_filler":"0","dog_fountain":"0","latitude":"37.729370370000005","longitude":"-122.40967733","address":"500 Felton St","city":"San Francisco","state":"CA","zip_code":"94134","park":"Palega Playground","access":"publicly_accessible","public_access_hours_open":"08:00:00","public_access_hours_close":"20:00:00","public_access_days":"Daily","notes":null,"source":"rec","supervisor_district":"9","analysis_neighborhood":"Portola","data_as_of":"2026-03-10T15:25:27.000","data_loaded_at":"2026-05-01T09:08:14.258",":id":"row-msjy-yiaa~3jkp",":version":"rv-6ywv~n5s7~wg3m",":created_at":"2026-05-01T16:08:20.998Z",":updated_at":"2026-05-01T16:08:25.342Z",":@computed_region_jwn9_ihcz":"91",":@computed_region_qgnn_b9vv":"2",":@computed_region_26cr_cadq":"2",":@computed_region_ajp5_b2md":"25",":@computed_region_bz92_g22m":"130"}},
{"type":"Feature","geometry":{"type":"Point","coordinates":[-122.457547318,37.715034559]},"properties":{"name":"Minnie and Lovie Ward Rec Center - Minnie and Lovie Path","uid":"6762195843682271149","resource_type":"drinking_water","water_fountain":"1","bottle_filler":"0","jug_filler":"0","dog_fountain":"0","latitude":"37.71503456000001","longitude":"-122.45754731999999","address":"650 Capitol Ave","city":"San Francisco","state":"CA","zip_code":"94112","park":"Minnie and Lovie Ward Rec Center","access":"publicly_accessible","public_access_hours_open":"08:00:00","public_access_hours_close":"20:00:00","public_access_days":"Daily","notes":null,"source":"rec","supervisor_district":"11","analysis_neighborhood":"Oceanview/Merced/Ingleside","data_as_of":"2026-03-10T15:25:27.000","data_loaded_at":"2026-05-01T09:08:14.258",":id":"row-hhqz_gyvd~iehx",":version":"rv-wdei~pu9c~5fy8",":created_at":"2026-05-01T16:08:20.998Z",":updated_at":"2026-05-01T16:08:25.342Z",":@computed_region_jwn9_ihcz":"81",":@computed_region_qgnn_b9vv":"10",":@computed_region_26cr_cadq":"1",":@computed_region_ajp5_b2md":"24",":@computed_region_bz92_g22m":"89"}},
{"type":"Feature","geometry":{"type":"Point","coordinates":[-122.466143952,37.741370185]},"properties":{"name":"West Portal Branch Library","uid":"6503267742886675671","resource_type":"drinking_water","water_fountain":"1","bottle_filler":"0","jug_filler":"0","dog_fountain":"0","latitude":"37.74137018500005","longitude":"-122.46614395199998","address":"190 LENOX WAY","city":"San Francisco","state":"CA","zip_code":"94127","park":null,"access":"limited_access","public_access_hours_open":null,"public_access_hours_close":null,"public_access_days":"Daily","notes":"opening_hours = [\"Sunday:13:00-17:00\",\"Monday:13:00-18:00\",\"Tuesday:10:00-20:00\",\"Wednesday:10:00-20:00\",\"Thursday:10:00-20:00\",\"Friday:13:00-18:00\",\"Saturday:10:00-18:00\",\"Total Weekly Hours:52\"]","source":"library","supervisor_district":"7","analysis_neighborhood":"West of Twin Peaks","data_as_of":"2026-03-25T15:20:00.000","data_loaded_at":"2026-05-01T09:08:14.258",":id":"row-ipj5~k5fa_i7un",":version":"rv-s8ed~9rq7-w4wz",":created_at":"2026-05-01T16:08:20.998Z",":updated_at":"2026-05-01T16:08:25.342Z",":@computed_region_jwn9_ihcz":"46",":@computed_region_qgnn_b9vv":"10",":@computed_region_26cr_cadq":"8",":@computed_region_ajp5_b2md":"41",":@computed_region_bz92_g22m":null}},
{"type":"Feature","geometry":{"type":"Point","coordinates":[-122.428619609,37.791314243]},"properties":{"name":"Lafayette Park - Drinking Fountain/Cooler","uid":"9114764941840782925","resource_type":"drinking_water","water_fountain":"1","bottle_filler":"0","jug_filler":"0","dog_fountain":"0","latitude":"37.79131424","longitude":"-122.42861961","address":"2101 Washington St","city":"San Francisco","state":"CA","zip_code":"94109","park":"Lafayette Park","access":"publicly_accessible","public_access_hours_open":"08:00:00","public_access_hours_close":"20:00:00","public_access_days":"Daily","notes":null,"source":"rec","supervisor_district":"2","analysis_neighborhood":"Pacific Heights","data_as_of":"2026-03-10T15:25:27.000","data_loaded_at":"2026-05-01T09:08:14.258",":id":"row-vuvx.twvd_sxd9",":version":"rv-v289-ygax.3yxu",":created_at":"2026-05-01T16:08:20.998Z",":updated_at":"2026-05-01T16:08:25.342Z",":@computed_region_jwn9_ihcz":"102",":@computed_region_qgnn_b9vv":"4",":@computed_region_26cr_cadq":"6",":@computed_region_ajp5_b2md":"30",":@computed_region_bz92_g22m":"212"}},
{"type":"Feature","geometry":{"type":"Point","coordinates":[-119.851752114,37.879267932]},"properties":{"name":"Camp Mather - Campsite 2 spigot","uid":"1610382892676334054","resource_type":"drinking_water","water_fountain":"1","bottle_filler":"0","jug_filler":"0","dog_fountain":"0","latitude":"37.87926793","longitude":"-119.85175210999999","address":"32560 Mather Road","city":"San Francisco","state":"CA","zip_code":"95321","park":"Camp Mather","access":"publicly_accessible","public_access_hours_open":"08:00:00","public_access_hours_close":"20:00:00","public_access_days":"Daily","notes":null,"source":"rec","supervisor_district":null,"analysis_neighborhood":null,"data_as_of":"2026-03-10T15:25:27.000","data_loaded_at":"2026-05-01T09:08:14.258",":id":"row-4fhs.z6gk_ip2p",":version":"rv-3yaq-h27q~nb6r",":created_at":"2026-05-01T16:08:20.998Z",":updated_at":"2026-05-01T16:08:25.342Z",":@computed_region_jwn9_ihcz":null,":@computed_region_qgnn_b9vv":null,":@computed_region_26cr_cadq":null,":@computed_region_ajp5_b2md":null,":@computed_region_bz92_g22m":"50"}},
{"type":"Feature","geometry":{"type":"Point","coordinates":[-122.440740535,37.73193828]},"properties":{"name":"Sunnyside Conservatory - Drinking Fountain/Cooler","uid":"4452349754323437789","resource_type":"drinking_water","water_fountain":"1","bottle_filler":"0","jug_filler":"0","dog_fountain":"0","latitude":"37.73193828","longitude":"-122.44074053000001","address":"236 Monterey Blvd","city":"San Francisco","state":"CA","zip_code":"94131","park":"Sunnyside Conservatory","access":"publicly_accessible","public_access_hours_open":"08:00:00","public_access_hours_close":"20:00:00","public_access_days":"Daily","notes":null,"source":"rec","supervisor_district":"7","analysis_neighborhood":"West of Twin Peaks","data_as_of":"2026-03-10T15:25:27.000","data_loaded_at":"2026-05-01T09:08:14.258",":id":"row-ni8y~bau2~pmbb",":version":"rv-8z7w~s8i7-jub6",":created_at":"2026-05-01T16:08:20.998Z",":updated_at":"2026-05-01T16:08:25.342Z",":@computed_region_jwn9_ihcz":"95",":@computed_region_qgnn_b9vv":"9",":@computed_region_26cr_cadq":"8",":@computed_region_ajp5_b2md":"41",":@computed_region_bz92_g22m":"106"}},
{"type":"Feature","geometry":{"type":"Point","coordinates":[-122.388487,37.776332]},"properties":{"name":"China Basin Park Water Fountain #2","uid":"4702083147431539233","resource_type":"drinking_water","water_fountain":"1","bottle_filler":"1","jug_filler":"0","dog_fountain":"0","latitude":"37.776332","longitude":"-122.388487","address":"1 China Basin Park","city":"San Francisco","state":"CA","zip_code":"94107","park":null,"access":"publicly_accessible","public_access_hours_open":null,"public_access_hours_close":null,"public_access_days":"Daily","notes":"By bathroom","source":"port","supervisor_district":"6","analysis_neighborhood":"Mission Bay","data_as_of":"2024-10-04T13:51:23.000","data_loaded_at":"2026-05-01T09:08:14.258",":id":"row-6ssd-9wrz-89s5",":version":"rv-2tqn-s638~crai",":created_at":"2026-05-01T16:08:20.998Z",":updated_at":"2026-05-01T16:08:25.342Z",":@computed_region_jwn9_ihcz":"34",":@computed_region_qgnn_b9vv":"1",":@computed_region_26cr_cadq":"10",":@computed_region_ajp5_b2md":"4",":@computed_region_bz92_g22m":null}},
{"type":"Feature","geometry":{"type":"Point","coordinates":[-122.393097384,37.775369728]},"properties":{"name":"Mission Bay Library","uid":"8224817024566265679","resource_type":"drinking_water","water_fountain":"1","bottle_filler":"0","jug_filler":"0","dog_fountain":"0","latitude":"37.775369728000044","longitude":"-122.39309738399999","address":"960 4TH ST","city":"San Francisco","state":"CA","zip_code":"94158","park":null,"access":"limited_access","public_access_hours_open":null,"public_access_hours_close":null,"public_access_days":"Daily","notes":"opening_hours = [\"Sunday:13:00-17:00\",\"Monday:10:00-18:00\",\"Tuesday:10:00-18:00\",\"Wednesday:11:00-20:00\",\"Thursday:10:00-18:00\",\"Friday:13:00-18:00\",\"Saturday:10:00-18:00\",\"Total Weekly Hours:50\"]","source":"library","supervisor_district":"6","analysis_neighborhood":"Mission Bay","data_as_of":"2026-03-25T15:20:00.000","data_loaded_at":"2026-05-01T09:08:14.258",":id":"row-3ncc-huni_6ft3",":version":"rv-6t6a.tzxb.i8pe",":created_at":"2026-05-01T16:08:20.998Z",":updated_at":"2026-05-01T16:08:25.342Z",":@computed_region_jwn9_ihcz":"34",":@computed_region_qgnn_b9vv":"1",":@computed_region_26cr_cadq":"10",":@computed_region_ajp5_b2md":"4",":@computed_region_bz92_g22m":null}},
{"type":"Feature","geometry":{"type":"Point","coordinates":[-122.471147714,37.772016871]},"properties":{"name":"Golden Gate Park - Section 2 - Drinking Fountain/Cooler","uid":"1500002013423979037","resource_type":"drinking_water","water_fountain":"1","bottle_filler":"0","jug_filler":"0","dog_fountain":"0","latitude":"37.77201687","longitude":"-122.47114771000001","address":"501 Stanyan St","city":"San Francisco","state":"CA","zip_code":"94118","park":"Golden Gate Park - Section 2","access":"publicly_accessible","public_access_hours_open":"08:00:00","public_access_hours_close":"20:00:00","public_access_days":"Daily","notes":null,"source":"rec","supervisor_district":"1","analysis_neighborhood":"Golden Gate Park","data_as_of":"2026-03-10T15:25:27.000","data_loaded_at":"2026-05-01T09:08:14.258",":id":"row-cgzh.pd55~6nhv",":version":"rv-5dxw-h497~sc8r",":created_at":"2026-05-01T16:08:20.998Z",":updated_at":"2026-05-01T16:08:25.342Z",":@computed_region_jwn9_ihcz":"9",":@computed_region_qgnn_b9vv":"8",":@computed_region_26cr_cadq":"4",":@computed_region_ajp5_b2md":"12",":@computed_region_bz92_g22m":"232"}},
{"type":"Feature","geometry":{"type":"Point","coordinates":[-122.508186603,37.766804195]},"properties":{"name":"Golden Gate Park - Section 6 - Drinking Fountain/Cooler","uid":"2279428380184152431","resource_type":"drinking_water","water_fountain":"1","bottle_filler":"1","jug_filler":"0","dog_fountain":"0","latitude":"37.7668042","longitude":"-122.5081866","address":"Golden Gate Park","city":"San Francisco","state":"CA","zip_code":"94132","park":"Golden Gate Park - Section 6","access":"publicly_accessible","public_access_hours_open":"08:00:00","public_access_hours_close":"20:00:00","public_access_days":"Daily","notes":null,"source":"rec","supervisor_district":"4","analysis_neighborhood":"Golden Gate Park","data_as_of":"2026-03-10T15:25:27.000","data_loaded_at":"2026-05-01T09:08:14.258",":id":"row-ns6k~97jf-8q8q",":version":"rv-4pjc.6xpg~pcqh",":created_at":"2026-05-01T16:08:20.998Z",":updated_at":"2026-05-01T16:08:25.342Z",":@computed_region_jwn9_ihcz":"9",":@computed_region_qgnn_b9vv":"8",":@computed_region_26cr_cadq":"4",":@computed_region_ajp5_b2md":"12",":@computed_region_bz92_g22m":"234"}},
{"type":"Feature","geometry":{"type":"Point","coordinates":[-122.427412933,37.776069601]},"properties":{"name":"Hayes Valley Playground - Drinking Fountain/Cooler","uid":"2542937055757276401","resource_type":"drinking_water","water_fountain":"1","bottle_filler":"0","jug_filler":"0","dog_fountain":"0","latitude":"37.77606960000001","longitude":"-122.42741293","address":"689 Hayes St","city":"San Francisco","state":"CA","zip_code":"94102","park":"Hayes Valley Playground","access":"publicly_accessible","public_access_hours_open":"08:00:00","public_access_hours_close":"20:00:00","public_access_days":"Daily","notes":null,"source":"rec","supervisor_district":"5","analysis_neighborhood":"Hayes Valley","data_as_of":"2026-03-10T15:25:27.000","data_loaded_at":"2026-05-01T09:08:14.258",":id":"row-3a6k-f3su~p4ef",":version":"rv-4ukf_ws3x-3k32",":created_at":"2026-05-01T16:08:20.998Z",":updated_at":"2026-05-01T16:08:25.342Z",":@computed_region_jwn9_ihcz":"22",":@computed_region_qgnn_b9vv":"4",":@computed_region_26cr_cadq":"11",":@computed_region_ajp5_b2md":"9",":@computed_region_bz92_g22m":"174"}},
{"type":"Feature","geometry":{"type":"Point","coordinates":[-122.437489303,37.784118524]},"properties":{"name":"Western Addition Branch Library","uid":"7958442617977442450","resource_type":"drinking_water","water_fountain":"1","bottle_filler":"0","jug_filler":"0","dog_fountain":"0","latitude":"37.784118524000064","longitude":"-122.43748930299995","address":"1550 SCOTT ST","city":"San Francisco","state":"CA","zip_code":"94115","park":null,"access":"limited_access","public_access_hours_open":null,"public_access_hours_close":null,"public_access_days":"Daily","notes":"opening_hours = [\"Sunday:13:00-17:00\",\"Monday:10:00-18:00\",\"Tuesday:10:00-18:00\",\"Wednesday:13:00-20:00\",\"Thursday:10:00-19:00\",\"Friday:13:00-18:00\",\"Saturday:10:00-18:00\",\"Total Weekly Hours:49\"]","source":"library","supervisor_district":"5","analysis_neighborhood":"Japantown","data_as_of":"2026-03-25T15:20:00.000","data_loaded_at":"2026-05-01T09:08:14.258",":id":"row-kdjv_x9kq_fypq",":version":"rv-x53z-wmwm.w7rp",":created_at":"2026-05-01T16:08:20.998Z",":updated_at":"2026-05-01T16:08:25.342Z",":@computed_region_jwn9_ihcz":"103",":@computed_region_qgnn_b9vv":"4",":@computed_region_26cr_cadq":"11",":@computed_region_ajp5_b2md":"15",":@computed_region_bz92_g22m":"36"}},
{"type":"Feature","geometry":{"type":"Point","coordinates":[-122.493134168,37.769365331]},"properties":{"name":"Golden Gate Park - Section 5 - Lindley/Spdwy Drinking fountain","uid":"7307491668779694241","resource_type":"drinking_water","water_fountain":"1","bottle_filler":"0","jug_filler":"0","dog_fountain":"0","latitude":"37.76936533","longitude":"-122.49313417","address":"501 Stanyan St","city":"San Francisco","state":"CA","zip_code":"94118","park":"Golden Gate Park - Section 5","access":"publicly_accessible","public_access_hours_open":"08:00:00","public_access_hours_close":"20:00:00","public_access_days":"Daily","notes":null,"source":"rec","supervisor_district":"4","analysis_neighborhood":"Golden Gate Park","data_as_of":"2026-03-10T15:25:27.000","data_loaded_at":"2026-05-01T09:08:14.258",":id":"row-b8gg.yki6~3dae",":version":"rv-tuq2~k9dx~4hm7",":created_at":"2026-05-01T16:08:20.998Z",":updated_at":"2026-05-01T16:08:25.342Z",":@computed_region_jwn9_ihcz":"9",":@computed_region_qgnn_b9vv":"8",":@computed_region_26cr_cadq":"4",":@computed_region_ajp5_b2md":"12",":@computed_region_bz92_g22m":"233"}},
{"type":"Feature","geometry":{"type":"Point","coordinates":[-122.484494749,37.737780695]},"properties":{"name":"Parkside Square - Drinking Fountain/Cooler","uid":"2771871483613440808","resource_type":"drinking_water","water_fountain":"1","bottle_filler":"0","jug_filler":"0","dog_fountain":"0","latitude":"37.737780699999995","longitude":"-122.48449475","address":"2680 28th Ave","city":"San Francisco","state":"CA","zip_code":"94132","park":"Parkside Square","access":"limited_access","public_access_hours_open":"08:00:00","public_access_hours_close":"20:00:00","public_access_days":"Daily","notes":null,"source":"rec","supervisor_district":"4","analysis_neighborhood":"Sunset/Parkside","data_as_of":"2026-03-10T15:25:27.000","data_loaded_at":"2026-05-01T09:08:14.258",":id":"row-asce-xiui~phj8",":version":"rv-i96j-ii33~uyyj",":created_at":"2026-05-01T16:08:20.998Z",":updated_at":"2026-05-01T16:08:25.342Z",":@computed_region_jwn9_ihcz":"40",":@computed_region_qgnn_b9vv":"10",":@computed_region_26cr_cadq":"7",":@computed_region_ajp5_b2md":"35",":@computed_region_bz92_g22m":"217"}},
{"type":"Feature","geometry":{"type":"Point","coordinates":[-122.449869955,37.714327091]},"properties":{"name":"Cayuga Playground - Drinking Fountain/Cooler","uid":"3263474899544163524","resource_type":"drinking_water","water_fountain":"1","bottle_filler":"0","jug_filler":"0","dog_fountain":"0","latitude":"37.714327090000005","longitude":"-122.44986995","address":"301 Naglee Ave","city":"San Francisco","state":"CA","zip_code":"94112","park":"Cayuga Playground","access":"publicly_accessible","public_access_hours_open":"08:00:00","public_access_hours_close":"20:00:00","public_access_days":"Daily","notes":null,"source":"rec","supervisor_district":"11","analysis_neighborhood":"Outer Mission","data_as_of":"2026-03-10T15:25:27.000","data_loaded_at":"2026-05-01T09:08:14.258",":id":"row-jckh.bn3t-awqb",":version":"rv-9ua6-m5dq_ytrm",":created_at":"2026-05-01T16:08:20.998Z",":updated_at":"2026-05-01T16:08:25.342Z",":@computed_region_jwn9_ihcz":"66",":@computed_region_qgnn_b9vv":"9",":@computed_region_26cr_cadq":"1",":@computed_region_ajp5_b2md":"28",":@computed_region_bz92_g22m":"205"}},
{"type":"Feature","geometry":{"type":"Point","coordinates":[-122.444852345,37.78891097]},"properties":{"name":"Presidio Branch Library","uid":"3848458598906265461","resource_type":"drinking_water","water_fountain":"1","bottle_filler":"0","jug_filler":"0","dog_fountain":"0","latitude":"37.788910970000074","longitude":"-122.44485234499996","address":"3150 SACRAMENTO ST","city":"San Francisco","state":"CA","zip_code":"94115","park":null,"access":"limited_access","public_access_hours_open":null,"public_access_hours_close":null,"public_access_days":"Daily","notes":"opening_hours = [\"Sunday:13:00-17:00\",\"Monday:13:00-18:00\",\"Tuesday:10:00-20:00\",\"Wednesday:11:00-20:00\",\"Thursday:10:00-18:00\",\"Friday:13:00-18:00\",\"Saturday:10:00-18:00\",\"Total Weekly Hours:49\"]","source":"library","supervisor_district":"2","analysis_neighborhood":"Pacific Heights","data_as_of":"2026-03-25T15:20:00.000","data_loaded_at":"2026-05-01T09:08:14.258",":id":"row-ntwc_y7pg-jitz",":version":"rv-6rgm-w8vz-hw3e",":created_at":"2026-05-01T16:08:20.998Z",":updated_at":"2026-05-01T16:08:25.342Z",":@computed_region_jwn9_ihcz":"102",":@computed_region_qgnn_b9vv":"8",":@computed_region_26cr_cadq":"6",":@computed_region_ajp5_b2md":"30",":@computed_region_bz92_g22m":null}},
{"type":"Feature","geometry":{"type":"Point","coordinates":[-119.851381867,37.880923352]},"properties":{"name":"Camp Mather - Drinking fountain","uid":"2616757637662769392","resource_type":"drinking_water","water_fountain":"1","bottle_filler":"0","jug_filler":"0","dog_fountain":"0","latitude":"37.880923349999996","longitude":"-119.85138187","address":"32560 Mather Road","city":"San Francisco","state":"CA","zip_code":"95321","park":"Camp Mather","access":"publicly_accessible","public_access_hours_open":"08:00:00","public_access_hours_close":"20:00:00","public_access_days":"Daily","notes":null,"source":"rec","supervisor_district":null,"analysis_neighborhood":null,"data_as_of":"2026-03-10T15:25:27.000","data_loaded_at":"2026-05-01T09:08:14.258",":id":"row-yu5s-xtr4~hdcu",":version":"rv-3gj6~x5s4-bni6",":created_at":"2026-05-01T16:08:20.998Z",":updated_at":"2026-05-01T16:08:25.342Z",":@computed_region_jwn9_ihcz":null,":@computed_region_qgnn_b9vv":null,":@computed_region_26cr_cadq":null,":@computed_region_ajp5_b2md":null,":@computed_region_bz92_g22m":"50"}},
{"type":"Feature","geometry":{"type":"Point","coordinates":[-122.399052,37.79129]},"properties":{"name":"Mechanics Plaza at Battery/Market","uid":"4010859251661602629","resource_type":"drinking_water","water_fountain":"0","bottle_filler":"1","jug_filler":"0","dog_fountain":"0","latitude":"37.79129","longitude":"-122.399052","address":"456 Market St","city":"San Francisco","state":"CA","zip_code":"94104","park":null,"access":"publicly_accessible","public_access_hours_open":null,"public_access_hours_close":null,"public_access_days":"Daily","notes":null,"source":"puc","supervisor_district":"3","analysis_neighborhood":"Financial District/South Beach","data_as_of":"2024-06-27T13:43:12.000","data_loaded_at":"2026-05-01T09:08:14.258",":id":"row-9fgc.t7jq~8ggc",":version":"rv-i2is~p3xd~usdy",":created_at":"2026-05-01T16:08:20.998Z",":updated_at":"2026-05-01T16:08:25.342Z",":@computed_region_jwn9_ihcz":"108",":@computed_region_qgnn_b9vv":"6",":@computed_region_26cr_cadq":"3",":@computed_region_ajp5_b2md":"8",":@computed_region_bz92_g22m":null}},
{"type":"Feature","geometry":{"type":"Point","coordinates":[-122.41615205,37.779081776]},"properties":{"name":"Main Library","uid":"1845349341306362846","resource_type":"drinking_water","water_fountain":"1","bottle_filler":"0","jug_filler":"0","dog_fountain":"0","latitude":"37.779081776000055","longitude":"-122.41615205","address":"100 LARKIN ST","city":"San Francisco","state":"CA","zip_code":"94102","park":null,"access":"limited_access","public_access_hours_open":null,"public_access_hours_close":null,"public_access_days":"Daily","notes":"opening_hours = [\"Sunday:12:00-18:00\",\"Monday:09:00-18:00\",\"Tuesday:09:00-20:00\",\"Wednesday:09:00-20:00\",\"Thursday:09:00-20:00\",\"Friday:12:00-18:00\",\"Saturday:10:00-18:00\",\"Total Weekly Hours:62\"]","source":"library","supervisor_district":"5","analysis_neighborhood":"Tenderloin","data_as_of":"2026-03-25T15:20:00.000","data_loaded_at":"2026-05-01T09:08:14.258",":id":"row-zvhv_a7d5~jqne",":version":"rv-e4cz.9eka-cfn2",":created_at":"2026-05-01T16:08:20.998Z",":updated_at":"2026-05-01T16:08:25.342Z",":@computed_region_jwn9_ihcz":"21",":@computed_region_qgnn_b9vv":"5",":@computed_region_26cr_cadq":"10",":@computed_region_ajp5_b2md":"36",":@computed_region_bz92_g22m":null}},
{"type":"Feature","geometry":{"type":"Point","coordinates":[-122.43900085,37.751243029]},"properties":{"name":"Noe Valley Courts - Drinking Fountain/Cooler","uid":"5185613767339241930","resource_type":"drinking_water","water_fountain":"1","bottle_filler":"0","jug_filler":"0","dog_fountain":"0","latitude":"37.75124303","longitude":"-122.43900085","address":"780 Douglass St","city":"San Francisco","state":"CA","zip_code":"94114","park":"Noe Valley Courts","access":"publicly_accessible","public_access_hours_open":"08:00:00","public_access_hours_close":"20:00:00","public_access_days":"Daily","notes":null,"source":"rec","supervisor_district":"8","analysis_neighborhood":"Noe Valley","data_as_of":"2026-03-10T15:25:27.000","data_loaded_at":"2026-05-01T09:08:14.258",":id":"row-2gf7_giup~8gxj",":version":"rv-xy6p~whe3_h4mf",":created_at":"2026-05-01T16:08:20.998Z",":updated_at":"2026-05-01T16:08:25.342Z",":@computed_region_jwn9_ihcz":"51",":@computed_region_qgnn_b9vv":"3",":@computed_region_26cr_cadq":"5",":@computed_region_ajp5_b2md":"22",":@computed_region_bz92_g22m":"132"}},
{"type":"Feature","geometry":{"type":"Point","coordinates":[-122.412208338,37.784333077]},"properties":{"name":"Father Alfred Boeddeker Park - Drinking Fountain/Cooler","uid":"121758595856963066","resource_type":"drinking_water","water_fountain":"1","bottle_filler":"1","jug_filler":"0","dog_fountain":"0","latitude":"37.78433308","longitude":"-122.41220833999999","address":"246 Eddy St","city":"San Francisco","state":"CA","zip_code":"94102","park":"Father Alfred Boeddeker Park","access":"publicly_accessible","public_access_hours_open":"08:00:00","public_access_hours_close":"20:00:00","public_access_days":"Daily","notes":null,"source":"rec","supervisor_district":"5","analysis_neighborhood":"Tenderloin","data_as_of":"2026-03-10T15:25:27.000","data_loaded_at":"2026-05-01T09:08:14.258",":id":"row-24rf_5jwn~xwva",":version":"rv-9x3u.zxie_8vjb",":created_at":"2026-05-01T16:08:20.998Z",":updated_at":"2026-05-01T16:08:25.342Z",":@computed_region_jwn9_ihcz":"20",":@computed_region_qgnn_b9vv":"5",":@computed_region_26cr_cadq":"10",":@computed_region_ajp5_b2md":"36",":@computed_region_bz92_g22m":"162"}},
{"type":"Feature","geometry":{"type":"Point","coordinates":[-122.428888448,37.751490004]},"properties":{"name":"Noe Valley Town Square - Drinking Fountain/Cooler","uid":"1997569387636425414","resource_type":"drinking_water","water_fountain":"1","bottle_filler":"1","jug_filler":"0","dog_fountain":"0","latitude":"37.7515012","longitude":"-122.42887882","address":"3861 24th St","city":"San Francisco","state":"CA","zip_code":"94114","park":"Noe Valley Town Square","access":"publicly_accessible","public_access_hours_open":"08:00:00","public_access_hours_close":"20:00:00","public_access_days":"Daily","notes":null,"source":"rec","supervisor_district":"8","analysis_neighborhood":"Noe Valley","data_as_of":"2026-03-20T14:35:02.000","data_loaded_at":"2026-05-01T09:08:14.258",":id":"row-rzqk~ni8s.fv6f",":version":"rv-3jb3~yz9r-xair",":created_at":"2026-05-01T16:08:20.998Z",":updated_at":"2026-05-01T16:08:25.342Z",":@computed_region_jwn9_ihcz":"84",":@computed_region_qgnn_b9vv":"3",":@computed_region_26cr_cadq":"5",":@computed_region_ajp5_b2md":"22",":@computed_region_bz92_g22m":"191"}},
{"type":"Feature","geometry":{"type":"Point","coordinates":[-122.498103197,37.751224058]},"properties":{"name":"Ortega Branch Library","uid":"1845787657090241694","resource_type":"drinking_water","water_fountain":"1","bottle_filler":"0","jug_filler":"0","dog_fountain":"0","latitude":"37.75122405800005","longitude":"-122.49810319699998","address":"3223 ORTEGA ST","city":"San Francisco","state":"CA","zip_code":"94122","park":"West Sunset Playground","access":"limited_access","public_access_hours_open":null,"public_access_hours_close":null,"public_access_days":"Daily","notes":"opening_hours = [\"Sunday:13:00-17:00\",\"Monday:10:00-18:00\",\"Tuesday:10:00-18:00\",\"Wednesday:12:00-20:00\",\"Thursday:11:00-20:00\",\"Friday:13:00-18:00\",\"Saturday:10:00-18:00\",\"Total Weekly Hours:50\"]","source":"library","supervisor_district":"4","analysis_neighborhood":"Sunset/Parkside","data_as_of":"2026-03-25T15:20:00.000","data_loaded_at":"2026-05-01T09:08:14.258",":id":"row-euj7.j5v3-wwft",":version":"rv-ufeb_fpii-j9kg",":created_at":"2026-05-01T16:08:20.998Z",":updated_at":"2026-05-01T16:08:25.342Z",":@computed_region_jwn9_ihcz":"39",":@computed_region_qgnn_b9vv":"10",":@computed_region_26cr_cadq":"7",":@computed_region_ajp5_b2md":"35",":@computed_region_bz92_g22m":"93"}},
{"type":"Feature","geometry":{"type":"Point","coordinates":[-122.440616542,37.736636411]},"properties":{"name":"Glen Canyon Park - Drinking Fountain/Cooler","uid":"4534376049839088968","resource_type":"drinking_water","water_fountain":"1","bottle_filler":"0","jug_filler":"0","dog_fountain":"1","latitude":"37.73663641","longitude":"-122.44061654000001","address":"70 Elk St","city":"San Francisco","state":"CA","zip_code":"94131","park":"Glen Canyon Park","access":"limited_access","public_access_hours_open":"08:00:00","public_access_hours_close":"20:00:00","public_access_days":"Daily","notes":null,"source":"rec","supervisor_district":"8","analysis_neighborhood":"Glen Park","data_as_of":"2026-03-10T15:25:27.000","data_loaded_at":"2026-05-01T09:08:14.258",":id":"row-yqyc~dtdg_zw38",":version":"rv-d22t.ts53-85jk",":created_at":"2026-05-01T16:08:20.998Z",":updated_at":"2026-05-01T16:08:25.342Z",":@computed_region_jwn9_ihcz":"96",":@computed_region_qgnn_b9vv":"9",":@computed_region_26cr_cadq":"5",":@computed_region_ajp5_b2md":"10",":@computed_region_bz92_g22m":"239"}},
{"type":"Feature","geometry":{"type":"Point","coordinates":[-122.45492152,37.766333754]},"properties":{"name":"Golden Gate Park - Section 1 - Drinking Fountain/Cooler","uid":"3665247128755086469","resource_type":"drinking_water","water_fountain":"1","bottle_filler":"0","jug_filler":"0","dog_fountain":"0","latitude":"37.76633375","longitude":"-122.45492152","address":"501 Stanyan St","city":"San Francisco","state":"CA","zip_code":"94117","park":"Golden Gate Park - Section 1","access":"publicly_accessible","public_access_hours_open":"08:00:00","public_access_hours_close":"20:00:00","public_access_days":"Daily","notes":null,"source":"rec","supervisor_district":"5","analysis_neighborhood":"Golden Gate Park","data_as_of":"2026-03-10T15:25:27.000","data_loaded_at":"2026-05-01T09:08:14.258",":id":"row-vidc~fmcr.pejz",":version":"rv-yt9t~9d8u~xubj",":created_at":"2026-05-01T16:08:20.998Z",":updated_at":"2026-05-01T16:08:25.342Z",":@computed_region_jwn9_ihcz":"9",":@computed_region_qgnn_b9vv":"7",":@computed_region_26cr_cadq":"11",":@computed_region_ajp5_b2md":"12",":@computed_region_bz92_g22m":"229"}},
{"type":"Feature","geometry":{"type":"Point","coordinates":[-122.465170381,37.741956263]},"properties":{"name":"West Portal Playground - Drinking Fountain/Cooler","uid":"1537844955819141493","resource_type":"drinking_water","water_fountain":"1","bottle_filler":"1","jug_filler":"0","dog_fountain":"0","latitude":"37.74195626","longitude":"-122.46517038","address":"131 Lenox Way","city":"San Francisco","state":"CA","zip_code":"94127","park":"West Portal Playground","access":"publicly_accessible","public_access_hours_open":"08:00:00","public_access_hours_close":"20:00:00","public_access_days":"Daily","notes":null,"source":"rec","supervisor_district":"7","analysis_neighborhood":"West of Twin Peaks","data_as_of":"2026-03-19T15:44:21.000","data_loaded_at":"2026-05-01T09:08:14.258",":id":"row-hywk~qnk4~uw24",":version":"rv-s7yu-xchv_hf9c",":created_at":"2026-05-01T16:08:20.998Z",":updated_at":"2026-05-01T16:08:25.342Z",":@computed_region_jwn9_ihcz":"46",":@computed_region_qgnn_b9vv":"10",":@computed_region_26cr_cadq":"8",":@computed_region_ajp5_b2md":"41",":@computed_region_bz92_g22m":"223"}},
{"type":"Feature","geometry":{"type":"Point","coordinates":[-119.856897588,37.883536792]},"properties":{"name":"Camp Mather - Drinking fountain","uid":"2526183219840087529","resource_type":"drinking_water","water_fountain":"1","bottle_filler":"0","jug_filler":"0","dog_fountain":"0","latitude":"37.88353679","longitude":"-119.85689759","address":"32560 Mather Road","city":"San Francisco","state":"CA","zip_code":"95321","park":"Camp Mather","access":"publicly_accessible","public_access_hours_open":"08:00:00","public_access_hours_close":"20:00:00","public_access_days":"Daily","notes":null,"source":"rec","supervisor_district":null,"analysis_neighborhood":null,"data_as_of":"2026-03-10T15:25:27.000","data_loaded_at":"2026-05-01T09:08:14.258",":id":"row-8rkq~qsbv-jcai",":version":"rv-ihxj-9j2z~74aj",":created_at":"2026-05-01T16:08:20.998Z",":updated_at":"2026-05-01T16:08:25.342Z",":@computed_region_jwn9_ihcz":null,":@computed_region_qgnn_b9vv":null,":@computed_region_26cr_cadq":null,":@computed_region_ajp5_b2md":null,":@computed_region_bz92_g22m":"50"}},
{"type":"Feature","geometry":{"type":"Point","coordinates":[-119.854007896,37.879441384]},"properties":{"name":"Camp Mather - Drinking fountain","uid":"6895561022529716640","resource_type":"drinking_water","water_fountain":"1","bottle_filler":"0","jug_filler":"0","dog_fountain":"0","latitude":"37.879441379999996","longitude":"-119.8540079","address":"32560 Mather Road","city":"San Francisco","state":"CA","zip_code":"95321","park":"Camp Mather","access":"publicly_accessible","public_access_hours_open":"08:00:00","public_access_hours_close":"20:00:00","public_access_days":"Daily","notes":null,"source":"rec","supervisor_district":null,"analysis_neighborhood":null,"data_as_of":"2026-03-10T15:25:27.000","data_loaded_at":"2026-05-01T09:08:14.258",":id":"row-h56i~gxtw~s5tu",":version":"rv-9uiq.krwg_2d5d",":created_at":"2026-05-01T16:08:20.998Z",":updated_at":"2026-05-01T16:08:25.342Z",":@computed_region_jwn9_ihcz":null,":@computed_region_qgnn_b9vv":null,":@computed_region_26cr_cadq":null,":@computed_region_ajp5_b2md":null,":@computed_region_bz92_g22m":"50"}},
{"type":"Feature","geometry":{"type":"Point","coordinates":[-122.468536858,37.750145987]},"properties":{"name":"Golden Gate Heights Park - Drinking Fountain/Cooler","uid":"6254290286384879348","resource_type":"drinking_water","water_fountain":"1","bottle_filler":"0","jug_filler":"0","dog_fountain":"1","latitude":"37.75014599","longitude":"-122.46853686","address":"2041 12th Ave","city":"San Francisco","state":"CA","zip_code":"94116","park":"Golden Gate Heights Park","access":"publicly_accessible","public_access_hours_open":"08:00:00","public_access_hours_close":"20:00:00","public_access_days":"Daily","notes":null,"source":"rec","supervisor_district":"7","analysis_neighborhood":"Inner Sunset","data_as_of":"2026-03-10T15:25:27.000","data_loaded_at":"2026-05-01T09:08:14.258",":id":"row-642w~rsv8.skfj",":version":"rv-2njz_sna9-kk3x",":created_at":"2026-05-01T16:08:20.998Z",":updated_at":"2026-05-01T16:08:25.342Z",":@computed_region_jwn9_ihcz":"44",":@computed_region_qgnn_b9vv":"10",":@computed_region_26cr_cadq":"8",":@computed_region_ajp5_b2md":"14",":@computed_region_bz92_g22m":"48"}},
{"type":"Feature","geometry":{"type":"Point","coordinates":[-122.42048043,37.795718299]},"properties":{"name":"Helen Wills Playground - Drinking Fountain/Cooler","uid":"6597428905192677987","resource_type":"drinking_water","water_fountain":"1","bottle_filler":"0","jug_filler":"0","dog_fountain":"0","latitude":"37.7957183","longitude":"-122.42048043","address":"1401 Broadway","city":"San Francisco","state":"CA","zip_code":"94109","park":"Helen Wills Playground","access":"publicly_accessible","public_access_hours_open":"08:00:00","public_access_hours_close":"20:00:00","public_access_days":"Daily","notes":null,"source":"rec","supervisor_district":"3","analysis_neighborhood":"Russian Hill","data_as_of":"2026-03-10T15:25:27.000","data_loaded_at":"2026-05-01T09:08:14.258",":id":"row-h59m_bb9a.zpem",":version":"rv-tuxz-7rnu~ndha",":created_at":"2026-05-01T16:08:20.998Z",":updated_at":"2026-05-01T16:08:25.342Z",":@computed_region_jwn9_ihcz":"105",":@computed_region_qgnn_b9vv":"4",":@computed_region_26cr_cadq":"3",":@computed_region_ajp5_b2md":"32",":@computed_region_bz92_g22m":"175"}},
{"type":"Feature","geometry":{"type":"Point","coordinates":[-122.440277412,37.765307746]},"properties":{"name":"Corona Heights Park - Drinking Fountain/Cooler","uid":"832500137318315438","resource_type":"drinking_water","water_fountain":"1","bottle_filler":"0","jug_filler":"0","dog_fountain":"0","latitude":"37.765307750000005","longitude":"-122.44027741000001","address":"122 States St","city":"San Francisco","state":"CA","zip_code":"94114","park":"Corona Heights Park","access":"publicly_accessible","public_access_hours_open":"08:00:00","public_access_hours_close":"20:00:00","public_access_days":"Daily","notes":null,"source":"rec","supervisor_district":"8","analysis_neighborhood":"Castro/Upper Market","data_as_of":"2026-03-10T15:25:27.000","data_loaded_at":"2026-05-01T09:08:14.258",":id":"row-ufei~uji9-irm5",":version":"rv-qy7w_7cq2-ms7t",":created_at":"2026-05-01T16:08:20.998Z",":updated_at":"2026-05-01T16:08:25.342Z",":@computed_region_jwn9_ihcz":"113",":@computed_region_qgnn_b9vv":"7",":@computed_region_26cr_cadq":"5",":@computed_region_ajp5_b2md":"5",":@computed_region_bz92_g22m":"202"}},
{"type":"Feature","geometry":{"type":"Point","coordinates":[-122.39363,37.79542]},"properties":{"name":"Ferry Building","uid":"7030273931982775170","resource_type":"drinking_water","water_fountain":"1","bottle_filler":"1","jug_filler":"0","dog_fountain":"0","latitude":"37.79542","longitude":"-122.39363","address":"1 Ferry Building","city":"San Francisco","state":"CA","zip_code":"94111","park":null,"access":"limited_access","public_access_hours_open":"07:00:00","public_access_hours_close":"22:00:00","public_access_days":"Daily","notes":"2 by the public bathrooms","source":"port","supervisor_district":"3","analysis_neighborhood":"Financial District/South Beach","data_as_of":"2024-10-04T13:51:23.000","data_loaded_at":"2026-05-01T09:08:14.258",":id":"row-cwyz~uj68_g68d",":version":"rv-8hs2-ettu_capf",":created_at":"2026-05-01T16:08:20.998Z",":updated_at":"2026-05-01T16:08:25.342Z",":@computed_region_jwn9_ihcz":"108",":@computed_region_qgnn_b9vv":"6",":@computed_region_26cr_cadq":"3",":@computed_region_ajp5_b2md":"8",":@computed_region_bz92_g22m":null}},
{"type":"Feature","geometry":{"type":"Point","coordinates":[-122.413083851,37.722203378]},"properties":{"name":"Louis Sutter Playground - Drinking Fountain/Cooler","uid":"2895614829874203241","resource_type":"drinking_water","water_fountain":"1","bottle_filler":"1","jug_filler":"0","dog_fountain":"0","latitude":"37.72220338","longitude":"-122.41308384999999","address":"599 Yale St","city":"San Francisco","state":"CA","zip_code":"94134","park":"Louis Sutter Playground","access":"publicly_accessible","public_access_hours_open":"08:00:00","public_access_hours_close":"20:00:00","public_access_days":"Daily","notes":null,"source":"rec","supervisor_district":"9","analysis_neighborhood":"McLaren Park","data_as_of":"2026-03-13T15:16:38.000","data_loaded_at":"2026-05-01T09:08:14.258",":id":"row-mifm~x5qa~t7ri",":version":"rv-cfgn~9q9t_i4tc",":created_at":"2026-05-01T16:08:20.998Z",":updated_at":"2026-05-01T16:08:25.342Z",":@computed_region_jwn9_ihcz":"73",":@computed_region_qgnn_b9vv":"2",":@computed_region_26cr_cadq":"2",":@computed_region_ajp5_b2md":"19",":@computed_region_bz92_g22m":"10"}},
{"type":"Feature","geometry":{"type":"Point","coordinates":[-119.849194896,37.879799561]},"properties":{"name":"Camp Mather - Spigot","uid":"3533257398664084908","resource_type":"drinking_water","water_fountain":"1","bottle_filler":"0","jug_filler":"0","dog_fountain":"0","latitude":"37.87979956","longitude":"-119.8491949","address":"32560 Mather Road","city":"San Francisco","state":"CA","zip_code":"95321","park":"Camp Mather","access":"publicly_accessible","public_access_hours_open":"08:00:00","public_access_hours_close":"20:00:00","public_access_days":"Daily","notes":null,"source":"rec","supervisor_district":null,"analysis_neighborhood":null,"data_as_of":"2026-03-10T15:25:27.000","data_loaded_at":"2026-05-01T09:08:14.258",":id":"row-fb2v~5riq~dzzr",":version":"rv-wywa~pb33_dzen",":created_at":"2026-05-01T16:08:20.998Z",":updated_at":"2026-05-01T16:08:25.342Z",":@computed_region_jwn9_ihcz":null,":@computed_region_qgnn_b9vv":null,":@computed_region_26cr_cadq":null,":@computed_region_ajp5_b2md":null,":@computed_region_bz92_g22m":"50"}},
{"type":"Feature","geometry":{"type":"Point","coordinates":[-122.396837735,37.756096208]},"properties":{"name":"Potrero Hill Rec Center - Drinking Fountain/Cooler","uid":"1795029580672313430","resource_type":"drinking_water","water_fountain":"1","bottle_filler":"0","jug_filler":"0","dog_fountain":"0","latitude":"37.75609621","longitude":"-122.39683774","address":"801 Arkansas St","city":"San Francisco","state":"CA","zip_code":"94107","park":"Potrero Hill Rec Center","access":"publicly_accessible","public_access_hours_open":"08:00:00","public_access_hours_close":"20:00:00","public_access_days":"Daily","notes":null,"source":"rec","supervisor_district":"10","analysis_neighborhood":"Potrero Hill","data_as_of":"2026-03-10T15:25:27.000","data_loaded_at":"2026-05-01T09:08:14.258",":id":"row-vt4w.hv9d.q5up",":version":"rv-cqcj~tka2_nibu",":created_at":"2026-05-01T16:08:20.998Z",":updated_at":"2026-05-01T16:08:25.342Z",":@computed_region_jwn9_ihcz":"54",":@computed_region_qgnn_b9vv":"2",":@computed_region_26cr_cadq":"9",":@computed_region_ajp5_b2md":"26",":@computed_region_bz92_g22m":"64"}},
{"type":"Feature","geometry":{"type":"Point","coordinates":[-122.413819169,37.754390301]},"properties":{"name":"Parque Ninos Unidos - Drinking Fountain/Cooler","uid":"2160527675920625495","resource_type":"drinking_water","water_fountain":"1","bottle_filler":"0","jug_filler":"0","dog_fountain":"0","latitude":"37.7543903","longitude":"-122.41381917","address":"3070 23rd St","city":"San Francisco","state":"CA","zip_code":"94110","park":"Parque Ninos Unidos","access":"limited_access","public_access_hours_open":"08:00:00","public_access_hours_close":"20:00:00","public_access_days":"Daily","notes":null,"source":"rec","supervisor_district":"9","analysis_neighborhood":"Mission","data_as_of":"2026-03-10T15:25:27.000","data_loaded_at":"2026-05-01T09:08:14.258",":id":"row-myhi_4zb3~ayba",":version":"rv-usrr.jp8t.87xn",":created_at":"2026-05-01T16:08:20.998Z",":updated_at":"2026-05-01T16:08:25.342Z",":@computed_region_jwn9_ihcz":"53",":@computed_region_qgnn_b9vv":"3",":@computed_region_26cr_cadq":"2",":@computed_region_ajp5_b2md":"20",":@computed_region_bz92_g22m":"129"}},
{"type":"Feature","geometry":{"type":"Point","coordinates":[-122.433812241,37.72008421]},"properties":{"name":"Excelsior Playground - Drinking Fountain/Cooler","uid":"269054845253547416","resource_type":"drinking_water","water_fountain":"1","bottle_filler":"1","jug_filler":"0","dog_fountain":"0","latitude":"37.720084209999996","longitude":"-122.43381224000001","address":"579 Madrid St","city":"San Francisco","state":"CA","zip_code":"94112","park":"Excelsior Playground","access":"limited_access","public_access_hours_open":"08:00:00","public_access_hours_close":"20:00:00","public_access_days":"Daily","notes":null,"source":"rec","supervisor_district":"11","analysis_neighborhood":"Excelsior","data_as_of":"2026-03-10T15:25:27.000","data_loaded_at":"2026-05-01T09:08:14.258",":id":"row-pet2.hfzw.ekrx",":version":"rv-jxuv.s5nm-p2s2",":created_at":"2026-05-01T16:08:20.998Z",":updated_at":"2026-05-01T16:08:25.342Z",":@computed_region_jwn9_ihcz":"90",":@computed_region_qgnn_b9vv":"9",":@computed_region_26cr_cadq":"1",":@computed_region_ajp5_b2md":"7",":@computed_region_bz92_g22m":"161"}},
{"type":"Feature","geometry":{"type":"Point","coordinates":[-122.405944489,37.802270277]},"properties":{"name":"Telegraph Hill - Pioneer Park - Drinking Fountain/Cooler","uid":"2755329227337768798","resource_type":"drinking_water","water_fountain":"1","bottle_filler":"0","jug_filler":"0","dog_fountain":"0","latitude":"37.80227028","longitude":"-122.40594449","address":"1 Telegraph Hill Blvd","city":"San Francisco","state":"CA","zip_code":"94133","park":"Telegraph Hill - Pioneer Park","access":"publicly_accessible","public_access_hours_open":"08:00:00","public_access_hours_close":"20:00:00","public_access_days":"Daily","notes":null,"source":"rec","supervisor_district":"3","analysis_neighborhood":"North Beach","data_as_of":"2026-03-10T15:25:27.000","data_loaded_at":"2026-05-01T09:08:14.258",":id":"row-xe4e.hvhz~upri",":version":"rv-86wp_dmbj-74ed",":created_at":"2026-05-01T16:08:20.998Z",":updated_at":"2026-05-01T16:08:25.342Z",":@computed_region_jwn9_ihcz":"18",":@computed_region_qgnn_b9vv":"6",":@computed_region_26cr_cadq":"3",":@computed_region_ajp5_b2md":"23",":@computed_region_bz92_g22m":"227"}},
{"type":"Feature","geometry":{"type":"Point","coordinates":[-122.385626405,37.739186042]},"properties":{"name":"Youngblood-Coleman Playground - Drinking Fountain/Cooler","uid":"6746984766898090342","resource_type":"drinking_water","water_fountain":"1","bottle_filler":"0","jug_filler":"0","dog_fountain":"0","latitude":"37.73918604","longitude":"-122.38562639999999","address":"1398 Hudson Ave","city":"San Francisco","state":"CA","zip_code":"94124","park":"Youngblood-Coleman Playground","access":"publicly_accessible","public_access_hours_open":"08:00:00","public_access_hours_close":"20:00:00","public_access_days":"Daily","notes":null,"source":"rec","supervisor_district":"10","analysis_neighborhood":"Bayview Hunters Point","data_as_of":"2026-03-10T15:25:27.000","data_loaded_at":"2026-05-01T09:08:14.258",":id":"row-jd8i~c9s9.v4k8",":version":"rv-dzsd.wxk6.rptg",":created_at":"2026-05-01T16:08:20.998Z",":updated_at":"2026-05-01T16:08:25.342Z",":@computed_region_jwn9_ihcz":"86",":@computed_region_qgnn_b9vv":"2",":@computed_region_26cr_cadq":"9",":@computed_region_ajp5_b2md":"1",":@computed_region_bz92_g22m":"224"}},
{"type":"Feature","geometry":{"type":"Point","coordinates":[-122.421270411,37.803614807]},"properties":{"name":"Francisco Park - Francisco Path Drinking Fountain","uid":"2286609543054297947","resource_type":"drinking_water","water_fountain":"1","bottle_filler":"0","jug_filler":"0","dog_fountain":"0","latitude":"37.803614810000006","longitude":"-122.42127041","address":"2745 Larkin St","city":"San Francisco","state":"CA","zip_code":"94109","park":"Francisco Park","access":"publicly_accessible","public_access_hours_open":"08:00:00","public_access_hours_close":"20:00:00","public_access_days":"Daily","notes":null,"source":"rec","supervisor_district":"2","analysis_neighborhood":"Russian Hill","data_as_of":"2026-03-10T15:25:27.000","data_loaded_at":"2026-05-01T09:08:14.258",":id":"row-idm6~hac2.abht",":version":"rv-zjsk_m6ju.sg85",":created_at":"2026-05-01T16:08:20.998Z",":updated_at":"2026-05-01T16:08:25.342Z",":@computed_region_jwn9_ihcz":"107",":@computed_region_qgnn_b9vv":"6",":@computed_region_26cr_cadq":"6",":@computed_region_ajp5_b2md":"32",":@computed_region_bz92_g22m":"193"}},
{"type":"Feature","geometry":{"type":"Point","coordinates":[-122.407884226,37.712453206]},"properties":{"name":"Visitacion Valley Branch Library","uid":"5445528273876891131","resource_type":"drinking_water","water_fountain":"1","bottle_filler":"0","jug_filler":"0","dog_fountain":"0","latitude":"37.71245320600008","longitude":"-122.40788422599996","address":"201 LELAND AVE","city":"San Francisco","state":"CA","zip_code":"94134","park":null,"access":"limited_access","public_access_hours_open":null,"public_access_hours_close":null,"public_access_days":"Daily","notes":"opening_hours = [\"Sunday:13:00-17:00\",\"Monday:10:00-18:00\",\"Tuesday:10:00-20:00\",\"Wednesday:10:00-20:00\",\"Thursday:10:00-20:00\",\"Friday:13:00-18:00\",\"Saturday:10:00-18:00\",\"Total Weekly Hours:55\"]","source":"library","supervisor_district":"10","analysis_neighborhood":"Visitacion Valley","data_as_of":"2026-03-25T15:20:00.000","data_loaded_at":"2026-05-01T09:08:14.258",":id":"row-nu5t~7jt5.xfh2",":version":"rv-wvkh~cr97~v57t",":created_at":"2026-05-01T16:08:20.998Z",":updated_at":"2026-05-01T16:08:25.342Z",":@computed_region_jwn9_ihcz":"75",":@computed_region_qgnn_b9vv":"9",":@computed_region_26cr_cadq":"9",":@computed_region_ajp5_b2md":"40",":@computed_region_bz92_g22m":null}},
{"type":"Feature","geometry":{"type":"Point","coordinates":[-122.458783414,37.769174407]},"properties":{"name":"Golden Gate Park - Section 7 - Drinking Fountain/Cooler","uid":"5726650048499033048","resource_type":"drinking_water","water_fountain":"1","bottle_filler":"0","jug_filler":"0","dog_fountain":"0","latitude":"37.769174410000005","longitude":"-122.45878341","address":"501 Stanyan St","city":"San Francisco","state":"CA","zip_code":"94122","park":"Golden Gate Park - Section 7","access":"limited_access","public_access_hours_open":"08:00:00","public_access_hours_close":"20:00:00","public_access_days":"Daily","notes":null,"source":"rec","supervisor_district":"7","analysis_neighborhood":"Golden Gate Park","data_as_of":"2026-03-10T15:25:27.000","data_loaded_at":"2026-05-01T09:08:14.258",":id":"row-px95~jvsp_hfeb",":version":"rv-auj9~2vj2~iiq3",":created_at":"2026-05-01T16:08:20.998Z",":updated_at":"2026-05-01T16:08:25.342Z",":@computed_region_jwn9_ihcz":"9",":@computed_region_qgnn_b9vv":"7",":@computed_region_26cr_cadq":"11",":@computed_region_ajp5_b2md":"12",":@computed_region_bz92_g22m":"228"}},
{"type":"Feature","geometry":{"type":"Point","coordinates":[-122.4362927,37.759915815]},"properties":{"name":"Eureka Valley Rec Center - Drinking Fountain/Cooler","uid":"1867991016691673483","resource_type":"drinking_water","water_fountain":"1","bottle_filler":"0","jug_filler":"0","dog_fountain":"0","latitude":"37.75991581","longitude":"-122.4362927","address":"100 Collingwood St","city":"San Francisco","state":"CA","zip_code":"94114","park":"Eureka Valley Rec Center","access":"publicly_accessible","public_access_hours_open":"08:00:00","public_access_hours_close":"20:00:00","public_access_days":"Daily","notes":null,"source":"rec","supervisor_district":"8","analysis_neighborhood":"Castro/Upper Market","data_as_of":"2026-03-10T15:25:27.000","data_loaded_at":"2026-05-01T09:08:14.258",":id":"row-5k96~efus~ykgq",":version":"rv-rzsx.nap6.ya3c",":created_at":"2026-05-01T16:08:20.998Z",":updated_at":"2026-05-01T16:08:25.342Z",":@computed_region_jwn9_ihcz":"38",":@computed_region_qgnn_b9vv":"3",":@computed_region_26cr_cadq":"5",":@computed_region_ajp5_b2md":"5",":@computed_region_bz92_g22m":"208"}},
{"type":"Feature","geometry":{"type":"Point","coordinates":[-122.415098492,37.757676986]},"properties":{"name":"Jose Coronado Playground - Drinking Fountain/Cooler","uid":"7760444378261616515","resource_type":"drinking_water","water_fountain":"1","bottle_filler":"0","jug_filler":"0","dog_fountain":"0","latitude":"37.75767698999999","longitude":"-122.41509849","address":"2498 Folsom St","city":"San Francisco","state":"CA","zip_code":"94110","park":"Jose Coronado Playground","access":"publicly_accessible","public_access_hours_open":"08:00:00","public_access_hours_close":"20:00:00","public_access_days":"Daily","notes":null,"source":"rec","supervisor_district":"9","analysis_neighborhood":"Mission","data_as_of":"2026-03-10T15:25:27.000","data_loaded_at":"2026-05-01T09:08:14.258",":id":"row-efrj_72mc.i9nn",":version":"rv-28br~f7f3-6wxa",":created_at":"2026-05-01T16:08:20.998Z",":updated_at":"2026-05-01T16:08:25.342Z",":@computed_region_jwn9_ihcz":"53",":@computed_region_qgnn_b9vv":"3",":@computed_region_26cr_cadq":"2",":@computed_region_ajp5_b2md":"20",":@computed_region_bz92_g22m":"181"}},
{"type":"Feature","geometry":{"type":"Point","coordinates":[-122.45100116,37.770135518]},"properties":{"name":"Park Branch Library","uid":"3072352331007374856","resource_type":"drinking_water","water_fountain":"1","bottle_filler":"0","jug_filler":"0","dog_fountain":"0","latitude":"37.770135518000075","longitude":"-122.45100115999998","address":"1833 PAGE ST","city":"San Francisco","state":"CA","zip_code":"94117","park":null,"access":"limited_access","public_access_hours_open":null,"public_access_hours_close":null,"public_access_days":"Daily","notes":"opening_hours = [\"Sunday:13:00-17:00\",\"Monday:12:00-18:00\",\"Tuesday:10:00-20:00\",\"Wednesday:12:00-20:00\",\"Thursday:10:00-18:00\",\"Friday:13:00-18:00\",\"Saturday:10:00-18:00\",\"Total Weekly Hours:49\"]","source":"library","supervisor_district":"5","analysis_neighborhood":"Haight Ashbury","data_as_of":"2026-03-25T15:20:00.000","data_loaded_at":"2026-05-01T09:08:14.258",":id":"row-7dfi.g4xe~987q",":version":"rv-7dn3~5e22.dqbb",":created_at":"2026-05-01T16:08:20.998Z",":updated_at":"2026-05-01T16:08:25.342Z",":@computed_region_jwn9_ihcz":"25",":@computed_region_qgnn_b9vv":"7",":@computed_region_26cr_cadq":"11",":@computed_region_ajp5_b2md":"3",":@computed_region_bz92_g22m":null}},
{"type":"Feature","geometry":{"type":"Point","coordinates":[-122.418230581,37.758993905]},"properties":{"name":"Alioto Mini Park - Drinking Fountain","uid":"215603509856444384","resource_type":"drinking_water","water_fountain":"1","bottle_filler":"0","jug_filler":"0","dog_fountain":"0","latitude":"37.7589939","longitude":"-122.41823058","address":"3460 20th St","city":"San Francisco","state":"CA","zip_code":"94110","park":"Alioto Mini Park","access":"limited_access","public_access_hours_open":"08:00:00","public_access_hours_close":"20:00:00","public_access_days":"Daily","notes":null,"source":"rec","supervisor_district":"9","analysis_neighborhood":"Mission","data_as_of":"2026-03-10T15:25:27.000","data_loaded_at":"2026-05-01T09:08:14.258",":id":"row-4f9j.bmkx.7crw",":version":"rv-bhy8_9tum~e62f",":created_at":"2026-05-01T16:08:20.998Z",":updated_at":"2026-05-01T16:08:25.342Z",":@computed_region_jwn9_ihcz":"53",":@computed_region_qgnn_b9vv":"3",":@computed_region_26cr_cadq":"2",":@computed_region_ajp5_b2md":"20",":@computed_region_bz92_g22m":"147"}},
{"type":"Feature","geometry":{"type":"Point","coordinates":[-122.413061994,37.758128553]},"properties":{"name":"Mission Rec Center - Drinking Fountain/Cooler","uid":"1239971004455109944","resource_type":"drinking_water","water_fountain":"1","bottle_filler":"0","jug_filler":"0","dog_fountain":"0","latitude":"37.75812855","longitude":"-122.41306199","address":"2450 Harrison St","city":"San Francisco","state":"CA","zip_code":"94110","park":"Mission Rec Center","access":"limited_access","public_access_hours_open":"08:00:00","public_access_hours_close":"20:00:00","public_access_days":"Daily","notes":null,"source":"rec","supervisor_district":"9","analysis_neighborhood":"Mission","data_as_of":"2026-03-10T15:25:27.000","data_loaded_at":"2026-05-01T09:08:14.258",":id":"row-85ch_2mv8-3jra",":version":"rv-tdxz-whbg_djwt",":created_at":"2026-05-01T16:08:20.998Z",":updated_at":"2026-05-01T16:08:25.342Z",":@computed_region_jwn9_ihcz":"53",":@computed_region_qgnn_b9vv":"3",":@computed_region_26cr_cadq":"2",":@computed_region_ajp5_b2md":"20",":@computed_region_bz92_g22m":"215"}},
{"type":"Feature","geometry":{"type":"Point","coordinates":[-122.398524,37.744233]},"properties":{"name":"Earl's Organic","uid":"8380650283006083838","resource_type":"drinking_water","water_fountain":"0","bottle_filler":"1","jug_filler":"1","dog_fountain":"0","latitude":"37.744233","longitude":"-122.398524","address":"2102 Jerrold Ave","city":"San Francisco","state":"CA","zip_code":"94124","park":null,"access":"publicly_accessible","public_access_hours_open":null,"public_access_hours_close":null,"public_access_days":"Daily","notes":null,"source":"puc","supervisor_district":"10","analysis_neighborhood":"Bayview Hunters Point","data_as_of":"2024-06-27T13:43:12.000","data_loaded_at":"2026-05-01T09:08:14.258",":id":"row-659g~p8t3.iz85",":version":"rv-jxbk.7972.j7v4",":created_at":"2026-05-01T16:08:20.998Z",":updated_at":"2026-05-01T16:08:25.342Z",":@computed_region_jwn9_ihcz":"85",":@computed_region_qgnn_b9vv":"2",":@computed_region_26cr_cadq":"9",":@computed_region_ajp5_b2md":"1",":@computed_region_bz92_g22m":null}},
{"type":"Feature","geometry":{"type":"Point","coordinates":[-119.850853134,37.882087753]},"properties":{"name":"Camp Mather - Ballfield spigot","uid":"8588455460405867148","resource_type":"drinking_water","water_fountain":"1","bottle_filler":"0","jug_filler":"0","dog_fountain":"0","latitude":"37.88208775","longitude":"-119.85085313","address":"32560 Mather Road","city":"San Francisco","state":"CA","zip_code":"95321","park":"Camp Mather","access":"publicly_accessible","public_access_hours_open":"08:00:00","public_access_hours_close":"20:00:00","public_access_days":"Daily","notes":null,"source":"rec","supervisor_district":null,"analysis_neighborhood":null,"data_as_of":"2026-03-10T15:25:27.000","data_loaded_at":"2026-05-01T09:08:14.258",":id":"row-pd9y.rr86.7utf",":version":"rv-c6mw.tnue~uchk",":created_at":"2026-05-01T16:08:20.998Z",":updated_at":"2026-05-01T16:08:25.342Z",":@computed_region_jwn9_ihcz":null,":@computed_region_qgnn_b9vv":null,":@computed_region_26cr_cadq":null,":@computed_region_ajp5_b2md":null,":@computed_region_bz92_g22m":"50"}},
{"type":"Feature","geometry":{"type":"Point","coordinates":[-122.405826092,37.714548507]},"properties":{"name":"Visitacion Valley Greenway - Drinking Fountain/Cooler","uid":"6186928529946764533","resource_type":"drinking_water","water_fountain":"1","bottle_filler":"0","jug_filler":"0","dog_fountain":"0","latitude":"37.71454851","longitude":"-122.40582609","address":"103 Tucker Ave","city":"San Francisco","state":"CA","zip_code":"94134","park":"Visitacion Valley Greenway","access":"limited_access","public_access_hours_open":"08:00:00","public_access_hours_close":"20:00:00","public_access_days":"Daily","notes":null,"source":"rec","supervisor_district":"10","analysis_neighborhood":"Visitacion Valley","data_as_of":"2026-03-13T15:34:53.000","data_loaded_at":"2026-05-01T09:08:14.258",":id":"row-zirw_dks6~3db3",":version":"rv-y746.58rb-fspu",":created_at":"2026-05-01T16:08:20.998Z",":updated_at":"2026-05-01T16:08:25.342Z",":@computed_region_jwn9_ihcz":"75",":@computed_region_qgnn_b9vv":"9",":@computed_region_26cr_cadq":"9",":@computed_region_ajp5_b2md":"40",":@computed_region_bz92_g22m":"200"}},
{"type":"Feature","geometry":{"type":"Point","coordinates":[-122.385795,37.739575]},"properties":{"name":"Youngblood Colman Park","uid":"8953154863104910777","resource_type":"drinking_water","water_fountain":"0","bottle_filler":"1","jug_filler":"1","dog_fountain":"0","latitude":"37.739575","longitude":"-122.385795","address":"615 Mendell St","city":"San Francisco","state":"CA","zip_code":"94124","park":"Youngblood-Coleman Playground","access":"publicly_accessible","public_access_hours_open":null,"public_access_hours_close":null,"public_access_days":"Daily","notes":null,"source":"puc","supervisor_district":"10","analysis_neighborhood":"Bayview Hunters Point","data_as_of":"2024-06-27T13:43:12.000","data_loaded_at":"2026-05-01T09:08:14.258",":id":"row-sc4k_49gd~g695",":version":"rv-dznj_nhne~hwh8",":created_at":"2026-05-01T16:08:20.998Z",":updated_at":"2026-05-01T16:08:25.342Z",":@computed_region_jwn9_ihcz":"86",":@computed_region_qgnn_b9vv":"2",":@computed_region_26cr_cadq":"9",":@computed_region_ajp5_b2md":"1",":@computed_region_bz92_g22m":null}},
{"type":"Feature","geometry":{"type":"Point","coordinates":[-122.465180132,37.741738762]},"properties":{"name":"West Portal Playground - Drinking Fountain/Cooler","uid":"5827982610537190352","resource_type":"drinking_water","water_fountain":"1","bottle_filler":"0","jug_filler":"0","dog_fountain":"0","latitude":"37.741738760000004","longitude":"-122.46518013000001","address":"131 Lenox Way","city":"San Francisco","state":"CA","zip_code":"94127","park":"West Portal Playground","access":"publicly_accessible","public_access_hours_open":"08:00:00","public_access_hours_close":"20:00:00","public_access_days":"Daily","notes":null,"source":"rec","supervisor_district":"7","analysis_neighborhood":"West of Twin Peaks","data_as_of":"2026-03-10T15:25:27.000","data_loaded_at":"2026-05-01T09:08:14.258",":id":"row-k6ns_e87t-ujwb",":version":"rv-ygaf_hhci-znqc",":created_at":"2026-05-01T16:08:20.998Z",":updated_at":"2026-05-01T16:08:25.342Z",":@computed_region_jwn9_ihcz":"46",":@computed_region_qgnn_b9vv":"10",":@computed_region_26cr_cadq":"8",":@computed_region_ajp5_b2md":"41",":@computed_region_bz92_g22m":"223"}},
{"type":"Feature","geometry":{"type":"Point","coordinates":[-122.390777375,37.760540946]},"properties":{"name":"Esprit Park - Bottle filling station","uid":"770889568027918065","resource_type":"drinking_water","water_fountain":"1","bottle_filler":"1","jug_filler":"0","dog_fountain":"0","latitude":"37.76054095","longitude":"-122.39077737","address":"700 Minnesota St","city":"San Francisco","state":"CA","zip_code":"94107","park":"Esprit Park","access":"publicly_accessible","public_access_hours_open":"08:00:00","public_access_hours_close":"20:00:00","public_access_days":"Daily","notes":null,"source":"rec","supervisor_district":"10","analysis_neighborhood":"Potrero Hill","data_as_of":"2026-03-10T15:25:27.000","data_loaded_at":"2026-05-01T09:08:14.258",":id":"row-ijaa-h397-y4pq",":version":"rv-cvsc.jvzv-n3p6",":created_at":"2026-05-01T16:08:20.998Z",":updated_at":"2026-05-01T16:08:25.342Z",":@computed_region_jwn9_ihcz":"55",":@computed_region_qgnn_b9vv":"2",":@computed_region_26cr_cadq":"9",":@computed_region_ajp5_b2md":"26",":@computed_region_bz92_g22m":"160"}},
{"type":"Feature","geometry":{"type":"Point","coordinates":[-122.45471818,37.768288877]},"properties":{"name":"Golden Gate Park - Section 7 - Drinking Fountain/Cooler","uid":"4785549598010036516","resource_type":"drinking_water","water_fountain":"1","bottle_filler":"1","jug_filler":"0","dog_fountain":"0","latitude":"37.76828888","longitude":"-122.45471818","address":"501 Stanyan St","city":"San Francisco","state":"CA","zip_code":"94122","park":"Golden Gate Park - Section 7","access":"publicly_accessible","public_access_hours_open":"08:00:00","public_access_hours_close":"20:00:00","public_access_days":"Daily","notes":null,"source":"rec","supervisor_district":"5","analysis_neighborhood":"Golden Gate Park","data_as_of":"2026-03-10T15:25:27.000","data_loaded_at":"2026-05-01T09:08:14.258",":id":"row-d9rt_ihee~2age",":version":"rv-5wgp.hpvz~4zyu",":created_at":"2026-05-01T16:08:20.998Z",":updated_at":"2026-05-01T16:08:25.342Z",":@computed_region_jwn9_ihcz":"9",":@computed_region_qgnn_b9vv":"7",":@computed_region_26cr_cadq":"11",":@computed_region_ajp5_b2md":"12",":@computed_region_bz92_g22m":"229"}},
{"type":"Feature","geometry":{"type":"Point","coordinates":[-122.501847641,37.767927644]},"properties":{"name":"Golden Gate Park - Section 6 - Drinking Fountain/Cooler","uid":"2327959151564343363","resource_type":"drinking_water","water_fountain":"1","bottle_filler":"0","jug_filler":"0","dog_fountain":"0","latitude":"37.767927639999996","longitude":"-122.50184764000001","address":"501 Stanyan St","city":"San Francisco","state":"CA","zip_code":"94121","park":"Golden Gate Park - Section 6","access":"publicly_accessible","public_access_hours_open":"08:00:00","public_access_hours_close":"20:00:00","public_access_days":"Daily","notes":null,"source":"rec","supervisor_district":"1","analysis_neighborhood":"Golden Gate Park","data_as_of":"2026-03-10T15:25:27.000","data_loaded_at":"2026-05-01T09:08:14.258",":id":"row-7fsw~naae~x5kv",":version":"rv-n7ad_dnwr.kves",":created_at":"2026-05-01T16:08:20.998Z",":updated_at":"2026-05-01T16:08:25.342Z",":@computed_region_jwn9_ihcz":"9",":@computed_region_qgnn_b9vv":"8",":@computed_region_26cr_cadq":"4",":@computed_region_ajp5_b2md":"12",":@computed_region_bz92_g22m":"234"}},
{"type":"Feature","geometry":{"type":"Point","coordinates":[-122.438913115,37.746956445]},"properties":{"name":"Douglass Playground - Douglass Dog Play Area Drinking Fountain","uid":"8620850382132470967","resource_type":"drinking_water","water_fountain":"1","bottle_filler":"0","jug_filler":"0","dog_fountain":"0","latitude":"37.74695644","longitude":"-122.43891311","address":"1098 Douglass St","city":"San Francisco","state":"CA","zip_code":"94131","park":"Douglass Playground","access":"publicly_accessible","public_access_hours_open":"08:00:00","public_access_hours_close":"20:00:00","public_access_days":"Daily","notes":null,"source":"rec","supervisor_district":"8","analysis_neighborhood":"Noe Valley","data_as_of":"2026-03-10T15:25:27.000","data_loaded_at":"2026-05-01T09:08:14.258",":id":"row-cev4.zckn-bvpm",":version":"rv-pdpu-7srr~2y37",":created_at":"2026-05-01T16:08:20.998Z",":updated_at":"2026-05-01T16:08:25.342Z",":@computed_region_jwn9_ihcz":"57",":@computed_region_qgnn_b9vv":"3",":@computed_region_26cr_cadq":"5",":@computed_region_ajp5_b2md":"22",":@computed_region_bz92_g22m":"206"}},
{"type":"Feature","geometry":{"type":"Point","coordinates":[-122.412135,37.760315]},"properties":{"name":"19th & Alabama","uid":"2447204787546099701","resource_type":"drinking_water","water_fountain":"0","bottle_filler":"1","jug_filler":"1","dog_fountain":"0","latitude":"37.760315","longitude":"-122.412135","address":"3001 19th St","city":"San Francisco","state":"CA","zip_code":"94110","park":null,"access":"publicly_accessible","public_access_hours_open":null,"public_access_hours_close":null,"public_access_days":"Daily","notes":null,"source":"puc","supervisor_district":"9","analysis_neighborhood":"Mission","data_as_of":"2024-06-27T13:43:12.000","data_loaded_at":"2026-05-01T09:08:14.258",":id":"row-5vsr-4ap7_k82s",":version":"rv-k3zx.tuab~b63a",":created_at":"2026-05-01T16:08:20.998Z",":updated_at":"2026-05-01T16:08:25.342Z",":@computed_region_jwn9_ihcz":"53",":@computed_region_qgnn_b9vv":"3",":@computed_region_26cr_cadq":"2",":@computed_region_ajp5_b2md":"20",":@computed_region_bz92_g22m":null}},
{"type":"Feature","geometry":{"type":"Point","coordinates":[-122.394328724,37.786602097]},"properties":{"name":"Guy Place Mini Park - Drinking Fountain/Cooler","uid":"5875877012001183846","resource_type":"drinking_water","water_fountain":"1","bottle_filler":"0","jug_filler":"0","dog_fountain":"0","latitude":"37.78659464","longitude":"-122.39431446","address":"4 Guy Pl","city":"San Francisco","state":"CA","zip_code":"94105","park":"Guy Place Mini Park","access":"publicly_accessible","public_access_hours_open":"08:00:00","public_access_hours_close":"20:00:00","public_access_days":"Daily","notes":null,"source":"rec","supervisor_district":"6","analysis_neighborhood":"Financial District/South Beach","data_as_of":"2026-03-10T15:25:27.000","data_loaded_at":"2026-05-01T09:08:14.258",":id":"row-e7g3.z3y8.r9vx",":version":"rv-i2re.nv5w-yjk3",":created_at":"2026-05-01T16:08:20.998Z",":updated_at":"2026-05-01T16:08:25.342Z",":@computed_region_jwn9_ihcz":"30",":@computed_region_qgnn_b9vv":"1",":@computed_region_26cr_cadq":"10",":@computed_region_ajp5_b2md":"8",":@computed_region_bz92_g22m":"192"}},
{"type":"Feature","geometry":{"type":"Point","coordinates":[-122.484777702,37.769489342]},"properties":{"name":"Golden Gate Park - Section 5 - Drinking Fountain/Cooler","uid":"9079348554096902607","resource_type":"drinking_water","water_fountain":"1","bottle_filler":"1","jug_filler":"0","dog_fountain":"0","latitude":"37.76948934","longitude":"-122.48477770000001","address":"501 Stanyan St","city":"San Francisco","state":"CA","zip_code":"94118","park":"Golden Gate Park - Section 5","access":"publicly_accessible","public_access_hours_open":"08:00:00","public_access_hours_close":"20:00:00","public_access_days":"Daily","notes":null,"source":"rec","supervisor_district":"4","analysis_neighborhood":"Golden Gate Park","data_as_of":"2026-03-10T15:25:27.000","data_loaded_at":"2026-05-01T09:08:14.258",":id":"row-f4mt_cpn7_wyk3",":version":"rv-tp22-zp73_rz6d",":created_at":"2026-05-01T16:08:20.998Z",":updated_at":"2026-05-01T16:08:25.342Z",":@computed_region_jwn9_ihcz":"9",":@computed_region_qgnn_b9vv":"8",":@computed_region_26cr_cadq":"4",":@computed_region_ajp5_b2md":"12",":@computed_region_bz92_g22m":"233"}},
{"type":"Feature","geometry":{"type":"Point","coordinates":[-119.855843066,37.882933499]},"properties":{"name":"Camp Mather - Drinking fountain","uid":"7681299302405400975","resource_type":"drinking_water","water_fountain":"1","bottle_filler":"0","jug_filler":"0","dog_fountain":"0","latitude":"37.8829335","longitude":"-119.85584307","address":"32560 Mather Road","city":"San Francisco","state":"CA","zip_code":"95321","park":"Camp Mather","access":"publicly_accessible","public_access_hours_open":"08:00:00","public_access_hours_close":"20:00:00","public_access_days":"Daily","notes":null,"source":"rec","supervisor_district":null,"analysis_neighborhood":null,"data_as_of":"2026-03-10T15:25:27.000","data_loaded_at":"2026-05-01T09:08:14.258",":id":"row-7gt7_asev~fnqp",":version":"rv-ddgs_4bz3~thaa",":created_at":"2026-05-01T16:08:20.998Z",":updated_at":"2026-05-01T16:08:25.342Z",":@computed_region_jwn9_ihcz":null,":@computed_region_qgnn_b9vv":null,":@computed_region_26cr_cadq":null,":@computed_region_ajp5_b2md":null,":@computed_region_bz92_g22m":"50"}},
{"type":"Feature","geometry":{"type":"Point","coordinates":[-122.476965578,37.770929731]},"properties":{"name":"Golden Gate Park - Section 2 - Drinking fountain","uid":"5384155422795366050","resource_type":"drinking_water","water_fountain":"1","bottle_filler":"1","jug_filler":"0","dog_fountain":"0","latitude":"37.77092973","longitude":"-122.47696558","address":"501 Stanyan St","city":"San Francisco","state":"CA","zip_code":"94118","park":"Golden Gate Park - Section 2","access":"publicly_accessible","public_access_hours_open":"08:00:00","public_access_hours_close":"20:00:00","public_access_days":"Daily","notes":null,"source":"rec","supervisor_district":"7","analysis_neighborhood":"Golden Gate Park","data_as_of":"2026-03-10T15:25:27.000","data_loaded_at":"2026-05-01T09:08:14.258",":id":"row-mxrg-4qyv-ch76",":version":"rv-aag3~5hvj~6nc8",":created_at":"2026-05-01T16:08:20.998Z",":updated_at":"2026-05-01T16:08:25.342Z",":@computed_region_jwn9_ihcz":"9",":@computed_region_qgnn_b9vv":"8",":@computed_region_26cr_cadq":"4",":@computed_region_ajp5_b2md":"12",":@computed_region_bz92_g22m":"232"}},
{"type":"Feature","geometry":{"type":"Point","coordinates":[-122.45578885,37.766245756]},"properties":{"name":"Golden Gate Park - Section 1 - Drinking Fountain/Cooler","uid":"5648724289261303461","resource_type":"drinking_water","water_fountain":"1","bottle_filler":"0","jug_filler":"0","dog_fountain":"0","latitude":"37.76624576","longitude":"-122.45578884999999","address":"501 Stanyan St","city":"San Francisco","state":"CA","zip_code":"94117","park":"Golden Gate Park - Section 1","access":"publicly_accessible","public_access_hours_open":"08:00:00","public_access_hours_close":"20:00:00","public_access_days":"Daily","notes":null,"source":"rec","supervisor_district":"5","analysis_neighborhood":"Golden Gate Park","data_as_of":"2026-03-10T15:25:27.000","data_loaded_at":"2026-05-01T09:08:14.258",":id":"row-xanz~i3su-4xua",":version":"rv-tkzt_cbjt~cgpr",":created_at":"2026-05-01T16:08:20.998Z",":updated_at":"2026-05-01T16:08:25.342Z",":@computed_region_jwn9_ihcz":"9",":@computed_region_qgnn_b9vv":"7",":@computed_region_26cr_cadq":"11",":@computed_region_ajp5_b2md":"12",":@computed_region_bz92_g22m":"229"}},
{"type":"Feature","geometry":{"type":"Point","coordinates":[-122.507993491,37.767183804]},"properties":{"name":"Golden Gate Park - Section 6 - Drinking Fountain/Cooler","uid":"8316744123133191422","resource_type":"drinking_water","water_fountain":"1","bottle_filler":"1","jug_filler":"0","dog_fountain":"0","latitude":"37.7671838","longitude":"-122.50799349","address":"501 Stanyan St","city":"San Francisco","state":"CA","zip_code":"94121","park":"Golden Gate Park - Section 6","access":"publicly_accessible","public_access_hours_open":"08:00:00","public_access_hours_close":"20:00:00","public_access_days":"Daily","notes":null,"source":"rec","supervisor_district":"4","analysis_neighborhood":"Golden Gate Park","data_as_of":"2026-03-10T15:25:27.000","data_loaded_at":"2026-05-01T09:08:14.258",":id":"row-q9mw-scb3~qxh6",":version":"rv-4zxs-upfx.xr6z",":created_at":"2026-05-01T16:08:20.998Z",":updated_at":"2026-05-01T16:08:25.342Z",":@computed_region_jwn9_ihcz":"9",":@computed_region_qgnn_b9vv":"8",":@computed_region_26cr_cadq":"4",":@computed_region_ajp5_b2md":"12",":@computed_region_bz92_g22m":"234"}},
{"type":"Feature","geometry":{"type":"Point","coordinates":[-122.440788426,37.736552725]},"properties":{"name":"Glen Canyon Park - Drinking Fountain/Cooler","uid":"5285142657961475424","resource_type":"drinking_water","water_fountain":"1","bottle_filler":"0","jug_filler":"0","dog_fountain":"1","latitude":"37.73655273","longitude":"-122.44078843000001","address":"70 Elk St","city":"San Francisco","state":"CA","zip_code":"94131","park":"Glen Canyon Park","access":"publicly_accessible","public_access_hours_open":"08:00:00","public_access_hours_close":"20:00:00","public_access_days":"Daily","notes":null,"source":"rec","supervisor_district":"8","analysis_neighborhood":"Glen Park","data_as_of":"2026-03-10T15:25:27.000","data_loaded_at":"2026-05-01T09:08:14.258",":id":"row-gegg-7qgq~88k2",":version":"rv-cswf~4ay6~2ztp",":created_at":"2026-05-01T16:08:20.998Z",":updated_at":"2026-05-01T16:08:25.342Z",":@computed_region_jwn9_ihcz":"96",":@computed_region_qgnn_b9vv":"9",":@computed_region_26cr_cadq":"5",":@computed_region_ajp5_b2md":"10",":@computed_region_bz92_g22m":"239"}},
{"type":"Feature","geometry":{"type":"Point","coordinates":[-122.447912457,37.801687406]},"properties":{"name":"Palace of Fine Arts - Drinking Fountain/Cooler","uid":"8888903453669224957","resource_type":"drinking_water","water_fountain":"1","bottle_filler":"0","jug_filler":"0","dog_fountain":"0","latitude":"37.80168741","longitude":"-122.44791246","address":"3601 Lyon St","city":"San Francisco","state":"CA","zip_code":"94123","park":"Palace of Fine Arts","access":"publicly_accessible","public_access_hours_open":"08:00:00","public_access_hours_close":"20:00:00","public_access_days":"Daily","notes":null,"source":"rec","supervisor_district":"2","analysis_neighborhood":"Marina","data_as_of":"2026-03-10T15:25:27.000","data_loaded_at":"2026-05-01T09:08:14.258",":id":"row-3uaq.vx2d_du47",":version":"rv-454w~un63.su8h",":created_at":"2026-05-01T16:08:20.998Z",":updated_at":"2026-05-01T16:08:25.342Z",":@computed_region_jwn9_ihcz":"17",":@computed_region_qgnn_b9vv":"4",":@computed_region_26cr_cadq":"6",":@computed_region_ajp5_b2md":"13",":@computed_region_bz92_g22m":"21"}},
{"type":"Feature","geometry":{"type":"Point","coordinates":[-122.498333696,37.738002438]},"properties":{"name":"South Sunset Playground - Drinking Fountain/Cooler","uid":"1391506963519494259","resource_type":"drinking_water","water_fountain":"1","bottle_filler":"1","jug_filler":"0","dog_fountain":"0","latitude":"37.73800244","longitude":"-122.4983337","address":"2601 40th Ave","city":"San Francisco","state":"CA","zip_code":"94116","park":"South Sunset Playground","access":"publicly_accessible","public_access_hours_open":"08:00:00","public_access_hours_close":"20:00:00","public_access_days":"Daily","notes":null,"source":"rec","supervisor_district":"4","analysis_neighborhood":"Sunset/Parkside","data_as_of":"2026-03-10T15:25:27.000","data_loaded_at":"2026-05-01T09:08:14.258",":id":"row-sgvf.zbj4.bxxw",":version":"rv-4pcq_rx87~76qy",":created_at":"2026-05-01T16:08:20.998Z",":updated_at":"2026-05-01T16:08:25.342Z",":@computed_region_jwn9_ihcz":"40",":@computed_region_qgnn_b9vv":"10",":@computed_region_26cr_cadq":"7",":@computed_region_ajp5_b2md":"35",":@computed_region_bz92_g22m":"110"}},
{"type":"Feature","geometry":{"type":"Point","coordinates":[-122.499008268,37.772974091]},"properties":{"name":"Cabrillo Playground - Drinking Fountain/Cooler","uid":"9115975056274292658","resource_type":"drinking_water","water_fountain":"1","bottle_filler":"0","jug_filler":"0","dog_fountain":"0","latitude":"37.77297409","longitude":"-122.49900826999999","address":"851 38th Ave","city":"San Francisco","state":"CA","zip_code":"94121","park":"Cabrillo Playground","access":"publicly_accessible","public_access_hours_open":"08:00:00","public_access_hours_close":"20:00:00","public_access_days":"Daily","notes":null,"source":"rec","supervisor_district":"1","analysis_neighborhood":"Outer Richmond","data_as_of":"2026-03-10T15:25:27.000","data_loaded_at":"2026-05-01T09:08:14.258",":id":"row-vahz_wwb5~wtiv",":version":"rv-752x_ifrz-2na9",":created_at":"2026-05-01T16:08:20.998Z",":updated_at":"2026-05-01T16:08:25.342Z",":@computed_region_jwn9_ihcz":"8",":@computed_region_qgnn_b9vv":"8",":@computed_region_26cr_cadq":"4",":@computed_region_ajp5_b2md":"29",":@computed_region_bz92_g22m":"81"}},
{"type":"Feature","geometry":{"type":"Point","coordinates":[-122.433569653,37.769406168]},"properties":{"name":"Duboce Park - Drinking Fountain/Cooler","uid":"2327016124138374279","resource_type":"drinking_water","water_fountain":"1","bottle_filler":"0","jug_filler":"0","dog_fountain":"0","latitude":"37.769406169999996","longitude":"-122.43356965","address":"50 Scott St","city":"San Francisco","state":"CA","zip_code":"94117","park":"Duboce Park","access":"limited_access","public_access_hours_open":"08:00:00","public_access_hours_close":"20:00:00","public_access_days":"Daily","notes":null,"source":"rec","supervisor_district":"8","analysis_neighborhood":"Haight Ashbury","data_as_of":"2026-03-10T15:25:27.000","data_loaded_at":"2026-05-01T09:08:14.258",":id":"row-atiu-9fv4.g4pt",":version":"rv-fmnu_ciau-e3th",":created_at":"2026-05-01T16:08:20.998Z",":updated_at":"2026-05-01T16:08:25.342Z",":@computed_region_jwn9_ihcz":"28",":@computed_region_qgnn_b9vv":"7",":@computed_region_26cr_cadq":"5",":@computed_region_ajp5_b2md":"3",":@computed_region_bz92_g22m":"159"}},
{"type":"Feature","geometry":{"type":"Point","coordinates":[-122.456803058,37.767248651]},"properties":{"name":"Golden Gate Park - Section 1 - Kezar Turf Drinking fountain","uid":"4445203230498249079","resource_type":"drinking_water","water_fountain":"1","bottle_filler":"1","jug_filler":"0","dog_fountain":"0","latitude":"37.76724865","longitude":"-122.45680306","address":"Golden Gate Park","city":"San Francisco","state":"CA","zip_code":"94122","park":"Golden Gate Park - Section 1","access":"publicly_accessible","public_access_hours_open":"08:00:00","public_access_hours_close":"20:00:00","public_access_days":"Daily","notes":null,"source":"rec","supervisor_district":"5","analysis_neighborhood":"Golden Gate Park","data_as_of":"2026-03-10T15:25:27.000","data_loaded_at":"2026-05-01T09:08:14.258",":id":"row-p425.yisu.8ynv",":version":"rv-2th3~2urd~8xb3",":created_at":"2026-05-01T16:08:20.998Z",":updated_at":"2026-05-01T16:08:25.342Z",":@computed_region_jwn9_ihcz":"9",":@computed_region_qgnn_b9vv":"7",":@computed_region_26cr_cadq":"11",":@computed_region_ajp5_b2md":"12",":@computed_region_bz92_g22m":"229"}},
{"type":"Feature","geometry":{"type":"Point","coordinates":[-122.387441,37.742691]},"properties":{"name":"Southeast Community Center Water Fountain","uid":"8220617072435247540","resource_type":"drinking_water","water_fountain":"1","bottle_filler":"0","jug_filler":"0","dog_fountain":"0","latitude":"37.742691","longitude":"-122.387441","address":"1550 Evans Ave","city":"San Francisco","state":"CA","zip_code":"94124","park":null,"access":"limited_access","public_access_hours_open":"07:00:00","public_access_hours_close":"19:00:00","public_access_days":"Weekdays","notes":null,"source":"puc","supervisor_district":"10","analysis_neighborhood":"Bayview Hunters Point","data_as_of":"2024-06-27T13:43:12.000","data_loaded_at":"2026-05-01T09:08:14.258",":id":"row-e5yt~ux5d-auam",":version":"rv-5jf8.nwxv.2g2a",":created_at":"2026-05-01T16:08:20.998Z",":updated_at":"2026-05-01T16:08:25.342Z",":@computed_region_jwn9_ihcz":"76",":@computed_region_qgnn_b9vv":"2",":@computed_region_26cr_cadq":"9",":@computed_region_ajp5_b2md":"1",":@computed_region_bz92_g22m":null}},
{"type":"Feature","geometry":{"type":"Point","coordinates":[-122.411694285,37.794290853]},"properties":{"name":"Betty Ann Ong Rec Center - Drinking Fountain/Cooler","uid":"8606046667863543667","resource_type":"drinking_water","water_fountain":"1","bottle_filler":"0","jug_filler":"0","dog_fountain":"0","latitude":"37.79429085","longitude":"-122.41169429000001","address":"1101 Washington St","city":"San Francisco","state":"CA","zip_code":"94108","park":"Betty Ann Ong Rec Center","access":"publicly_accessible","public_access_hours_open":"08:00:00","public_access_hours_close":"20:00:00","public_access_days":"Daily","notes":null,"source":"rec","supervisor_district":"3","analysis_neighborhood":"Nob Hill","data_as_of":"2026-03-10T15:25:27.000","data_loaded_at":"2026-05-01T09:08:14.258",":id":"row-a85t.m7mj-ccyr",":version":"rv-u6en_jxx6-wkvn",":created_at":"2026-05-01T16:08:20.998Z",":updated_at":"2026-05-01T16:08:25.342Z",":@computed_region_jwn9_ihcz":"16",":@computed_region_qgnn_b9vv":"6",":@computed_region_26cr_cadq":"3",":@computed_region_ajp5_b2md":"21",":@computed_region_bz92_g22m":"155"}},
{"type":"Feature","geometry":{"type":"Point","coordinates":[-122.410082495,37.795238875]},"properties":{"name":"Chinatown Branch Library","uid":"1048105456630639138","resource_type":"drinking_water","water_fountain":"1","bottle_filler":"0","jug_filler":"0","dog_fountain":"0","latitude":"37.79523887500005","longitude":"-122.41008249499998","address":"1135 POWELL ST","city":"San Francisco","state":"CA","zip_code":"94108","park":null,"access":"limited_access","public_access_hours_open":null,"public_access_hours_close":null,"public_access_days":"Daily","notes":"opening_hours = [\"Sunday:13:00-17:00\",\"Monday:13:00-18:00\",\"Tuesday:10:00-20:00\",\"Wednesday:10:00-20:00\",\"Thursday:10:00-20:00\",\"Friday:13:00-18:00\",\"Saturday:10:00-18:00\",\"Total Weekly Hours:52\"]","source":"library","supervisor_district":"3","analysis_neighborhood":"Chinatown","data_as_of":"2026-03-25T15:20:00.000","data_loaded_at":"2026-05-01T09:08:14.258",":id":"row-ktuf~ix3m-cv3f",":version":"rv-2eb4-virc_zat5",":created_at":"2026-05-01T16:08:20.998Z",":updated_at":"2026-05-01T16:08:25.342Z",":@computed_region_jwn9_ihcz":"16",":@computed_region_qgnn_b9vv":"6",":@computed_region_26cr_cadq":"3",":@computed_region_ajp5_b2md":"6",":@computed_region_bz92_g22m":null}},
{"type":"Feature","geometry":{"type":"Point","coordinates":[-122.409819433,37.72925378]},"properties":{"name":"Palega Playground - Drinking Fountain/Cooler","uid":"6120701658645366153","resource_type":"drinking_water","water_fountain":"1","bottle_filler":"0","jug_filler":"0","dog_fountain":"0","latitude":"37.72925378","longitude":"-122.40981943","address":"500 Felton St","city":"San Francisco","state":"CA","zip_code":"94134","park":"Palega Playground","access":"publicly_accessible","public_access_hours_open":"08:00:00","public_access_hours_close":"20:00:00","public_access_days":"Daily","notes":null,"source":"rec","supervisor_district":"9","analysis_neighborhood":"Portola","data_as_of":"2026-03-10T15:25:27.000","data_loaded_at":"2026-05-01T09:08:14.258",":id":"row-9rns~mjga~pb6k",":version":"rv-6vkt-fi4i-pezf",":created_at":"2026-05-01T16:08:20.998Z",":updated_at":"2026-05-01T16:08:25.342Z",":@computed_region_jwn9_ihcz":"91",":@computed_region_qgnn_b9vv":"2",":@computed_region_26cr_cadq":"2",":@computed_region_ajp5_b2md":"25",":@computed_region_bz92_g22m":"130"}},
{"type":"Feature","geometry":{"type":"Point","coordinates":[-122.409687162,37.728907085]},"properties":{"name":"Palega Playground - Drinking Fountain/Cooler","uid":"5191082697044474360","resource_type":"drinking_water","water_fountain":"1","bottle_filler":"0","jug_filler":"0","dog_fountain":"0","latitude":"37.728907080000006","longitude":"-122.40968716","address":"500 Felton St","city":"San Francisco","state":"CA","zip_code":"94134","park":"Palega Playground","access":"limited_access","public_access_hours_open":"08:00:00","public_access_hours_close":"20:00:00","public_access_days":"Daily","notes":null,"source":"rec","supervisor_district":"9","analysis_neighborhood":"Portola","data_as_of":"2026-03-10T15:25:27.000","data_loaded_at":"2026-05-01T09:08:14.258",":id":"row-2kkt.dahv_mr7f",":version":"rv-c8bb_euw6_g2vy",":created_at":"2026-05-01T16:08:20.998Z",":updated_at":"2026-05-01T16:08:25.342Z",":@computed_region_jwn9_ihcz":"91",":@computed_region_qgnn_b9vv":"2",":@computed_region_26cr_cadq":"2",":@computed_region_ajp5_b2md":"25",":@computed_region_bz92_g22m":"130"}},
{"type":"Feature","geometry":{"type":"Point","coordinates":[-122.367911872,37.810679633]},"properties":{"name":"Dog bowl df","uid":"4576117123634464333","resource_type":"drinking_water","water_fountain":"1","bottle_filler":"0","jug_filler":"0","dog_fountain":"0","latitude":"37.8106796327104","longitude":"-122.3679118723563","address":null,"city":"San Francisco","state":"CA","zip_code":null,"park":"The Rocks Dog Park","access":"publicly_accessible","public_access_hours_open":"08:00:00","public_access_hours_close":"20:00:00","public_access_days":"Daily","notes":null,"source":"rec","supervisor_district":"6","analysis_neighborhood":"Treasure Island","data_as_of":"2026-03-10T15:25:27.000","data_loaded_at":"2026-05-01T09:08:14.258",":id":"row-c9x4-q2vw_8wxh",":version":"rv-qstc.wq2i_dqxy",":created_at":"2026-05-01T16:08:20.998Z",":updated_at":"2026-05-01T16:08:25.342Z",":@computed_region_jwn9_ihcz":"35",":@computed_region_qgnn_b9vv":"1",":@computed_region_26cr_cadq":"10",":@computed_region_ajp5_b2md":"37",":@computed_region_bz92_g22m":null}},
{"type":"Feature","geometry":{"type":"Point","coordinates":[-122.420865617,37.723254888]},"properties":{"name":"John McLaren Park - Drinking Fountain/Cooler","uid":"711898152290323530","resource_type":"drinking_water","water_fountain":"1","bottle_filler":"0","jug_filler":"0","dog_fountain":"0","latitude":"37.72325489","longitude":"-122.42086562","address":"100 John F Shelley Dr","city":"San Francisco","state":"CA","zip_code":"94134","park":"John McLaren Park","access":"publicly_accessible","public_access_hours_open":"08:00:00","public_access_hours_close":"20:00:00","public_access_days":"Daily","notes":null,"source":"rec","supervisor_district":"11","analysis_neighborhood":"McLaren Park","data_as_of":"2026-03-10T15:25:27.000","data_loaded_at":"2026-05-01T09:08:14.258",":id":"row-u54v.pmyi.z62r",":version":"rv-2dj4-7hsa-vcsv",":created_at":"2026-05-01T16:08:20.998Z",":updated_at":"2026-05-01T16:08:25.342Z",":@computed_region_jwn9_ihcz":"73",":@computed_region_qgnn_b9vv":"9",":@computed_region_26cr_cadq":"2",":@computed_region_ajp5_b2md":"19",":@computed_region_bz92_g22m":"7"}},
{"type":"Feature","geometry":{"type":"Point","coordinates":[-122.429939052,37.713791046]},"properties":{"name":"Crocker Amazon Playground - Drinking Fountain/Cooler","uid":"1867864060672035884","resource_type":"drinking_water","water_fountain":"1","bottle_filler":"1","jug_filler":"0","dog_fountain":"0","latitude":"37.713791050000005","longitude":"-122.42993905","address":"799 Moscow St","city":"San Francisco","state":"CA","zip_code":"94134","park":"Crocker Amazon Playground","access":"publicly_accessible","public_access_hours_open":"08:00:00","public_access_hours_close":"20:00:00","public_access_days":"Daily","notes":null,"source":"rec","supervisor_district":"11","analysis_neighborhood":"Excelsior","data_as_of":"2026-03-10T15:25:27.000","data_loaded_at":"2026-05-01T09:08:14.258",":id":"row-sydt~7g2c~5f55",":version":"rv-six7-mtya_7x9e",":created_at":"2026-05-01T16:08:20.998Z",":updated_at":"2026-05-01T16:08:25.342Z",":@computed_region_jwn9_ihcz":"58",":@computed_region_qgnn_b9vv":"9",":@computed_region_26cr_cadq":"1",":@computed_region_ajp5_b2md":"7",":@computed_region_bz92_g22m":"158"}},
{"type":"Feature","geometry":{"type":"Point","coordinates":[-122.409702567,37.729284229]},"properties":{"name":"Palega Playground - Drinking Fountain/Cooler","uid":"2092795445162135838","resource_type":"drinking_water","water_fountain":"1","bottle_filler":"0","jug_filler":"0","dog_fountain":"0","latitude":"37.72928423","longitude":"-122.40970257000001","address":"500 Felton St","city":"San Francisco","state":"CA","zip_code":"94134","park":"Palega Playground","access":"publicly_accessible","public_access_hours_open":"08:00:00","public_access_hours_close":"20:00:00","public_access_days":"Daily","notes":null,"source":"rec","supervisor_district":"9","analysis_neighborhood":"Portola","data_as_of":"2026-03-10T15:25:27.000","data_loaded_at":"2026-05-01T09:08:14.258",":id":"row-fgny~sp9p_8x9k",":version":"rv-fsj3.pjwb~drnb",":created_at":"2026-05-01T16:08:20.998Z",":updated_at":"2026-05-01T16:08:25.342Z",":@computed_region_jwn9_ihcz":"91",":@computed_region_qgnn_b9vv":"2",":@computed_region_26cr_cadq":"2",":@computed_region_ajp5_b2md":"25",":@computed_region_bz92_g22m":"130"}},
{"type":"Feature","geometry":{"type":"Point","coordinates":[-122.438945602,37.751453516]},"properties":{"name":"Noe Valley Courts - Drinking Fountain/Cooler","uid":"3686054069719958044","resource_type":"drinking_water","water_fountain":"1","bottle_filler":"0","jug_filler":"0","dog_fountain":"1","latitude":"37.75145352","longitude":"-122.43894560000001","address":"780 Douglass St","city":"San Francisco","state":"CA","zip_code":"94114","park":"Noe Valley Courts","access":"publicly_accessible","public_access_hours_open":"08:00:00","public_access_hours_close":"20:00:00","public_access_days":"Daily","notes":null,"source":"rec","supervisor_district":"8","analysis_neighborhood":"Noe Valley","data_as_of":"2026-03-10T15:25:27.000","data_loaded_at":"2026-05-01T09:08:14.258",":id":"row-akra-rp5y~3iww",":version":"rv-7evy~icuq.8ucy",":created_at":"2026-05-01T16:08:20.998Z",":updated_at":"2026-05-01T16:08:25.342Z",":@computed_region_jwn9_ihcz":"51",":@computed_region_qgnn_b9vv":"3",":@computed_region_26cr_cadq":"5",":@computed_region_ajp5_b2md":"22",":@computed_region_bz92_g22m":"132"}},
{"type":"Feature","geometry":{"type":"Point","coordinates":[-122.486987601,37.773527928]},"properties":{"name":"Fulton Playground - Drinking Fountain/Cooler","uid":"5158768580997503181","resource_type":"drinking_water","water_fountain":"1","bottle_filler":"0","jug_filler":"0","dog_fountain":"0","latitude":"37.77352793","longitude":"-122.4869876","address":"855 27th Ave","city":"San Francisco","state":"CA","zip_code":"94121","park":"Fulton Playground","access":"publicly_accessible","public_access_hours_open":"08:00:00","public_access_hours_close":"20:00:00","public_access_days":"Daily","notes":null,"source":"rec","supervisor_district":"1","analysis_neighborhood":"Outer Richmond","data_as_of":"2026-03-10T15:25:27.000","data_loaded_at":"2026-05-01T09:08:14.258",":id":"row-jxng~5kjp_4fp7",":version":"rv-3wty_j8cb-mawg",":created_at":"2026-05-01T16:08:20.998Z",":updated_at":"2026-05-01T16:08:25.342Z",":@computed_region_jwn9_ihcz":"8",":@computed_region_qgnn_b9vv":"8",":@computed_region_26cr_cadq":"4",":@computed_region_ajp5_b2md":"29",":@computed_region_bz92_g22m":"210"}},
{"type":"Feature","geometry":{"type":"Point","coordinates":[-122.420560819,37.737115258]},"properties":{"name":"Holly Park - Drinking Fountain/Cooler","uid":"5591212446335776069","resource_type":"drinking_water","water_fountain":"1","bottle_filler":"0","jug_filler":"0","dog_fountain":"0","latitude":"37.737115259999996","longitude":"-122.42056082","address":"625  Holly Park Cir","city":"San Francisco","state":"CA","zip_code":"94110","park":"Holly Park","access":"publicly_accessible","public_access_hours_open":"08:00:00","public_access_hours_close":"20:00:00","public_access_days":"Daily","notes":null,"source":"rec","supervisor_district":"9","analysis_neighborhood":"Bernal Heights","data_as_of":"2026-03-10T15:25:27.000","data_loaded_at":"2026-05-01T09:08:14.258",":id":"row-8yxm~n654.cqkn",":version":"rv-2jbm_frbv~dvxe",":created_at":"2026-05-01T16:08:20.998Z",":updated_at":"2026-05-01T16:08:25.342Z",":@computed_region_jwn9_ihcz":"61",":@computed_region_qgnn_b9vv":"9",":@computed_region_26cr_cadq":"2",":@computed_region_ajp5_b2md":"2",":@computed_region_bz92_g22m":"47"}},
{"type":"Feature","geometry":{"type":"Point","coordinates":[-122.506503087,37.769184349]},"properties":{"name":"Golden Gate Park - Section 6 - Bottle filler","uid":"4145041442145995140","resource_type":"drinking_water","water_fountain":"1","bottle_filler":"1","jug_filler":"0","dog_fountain":"0","latitude":"37.76918435","longitude":"-122.50650309000001","address":"501 Stanyan St","city":"San Francisco","state":"CA","zip_code":"94121","park":"Golden Gate Park - Section 6","access":"publicly_accessible","public_access_hours_open":"08:00:00","public_access_hours_close":"20:00:00","public_access_days":"Daily","notes":null,"source":"rec","supervisor_district":"1","analysis_neighborhood":"Golden Gate Park","data_as_of":"2026-03-19T14:28:55.000","data_loaded_at":"2026-05-01T09:08:14.258",":id":"row-3ze5.6gak~fxru",":version":"rv-wdse.8emw_an53",":created_at":"2026-05-01T16:08:20.998Z",":updated_at":"2026-05-01T16:08:25.342Z",":@computed_region_jwn9_ihcz":"9",":@computed_region_qgnn_b9vv":"8",":@computed_region_26cr_cadq":"4",":@computed_region_ajp5_b2md":"12",":@computed_region_bz92_g22m":"234"}},
{"type":"Feature","geometry":{"type":"Point","coordinates":[-122.458907285,37.715090819]},"properties":{"name":"Minnie and Lovie Ward Rec Center - Drinking Fountain/Cooler","uid":"8019164910494580457","resource_type":"drinking_water","water_fountain":"1","bottle_filler":"1","jug_filler":"0","dog_fountain":"0","latitude":"37.71509082","longitude":"-122.45890729","address":"650 Capitol Ave","city":"San Francisco","state":"CA","zip_code":"94112","park":"Minnie and Lovie Ward Rec Center","access":"publicly_accessible","public_access_hours_open":"08:00:00","public_access_hours_close":"20:00:00","public_access_days":"Daily","notes":null,"source":"rec","supervisor_district":"11","analysis_neighborhood":"Oceanview/Merced/Ingleside","data_as_of":"2026-03-10T15:25:27.000","data_loaded_at":"2026-05-01T09:08:14.258",":id":"row-dn5h-qn5r.c8vi",":version":"rv-ruy9-vqk2-2kzp",":created_at":"2026-05-01T16:08:20.998Z",":updated_at":"2026-05-01T16:08:25.342Z",":@computed_region_jwn9_ihcz":"81",":@computed_region_qgnn_b9vv":"10",":@computed_region_26cr_cadq":"1",":@computed_region_ajp5_b2md":"24",":@computed_region_bz92_g22m":"89"}},
{"type":"Feature","geometry":{"type":"Point","coordinates":[-122.457327344,37.716045219]},"properties":{"name":"Minnie and Lovie Ward Rec Center - Drinking Fountain/Cooler","uid":"3895352170826903433","resource_type":"drinking_water","water_fountain":"1","bottle_filler":"0","jug_filler":"0","dog_fountain":"0","latitude":"37.71604522","longitude":"-122.45732734","address":"650 Capitol Ave","city":"San Francisco","state":"CA","zip_code":"94112","park":"Minnie and Lovie Ward Rec Center","access":"publicly_accessible","public_access_hours_open":"08:00:00","public_access_hours_close":"20:00:00","public_access_days":"Daily","notes":null,"source":"rec","supervisor_district":"11","analysis_neighborhood":"Oceanview/Merced/Ingleside","data_as_of":"2026-03-10T15:25:27.000","data_loaded_at":"2026-05-01T09:08:14.258",":id":"row-7shu_gafy~3drs",":version":"rv-j5ni-58z5.6bkh",":created_at":"2026-05-01T16:08:20.998Z",":updated_at":"2026-05-01T16:08:25.342Z",":@computed_region_jwn9_ihcz":"81",":@computed_region_qgnn_b9vv":"10",":@computed_region_26cr_cadq":"1",":@computed_region_ajp5_b2md":"24",":@computed_region_bz92_g22m":"89"}},
{"type":"Feature","geometry":{"type":"Point","coordinates":[-122.495136183,37.771634074]},"properties":{"name":"Golden Gate Park - Section 5 - Drinking Fountain/Cooler","uid":"4228604834963822706","resource_type":"drinking_water","water_fountain":"1","bottle_filler":"0","jug_filler":"0","dog_fountain":"0","latitude":"37.77163407","longitude":"-122.49513617999999","address":"501 Stanyan St","city":"San Francisco","state":"CA","zip_code":"94122","park":"Golden Gate Park - Section 5","access":"publicly_accessible","public_access_hours_open":"08:00:00","public_access_hours_close":"20:00:00","public_access_days":"Daily","notes":null,"source":"rec","supervisor_district":"1","analysis_neighborhood":"Golden Gate Park","data_as_of":"2026-03-10T15:25:27.000","data_loaded_at":"2026-05-01T09:08:14.258",":id":"row-e2fn~p6in-bzfy",":version":"rv-bf7c~uzmv-zvni",":created_at":"2026-05-01T16:08:20.998Z",":updated_at":"2026-05-01T16:08:25.342Z",":@computed_region_jwn9_ihcz":"9",":@computed_region_qgnn_b9vv":"8",":@computed_region_26cr_cadq":"4",":@computed_region_ajp5_b2md":"12",":@computed_region_bz92_g22m":"233"}},
{"type":"Feature","geometry":{"type":"Point","coordinates":[-122.391086201,37.732484671]},"properties":{"name":"Anna E. Waden Branch Library (Bayview)","uid":"4747163986582751508","resource_type":"drinking_water","water_fountain":"1","bottle_filler":"0","jug_filler":"0","dog_fountain":"0","latitude":"37.732484671000066","longitude":"-122.39108620099995","address":"5075 3RD ST","city":"San Francisco","state":"CA","zip_code":"94124","park":null,"access":"limited_access","public_access_hours_open":null,"public_access_hours_close":null,"public_access_days":"Daily","notes":"opening_hours = [\"Sunday:13:00-17:00\",\"Monday:10:00-18:00\",\"Tuesday:10:00-20:00\",\"Wednesday:10:00-20:00\",\"Thursday:10:00-20:00\",\"Friday:13:00-18:00\",\"Saturday:10:00-18:00\",\"Total Weekly Hours:55\"]","source":"library","supervisor_district":"10","analysis_neighborhood":"Bayview Hunters Point","data_as_of":"2026-03-25T15:20:00.000","data_loaded_at":"2026-05-01T09:08:14.258",":id":"row-uffp.kd95-6nrt",":version":"rv-957u~cgq5_bnfa",":created_at":"2026-05-01T16:08:20.998Z",":updated_at":"2026-05-01T16:08:25.342Z",":@computed_region_jwn9_ihcz":"86",":@computed_region_qgnn_b9vv":"2",":@computed_region_26cr_cadq":"9",":@computed_region_ajp5_b2md":"1",":@computed_region_bz92_g22m":null}},
{"type":"Feature","geometry":{"type":"Point","coordinates":[-122.389857,37.775948]},"properties":{"name":"China Basin Park Water Fountain #5","uid":"1815687204750990271","resource_type":"drinking_water","water_fountain":"0","bottle_filler":"1","jug_filler":"1","dog_fountain":"0","latitude":"37.775948","longitude":"-122.389857","address":"3rd St, Mission Bay","city":"San Francisco","state":"CA","zip_code":"94158","park":null,"access":"publicly_accessible","public_access_hours_open":null,"public_access_hours_close":null,"public_access_days":"Daily","notes":"On 3rd street","source":"port","supervisor_district":"6","analysis_neighborhood":"Mission Bay","data_as_of":"2024-10-04T13:51:23.000","data_loaded_at":"2026-05-01T09:08:14.258",":id":"row-8nx2_ubzi-6dmc",":version":"rv-c698_un23_59vu",":created_at":"2026-05-01T16:08:20.998Z",":updated_at":"2026-05-01T16:08:25.342Z",":@computed_region_jwn9_ihcz":"34",":@computed_region_qgnn_b9vv":"1",":@computed_region_26cr_cadq":"10",":@computed_region_ajp5_b2md":"4",":@computed_region_bz92_g22m":null}},
{"type":"Feature","geometry":{"type":"Point","coordinates":[-122.39505,37.79689]},"properties":{"name":"Port of San Francisco","uid":"2480114164880190808","resource_type":"drinking_water","water_fountain":"1","bottle_filler":"1","jug_filler":"0","dog_fountain":"0","latitude":"37.79689","longitude":"-122.39505","address":"Pier 1 on the Embarcadero","city":"San Francisco","state":"CA","zip_code":"94111","park":null,"access":"limited_access","public_access_hours_open":"08:00:00","public_access_hours_close":"17:30:00","public_access_days":"Daily","notes":"Inside Pier 1","source":"port","supervisor_district":"3","analysis_neighborhood":"Financial District/South Beach","data_as_of":"2024-10-04T13:51:23.000","data_loaded_at":"2026-05-01T09:08:14.258",":id":"row-pivn-y5sv~w5r2",":version":"rv-rwzt-d9ky_srr8",":created_at":"2026-05-01T16:08:20.998Z",":updated_at":"2026-05-01T16:08:25.342Z",":@computed_region_jwn9_ihcz":"77",":@computed_region_qgnn_b9vv":"6",":@computed_region_26cr_cadq":"3",":@computed_region_ajp5_b2md":"8",":@computed_region_bz92_g22m":null}},
{"type":"Feature","geometry":{"type":"Point","coordinates":[-122.432965979,37.713604809]},"properties":{"name":"Crocker Amazon Playground - Drinking Fountain","uid":"3086264671836333061","resource_type":"drinking_water","water_fountain":"1","bottle_filler":"0","jug_filler":"0","dog_fountain":"0","latitude":"37.71360481","longitude":"-122.43296598","address":"799 Moscow St","city":"San Francisco","state":"CA","zip_code":"94134","park":"Crocker Amazon Playground","access":"limited_access","public_access_hours_open":"08:00:00","public_access_hours_close":"20:00:00","public_access_days":"Daily","notes":null,"source":"rec","supervisor_district":"11","analysis_neighborhood":"Excelsior","data_as_of":"2026-03-10T15:25:27.000","data_loaded_at":"2026-05-01T09:08:14.258",":id":"row-3mei-base.wef8",":version":"rv-vdtc.r739.e4ez",":created_at":"2026-05-01T16:08:20.998Z",":updated_at":"2026-05-01T16:08:25.342Z",":@computed_region_jwn9_ihcz":"58",":@computed_region_qgnn_b9vv":"9",":@computed_region_26cr_cadq":"1",":@computed_region_ajp5_b2md":"7",":@computed_region_bz92_g22m":"158"}},
{"type":"Feature","geometry":{"type":"Point","coordinates":[-122.468099204,37.781844245]},"properties":{"name":"Richmond Branch Library","uid":"1970251667032378395","resource_type":"drinking_water","water_fountain":"1","bottle_filler":"0","jug_filler":"0","dog_fountain":"0","latitude":"37.78184424500006","longitude":"-122.46809920399994","address":"351 9TH AVE","city":"San Francisco","state":"CA","zip_code":"94118","park":"10th Ave & Clement Mini Park","access":"limited_access","public_access_hours_open":null,"public_access_hours_close":null,"public_access_days":"Daily","notes":"opening_hours = [\"Sunday:13:00-17:00\",\"Monday:13:00-18:00\",\"Tuesday:10:00-20:00\",\"Wednesday:10:00-20:00\",\"Thursday:10:00-20:00\",\"Friday:13:00-18:00\",\"Saturday:10:00-18:00\",\"Total Weekly Hours:52\"]","source":"library","supervisor_district":"1","analysis_neighborhood":"Inner Richmond","data_as_of":"2026-03-25T15:20:00.000","data_loaded_at":"2026-05-01T09:08:14.258",":id":"row-9azt.zjnp_dxqz",":version":"rv-qa7t~9atw.vz6z",":created_at":"2026-05-01T16:08:20.998Z",":updated_at":"2026-05-01T16:08:25.342Z",":@computed_region_jwn9_ihcz":"5",":@computed_region_qgnn_b9vv":"8",":@computed_region_26cr_cadq":"4",":@computed_region_ajp5_b2md":"11",":@computed_region_bz92_g22m":"143"}},
{"type":"Feature","geometry":{"type":"Point","coordinates":[-122.36789379,37.727519286]},"properties":{"name":"Shipyard Parks - Dog bowl","uid":"5942691889776312248","resource_type":"drinking_water","water_fountain":"1","bottle_filler":"0","jug_filler":"0","dog_fountain":"0","latitude":"37.72751929","longitude":"-122.36789379","address":"100 Innes Court","city":"San Francisco","state":"CA","zip_code":"94124","park":"Shipyard Parks","access":"publicly_accessible","public_access_hours_open":"08:00:00","public_access_hours_close":"20:00:00","public_access_days":"Daily","notes":null,"source":"rec","supervisor_district":"10","analysis_neighborhood":"Bayview Hunters Point","data_as_of":"2026-03-10T15:25:27.000","data_loaded_at":"2026-05-01T09:08:14.258",":id":"row-pk5p.jher-3s64",":version":"rv-wz66-ric6-qctv",":created_at":"2026-05-01T16:08:20.998Z",":updated_at":"2026-05-01T16:08:25.342Z",":@computed_region_jwn9_ihcz":"78",":@computed_region_qgnn_b9vv":"2",":@computed_region_26cr_cadq":"9",":@computed_region_ajp5_b2md":"1",":@computed_region_bz92_g22m":null}},
{"type":"Feature","geometry":{"type":"Point","coordinates":[-122.399128149,37.763987185]},"properties":{"name":"Jackson Playground - Drinking Fountain/Cooler","uid":"8721462175988623013","resource_type":"drinking_water","water_fountain":"1","bottle_filler":"1","jug_filler":"0","dog_fountain":"0","latitude":"37.76398718","longitude":"-122.39912815000001","address":"1645 17th St","city":"San Francisco","state":"CA","zip_code":"94107","park":"Jackson Playground","access":"publicly_accessible","public_access_hours_open":"08:00:00","public_access_hours_close":"20:00:00","public_access_days":"Daily","notes":null,"source":"rec","supervisor_district":"10","analysis_neighborhood":"Potrero Hill","data_as_of":"2026-03-16T15:08:24.000","data_loaded_at":"2026-05-01T09:08:14.258",":id":"row-rhs2.d9js_fdif",":version":"rv-6vnu_naxr~g97z",":created_at":"2026-05-01T16:08:20.998Z",":updated_at":"2026-05-01T16:08:25.342Z",":@computed_region_jwn9_ihcz":"54",":@computed_region_qgnn_b9vv":"1",":@computed_region_26cr_cadq":"9",":@computed_region_ajp5_b2md":"26",":@computed_region_bz92_g22m":"179"}},
{"type":"Feature","geometry":{"type":"Point","coordinates":[-122.393147,37.719071]},"properties":{"name":"TNDC: Candlestick Block A","uid":"8119082390481302510","resource_type":"drinking_water","water_fountain":"0","bottle_filler":"1","jug_filler":"1","dog_fountain":"0","latitude":"37.719071","longitude":"-122.393147","address":"1001 Ingerson Ave","city":"San Francisco","state":"CA","zip_code":"94124","park":null,"access":"publicly_accessible","public_access_hours_open":null,"public_access_hours_close":null,"public_access_days":"Daily","notes":null,"source":"puc","supervisor_district":"10","analysis_neighborhood":"Bayview Hunters Point","data_as_of":"2024-06-27T13:43:12.000","data_loaded_at":"2026-05-01T09:08:14.258",":id":"row-vy8m.jjaz-huw7",":version":"rv-rmj6-eutz~jcd9",":created_at":"2026-05-01T16:08:20.998Z",":updated_at":"2026-05-01T16:08:25.342Z",":@computed_region_jwn9_ihcz":"88",":@computed_region_qgnn_b9vv":"2",":@computed_region_26cr_cadq":"9",":@computed_region_ajp5_b2md":"1",":@computed_region_bz92_g22m":null}},
{"type":"Feature","geometry":{"type":"Point","coordinates":[-122.416105231,37.738851284]},"properties":{"name":"Bernal Heights Branch Library","uid":"5507692796941224450","resource_type":"drinking_water","water_fountain":"1","bottle_filler":"0","jug_filler":"0","dog_fountain":"0","latitude":"37.73885128400008","longitude":"-122.41610523099996","address":"500 CORTLAND AVE","city":"San Francisco","state":"CA","zip_code":"94110","park":null,"access":"limited_access","public_access_hours_open":null,"public_access_hours_close":null,"public_access_days":"Daily","notes":"opening_hours = [\"Sunday:13:00-17:00\",\"Monday:10:00-18:00\",\"Tuesday:10:00-19:00\",\"Wednesday:12:00-20:00\",\"Thursday:10:00-18:00\",\"Friday:13:00-18:00\",\"Saturday:10:00-18:00\",\"Total Weekly Hours:50\"]","source":"library","supervisor_district":"9","analysis_neighborhood":"Bernal Heights","data_as_of":"2026-03-25T15:20:00.000","data_loaded_at":"2026-05-01T09:08:14.258",":id":"row-ddb3-hsvs_8kwb",":version":"rv-ng6j_58nx-9428",":created_at":"2026-05-01T16:08:20.998Z",":updated_at":"2026-05-01T16:08:25.342Z",":@computed_region_jwn9_ihcz":"83",":@computed_region_qgnn_b9vv":"9",":@computed_region_26cr_cadq":"2",":@computed_region_ajp5_b2md":"2",":@computed_region_bz92_g22m":"80"}},
{"type":"Feature","geometry":{"type":"Point","coordinates":[-122.386062,37.767503]},"properties":{"name":"Bayfront Park #1","uid":"2819301328891327176","resource_type":"drinking_water","water_fountain":"1","bottle_filler":"1","jug_filler":"1","dog_fountain":"1","latitude":"37.767503","longitude":"-122.386062","address":"Terry A Francois Blvd, Mission Bay","city":"San Francisco","state":"CA","zip_code":"94158","park":null,"access":null,"public_access_hours_open":null,"public_access_hours_close":null,"public_access_days":null,"notes":null,"source":"port","supervisor_district":"6","analysis_neighborhood":"Mission Bay","data_as_of":"2024-10-04T13:51:23.000","data_loaded_at":"2026-05-01T09:08:14.258",":id":"row-9c2k_9ub4.kuwk",":version":"rv-add3_rqph_hj9h",":created_at":"2026-05-01T16:08:20.998Z",":updated_at":"2026-05-01T16:08:25.342Z",":@computed_region_jwn9_ihcz":"34",":@computed_region_qgnn_b9vv":"1",":@computed_region_26cr_cadq":"10",":@computed_region_ajp5_b2md":"4",":@computed_region_bz92_g22m":null}},
{"type":"Feature","geometry":{"type":"Point","coordinates":[-122.455202703,37.772695809]},"properties":{"name":"Golden Gate Park - Section 1 - Drinking Fountain/Cooler","uid":"3834875212721181925","resource_type":"drinking_water","water_fountain":"1","bottle_filler":"0","jug_filler":"0","dog_fountain":"0","latitude":"37.772695809999995","longitude":"-122.4552027","address":"501 Stanyan St","city":"San Francisco","state":"CA","zip_code":"94117","park":"Golden Gate Park - Section 1","access":"publicly_accessible","public_access_hours_open":"08:00:00","public_access_hours_close":"20:00:00","public_access_days":"Daily","notes":null,"source":"rec","supervisor_district":"1","analysis_neighborhood":"Golden Gate Park","data_as_of":"2026-03-10T15:25:27.000","data_loaded_at":"2026-05-01T09:08:14.258",":id":"row-a3yd~f6zn~fmyf",":version":"rv-ifps_b9xp-ahqk",":created_at":"2026-05-01T16:08:20.998Z",":updated_at":"2026-05-01T16:08:25.342Z",":@computed_region_jwn9_ihcz":"9",":@computed_region_qgnn_b9vv":"7",":@computed_region_26cr_cadq":"4",":@computed_region_ajp5_b2md":"12",":@computed_region_bz92_g22m":"229"}},
{"type":"Feature","geometry":{"type":"Point","coordinates":[-119.850853134,37.882087753]},"properties":{"name":"Camp Mather - Ballfield spigot","uid":"2883241291569512152","resource_type":"drinking_water","water_fountain":"1","bottle_filler":"0","jug_filler":"0","dog_fountain":"0","latitude":"37.88208775","longitude":"-119.85085313","address":"32560 Mather Road","city":"San Francisco","state":"CA","zip_code":"95321","park":"Camp Mather","access":"publicly_accessible","public_access_hours_open":"08:00:00","public_access_hours_close":"20:00:00","public_access_days":"Daily","notes":null,"source":"rec","supervisor_district":null,"analysis_neighborhood":null,"data_as_of":"2026-03-10T15:25:27.000","data_loaded_at":"2026-05-01T09:08:14.258",":id":"row-rn8i~87cs_ua58",":version":"rv-3se3.dp59~7d9v",":created_at":"2026-05-01T16:08:20.998Z",":updated_at":"2026-05-01T16:08:25.342Z",":@computed_region_jwn9_ihcz":null,":@computed_region_qgnn_b9vv":null,":@computed_region_26cr_cadq":null,":@computed_region_ajp5_b2md":null,":@computed_region_bz92_g22m":"50"}},
{"type":"Feature","geometry":{"type":"Point","coordinates":[-122.385705,37.769266]},"properties":{"name":"Bayfront Park ##2","uid":"812756095121936560","resource_type":"drinking_water","water_fountain":"1","bottle_filler":"1","jug_filler":"1","dog_fountain":"1","latitude":"37.769266","longitude":"-122.385705","address":"Terry A Francois Blvd, Mission Bay","city":"San Francisco","state":"CA","zip_code":"94158","park":null,"access":null,"public_access_hours_open":null,"public_access_hours_close":null,"public_access_days":null,"notes":null,"source":"port","supervisor_district":"6","analysis_neighborhood":"Mission Bay","data_as_of":"2024-10-04T13:51:23.000","data_loaded_at":"2026-05-01T09:08:14.258",":id":"row-k9ah_uytc_jywf",":version":"rv-qd3e_4wxa~iwa4",":created_at":"2026-05-01T16:08:20.998Z",":updated_at":"2026-05-01T16:08:25.342Z",":@computed_region_jwn9_ihcz":"34",":@computed_region_qgnn_b9vv":"1",":@computed_region_26cr_cadq":"10",":@computed_region_ajp5_b2md":"4",":@computed_region_bz92_g22m":null}},
{"type":"Feature","geometry":{"type":"Point","coordinates":[-122.45421166,37.769985472]},"properties":{"name":"Golden Gate Park - Section 1 - Stanyan Edge Courtyard Drinking Fountain","uid":"2510993658053804211","resource_type":"drinking_water","water_fountain":"1","bottle_filler":"0","jug_filler":"0","dog_fountain":"0","latitude":"37.76998547","longitude":"-122.45421166","address":"501 Stanyan St","city":"San Francisco","state":"CA","zip_code":"94117","park":"Golden Gate Park - Section 1","access":"publicly_accessible","public_access_hours_open":"08:00:00","public_access_hours_close":"20:00:00","public_access_days":"Daily","notes":null,"source":"rec","supervisor_district":"5","analysis_neighborhood":"Golden Gate Park","data_as_of":"2026-03-10T15:25:27.000","data_loaded_at":"2026-05-01T09:08:14.258",":id":"row-j3jk-47fm.i2c7",":version":"rv-c42c_yj66_udq3",":created_at":"2026-05-01T16:08:20.998Z",":updated_at":"2026-05-01T16:08:25.342Z",":@computed_region_jwn9_ihcz":"9",":@computed_region_qgnn_b9vv":"7",":@computed_region_26cr_cadq":"11",":@computed_region_ajp5_b2md":"12",":@computed_region_bz92_g22m":"229"}},
{"type":"Feature","geometry":{"type":"Point","coordinates":[-122.47038418,37.717481497]},"properties":{"name":"Merced Heights Playground - Drinking Fountain/Cooler","uid":"273571002168803164","resource_type":"drinking_water","water_fountain":"1","bottle_filler":"0","jug_filler":"0","dog_fountain":"0","latitude":"37.7174815","longitude":"-122.47038418","address":"801 Shields St","city":"San Francisco","state":"CA","zip_code":"94132","park":"Merced Heights Playground","access":"publicly_accessible","public_access_hours_open":"08:00:00","public_access_hours_close":"20:00:00","public_access_days":"Daily","notes":null,"source":"rec","supervisor_district":"11","analysis_neighborhood":"Oceanview/Merced/Ingleside","data_as_of":"2026-03-10T15:25:27.000","data_loaded_at":"2026-05-01T09:08:14.258",":id":"row-6uek~zbu3-9ys7",":version":"rv-8mzd~xhne-6u4r",":created_at":"2026-05-01T16:08:20.998Z",":updated_at":"2026-05-01T16:08:25.342Z",":@computed_region_jwn9_ihcz":"65",":@computed_region_qgnn_b9vv":"10",":@computed_region_26cr_cadq":"1",":@computed_region_ajp5_b2md":"24",":@computed_region_bz92_g22m":"138"}},
{"type":"Feature","geometry":{"type":"Point","coordinates":[-122.474493769,37.726593669]},"properties":{"name":"Merced Branch Library","uid":"7302849541184780251","resource_type":"drinking_water","water_fountain":"1","bottle_filler":"0","jug_filler":"0","dog_fountain":"0","latitude":"37.72659366900007","longitude":"-122.47449376899999","address":"155 WINSTON DR","city":"San Francisco","state":"CA","zip_code":"94132","park":null,"access":"limited_access","public_access_hours_open":null,"public_access_hours_close":null,"public_access_days":"Daily","notes":"opening_hours = [\"Sunday:13:00-17:00\",\"Monday:10:00-18:00\",\"Tuesday:10:00-20:00\",\"Wednesday:12:00-20:00\",\"Thursday:10:00-20:00\",\"Friday:13:00-18:00\",\"Saturday:10:00-18:00\",\"Total Weekly Hours:53\"]","source":"library","supervisor_district":"7","analysis_neighborhood":"West of Twin Peaks","data_as_of":"2026-03-25T15:20:00.000","data_loaded_at":"2026-05-01T09:08:14.258",":id":"row-ewm6-k25s-c37z",":version":"rv-mh7n~4rrr_dk5t",":created_at":"2026-05-01T16:08:20.998Z",":updated_at":"2026-05-01T16:08:25.342Z",":@computed_region_jwn9_ihcz":"41",":@computed_region_qgnn_b9vv":"10",":@computed_region_26cr_cadq":"8",":@computed_region_ajp5_b2md":"41",":@computed_region_bz92_g22m":"44"}},
{"type":"Feature","geometry":{"type":"Point","coordinates":[-122.42024527,37.764167623]},"properties":{"name":"Kid Power Park - Drinking Fountain/Cooler","uid":"4490862356891797241","resource_type":"drinking_water","water_fountain":"1","bottle_filler":"0","jug_filler":"0","dog_fountain":"0","latitude":"37.76416762","longitude":"-122.42024527","address":"45 Hoff Street","city":"San Francisco","state":"CA","zip_code":"94110","park":"Kid Power Park","access":"publicly_accessible","public_access_hours_open":"08:00:00","public_access_hours_close":"20:00:00","public_access_days":"Daily","notes":null,"source":"rec","supervisor_district":"9","analysis_neighborhood":"Mission","data_as_of":"2026-03-10T15:25:27.000","data_loaded_at":"2026-05-01T09:08:14.258",":id":"row-9iji_nm23~2fvg",":version":"rv-v536.frsr-c2tg",":created_at":"2026-05-01T16:08:20.998Z",":updated_at":"2026-05-01T16:08:25.342Z",":@computed_region_jwn9_ihcz":"53",":@computed_region_qgnn_b9vv":"3",":@computed_region_26cr_cadq":"2",":@computed_region_ajp5_b2md":"20",":@computed_region_bz92_g22m":"185"}},
{"type":"Feature","geometry":{"type":"Point","coordinates":[-122.497258095,37.778569507]},"properties":{"name":"Anza Branch Library","uid":"7669133687822072481","resource_type":"drinking_water","water_fountain":"1","bottle_filler":"0","jug_filler":"0","dog_fountain":"0","latitude":"37.77856950700004","longitude":"-122.49725809499995","address":"550 37TH AVE","city":"San Francisco","state":"CA","zip_code":"94121","park":null,"access":"limited_access","public_access_hours_open":null,"public_access_hours_close":null,"public_access_days":"Daily","notes":"opening_hours = [\"Sunday:13:00-17:00\",\"Monday:10:00-18:00\",\"Tuesday:10:00-20:00\",\"Wednesday:13:00-20:00\",\"Thursday:10:00-18:00\",\"Friday:13:00-18:00\",\"Saturday:10:00-18:00\",\"Total Weekly Hours:50\"]","source":"library","supervisor_district":"1","analysis_neighborhood":"Outer Richmond","data_as_of":"2026-03-25T15:20:00.000","data_loaded_at":"2026-05-01T09:08:14.258",":id":"row-tr22_h72v~8bci",":version":"rv-ktra_5cyz_239i",":created_at":"2026-05-01T16:08:20.998Z",":updated_at":"2026-05-01T16:08:25.342Z",":@computed_region_jwn9_ihcz":"8",":@computed_region_qgnn_b9vv":"8",":@computed_region_26cr_cadq":"4",":@computed_region_ajp5_b2md":"29",":@computed_region_bz92_g22m":null}},
{"type":"Feature","geometry":{"type":"Point","coordinates":[-122.440292713,37.765309225]},"properties":{"name":"Corona Heights Park - Drinking Fountain/Cooler","uid":"8683149347626563077","resource_type":"drinking_water","water_fountain":"1","bottle_filler":"0","jug_filler":"0","dog_fountain":"1","latitude":"37.76530923000001","longitude":"-122.44029271000001","address":"122 States St","city":"San Francisco","state":"CA","zip_code":"94114","park":"Corona Heights Park","access":"publicly_accessible","public_access_hours_open":"08:00:00","public_access_hours_close":"20:00:00","public_access_days":"Daily","notes":null,"source":"rec","supervisor_district":"8","analysis_neighborhood":"Castro/Upper Market","data_as_of":"2026-03-10T15:25:27.000","data_loaded_at":"2026-05-01T09:08:14.258",":id":"row-nbt9_vidf~akb6",":version":"rv-r8h3-btrf-zy32",":created_at":"2026-05-01T16:08:20.998Z",":updated_at":"2026-05-01T16:08:25.342Z",":@computed_region_jwn9_ihcz":"113",":@computed_region_qgnn_b9vv":"7",":@computed_region_26cr_cadq":"5",":@computed_region_ajp5_b2md":"5",":@computed_region_bz92_g22m":"202"}},
{"type":"Feature","geometry":{"type":"Point","coordinates":[-122.479345064,37.743162358]},"properties":{"name":"Parkside Branch Library","uid":"580239198389475256","resource_type":"drinking_water","water_fountain":"1","bottle_filler":"0","jug_filler":"0","dog_fountain":"0","latitude":"37.74316235800006","longitude":"-122.47934506399997","address":"1200 TARAVAL ST","city":"San Francisco","state":"CA","zip_code":"94116","park":null,"access":"limited_access","public_access_hours_open":null,"public_access_hours_close":null,"public_access_days":"Daily","notes":"opening_hours = [\"Sunday:13:00-17:00\",\"Monday:13:00-18:00\",\"Tuesday:10:00-20:00\",\"Wednesday:11:00-20:00\",\"Thursday:10:00-18:00\",\"Friday:13:00-18:00\",\"Saturday:10:00-18:00\",\"Total Weekly Hours:49\"]","source":"library","supervisor_district":"4","analysis_neighborhood":"Sunset/Parkside","data_as_of":"2026-03-25T15:20:00.000","data_loaded_at":"2026-05-01T09:08:14.258",":id":"row-aj89-mk53.8cci",":version":"rv-jd79.mcs7~73g2",":created_at":"2026-05-01T16:08:20.998Z",":updated_at":"2026-05-01T16:08:25.342Z",":@computed_region_jwn9_ihcz":"40",":@computed_region_qgnn_b9vv":"10",":@computed_region_26cr_cadq":"7",":@computed_region_ajp5_b2md":"35",":@computed_region_bz92_g22m":null}},
{"type":"Feature","geometry":{"type":"Point","coordinates":[-122.388026,37.776004]},"properties":{"name":"China Basin Park Water Fountain #3","uid":"5722591289261935719","resource_type":"drinking_water","water_fountain":"1","bottle_filler":"1","jug_filler":"0","dog_fountain":"1","latitude":"37.776004","longitude":"-122.388026","address":"1 China Basin Park","city":"San Francisco","state":"CA","zip_code":"94107","park":null,"access":"publicly_accessible","public_access_hours_open":null,"public_access_hours_close":null,"public_access_days":"Daily","notes":"By dog park","source":"port","supervisor_district":"6","analysis_neighborhood":"Mission Bay","data_as_of":"2024-10-04T13:51:23.000","data_loaded_at":"2026-05-01T09:08:14.258",":id":"row-sexi~4nys.htk2",":version":"rv-dmr6_6z5s-3qn2",":created_at":"2026-05-01T16:08:20.998Z",":updated_at":"2026-05-01T16:08:25.342Z",":@computed_region_jwn9_ihcz":"34",":@computed_region_qgnn_b9vv":"1",":@computed_region_26cr_cadq":"10",":@computed_region_ajp5_b2md":"4",":@computed_region_bz92_g22m":null}},
{"type":"Feature","geometry":{"type":"Point","coordinates":[-122.4020001,37.7814174]},"properties":{"name":"Salvation Army Headquarters","uid":"7376495296883677357","resource_type":"drinking_water","water_fountain":"0","bottle_filler":"1","jug_filler":"0","dog_fountain":"0","latitude":"37.7814174","longitude":"-122.4020001","address":"832 Folsom Ave","city":"San Francisco","state":"CA","zip_code":"94107","park":null,"access":"publicly_accessible","public_access_hours_open":null,"public_access_hours_close":null,"public_access_days":"Daily","notes":null,"source":"puc","supervisor_district":"6","analysis_neighborhood":"South of Market","data_as_of":"2024-06-27T13:43:12.000","data_loaded_at":"2026-05-01T09:08:14.258",":id":"row-ap4b_8jcn~grjv",":version":"rv-h69h~n3ir~s9ub",":created_at":"2026-05-01T16:08:20.998Z",":updated_at":"2026-05-01T16:08:25.342Z",":@computed_region_jwn9_ihcz":"32",":@computed_region_qgnn_b9vv":"1",":@computed_region_26cr_cadq":"10",":@computed_region_ajp5_b2md":"34",":@computed_region_bz92_g22m":null}},
{"type":"Feature","geometry":{"type":"Point","coordinates":[-122.416327026,37.713925105]},"properties":{"name":"Herz Playground - Drinking Fountain","uid":"7680569076795410595","resource_type":"drinking_water","water_fountain":"1","bottle_filler":"1","jug_filler":"0","dog_fountain":"0","latitude":"37.713925100000004","longitude":"-122.41632703","address":"1701 Visitacion Ave","city":"San Francisco","state":"CA","zip_code":"94134","park":"Herz Playground","access":"publicly_accessible","public_access_hours_open":"08:00:00","public_access_hours_close":"20:00:00","public_access_days":"Daily","notes":null,"source":"rec","supervisor_district":"10","analysis_neighborhood":"McLaren Park","data_as_of":"2026-03-10T15:25:27.000","data_loaded_at":"2026-05-01T09:08:14.258",":id":"row-vzkx_q6wh_kgcs",":version":"rv-zzny~my3s_v3yp",":created_at":"2026-05-01T16:08:20.998Z",":updated_at":"2026-05-01T16:08:25.342Z",":@computed_region_jwn9_ihcz":"73",":@computed_region_qgnn_b9vv":"9",":@computed_region_26cr_cadq":"9",":@computed_region_ajp5_b2md":"19",":@computed_region_bz92_g22m":"15"}},
{"type":"Feature","geometry":{"type":"Point","coordinates":[-122.460129382,37.77239053]},"properties":{"name":"Golden Gate Park - Section 7 - Drinking Fountain","uid":"8447563582125180159","resource_type":"drinking_water","water_fountain":"1","bottle_filler":"0","jug_filler":"0","dog_fountain":"0","latitude":"37.77239053","longitude":"-122.46012938","address":"501 Stanyan St","city":"San Francisco","state":"CA","zip_code":"94122","park":"Golden Gate Park - Section 7","access":"publicly_accessible","public_access_hours_open":"08:00:00","public_access_hours_close":"20:00:00","public_access_days":"Daily","notes":null,"source":"rec","supervisor_district":"1","analysis_neighborhood":"Golden Gate Park","data_as_of":"2026-03-10T15:25:27.000","data_loaded_at":"2026-05-01T09:08:14.258",":id":"row-mkgt~rxiu~7pwt",":version":"rv-vtq5~exmb_cjyt",":created_at":"2026-05-01T16:08:20.998Z",":updated_at":"2026-05-01T16:08:25.342Z",":@computed_region_jwn9_ihcz":"9",":@computed_region_qgnn_b9vv":"7",":@computed_region_26cr_cadq":"4",":@computed_region_ajp5_b2md":"12",":@computed_region_bz92_g22m":"229"}},
{"type":"Feature","geometry":{"type":"Point","coordinates":[-122.490841302,37.782862371]},"properties":{"name":"DuPont Tennis Courts - Drinking Fountain/Cooler","uid":"3262834533380929173","resource_type":"drinking_water","water_fountain":"1","bottle_filler":"0","jug_filler":"0","dog_fountain":"0","latitude":"37.782862370000004","longitude":"-122.4908413","address":"336 31st Ave","city":"San Francisco","state":"CA","zip_code":"94121","park":"DuPont Tennis Courts","access":"publicly_accessible","public_access_hours_open":"08:00:00","public_access_hours_close":"20:00:00","public_access_days":"Daily","notes":null,"source":"rec","supervisor_district":"1","analysis_neighborhood":"Outer Richmond","data_as_of":"2026-03-10T15:25:27.000","data_loaded_at":"2026-05-01T09:08:14.258",":id":"row-kxc6_5z29.pxav",":version":"rv-7y34~mqve.vnz2",":created_at":"2026-05-01T16:08:20.998Z",":updated_at":"2026-05-01T16:08:25.342Z",":@computed_region_jwn9_ihcz":"8",":@computed_region_qgnn_b9vv":"8",":@computed_region_26cr_cadq":"4",":@computed_region_ajp5_b2md":"29",":@computed_region_bz92_g22m":"207"}},
{"type":"Feature","geometry":{"type":"Point","coordinates":[-122.508213388,37.767998149]},"properties":{"name":"Golden Gate Park - Section 6 - Drinking Fountain/Cooler","uid":"1532798181122981291","resource_type":"drinking_water","water_fountain":"1","bottle_filler":"1","jug_filler":"0","dog_fountain":"0","latitude":"37.76799815","longitude":"-122.50821339000001","address":"501 Stanyan St","city":"San Francisco","state":"CA","zip_code":"94121","park":"Golden Gate Park - Section 6","access":"publicly_accessible","public_access_hours_open":"08:00:00","public_access_hours_close":"20:00:00","public_access_days":"Daily","notes":null,"source":"rec","supervisor_district":"4","analysis_neighborhood":"Golden Gate Park","data_as_of":"2026-03-10T15:25:27.000","data_loaded_at":"2026-05-01T09:08:14.258",":id":"row-ctzc_z7fy-vhbu",":version":"rv-rdzr-tmwk~khp6",":created_at":"2026-05-01T16:08:20.998Z",":updated_at":"2026-05-01T16:08:25.342Z",":@computed_region_jwn9_ihcz":"9",":@computed_region_qgnn_b9vv":"8",":@computed_region_26cr_cadq":"4",":@computed_region_ajp5_b2md":"12",":@computed_region_bz92_g22m":"234"}},
{"type":"Feature","geometry":{"type":"Point","coordinates":[-122.461368,37.783196]},"properties":{"name":"3rd and Clement","uid":"2353041988599802789","resource_type":"drinking_water","water_fountain":"0","bottle_filler":"1","jug_filler":"0","dog_fountain":"0","latitude":"37.783196","longitude":"-122.461368","address":"208 Clement","city":"San Francisco","state":"CA","zip_code":"94118","park":null,"access":"publicly_accessible","public_access_hours_open":null,"public_access_hours_close":null,"public_access_days":"Daily","notes":null,"source":"puc","supervisor_district":"1","analysis_neighborhood":"Inner Richmond","data_as_of":"2024-06-27T13:43:12.000","data_loaded_at":"2026-05-01T09:08:14.258",":id":"row-i442.g697_jsgi",":version":"rv-6fbc-hgbn_dbcb",":created_at":"2026-05-01T16:08:20.998Z",":updated_at":"2026-05-01T16:08:25.342Z",":@computed_region_jwn9_ihcz":"5",":@computed_region_qgnn_b9vv":"8",":@computed_region_26cr_cadq":"4",":@computed_region_ajp5_b2md":"11",":@computed_region_bz92_g22m":null}},
{"type":"Feature","geometry":{"type":"Point","coordinates":[-122.455150604,37.76723487]},"properties":{"name":"Golden Gate Park - Section 1 - Kezar Turf Drinking fountain","uid":"2467209826969222567","resource_type":"drinking_water","water_fountain":"1","bottle_filler":"1","jug_filler":"0","dog_fountain":"0","latitude":"37.76723487","longitude":"-122.4551506","address":"Golden Gate Park","city":"San Francisco","state":"CA","zip_code":"94122","park":"Golden Gate Park - Section 1","access":"publicly_accessible","public_access_hours_open":"08:00:00","public_access_hours_close":"20:00:00","public_access_days":"Daily","notes":null,"source":"rec","supervisor_district":"5","analysis_neighborhood":"Golden Gate Park","data_as_of":"2026-03-10T15:25:27.000","data_loaded_at":"2026-05-01T09:08:14.258",":id":"row-r78b-k8t5_h35p",":version":"rv-s8vk~k3pq~vgik",":created_at":"2026-05-01T16:08:20.998Z",":updated_at":"2026-05-01T16:08:25.342Z",":@computed_region_jwn9_ihcz":"9",":@computed_region_qgnn_b9vv":"7",":@computed_region_26cr_cadq":"11",":@computed_region_ajp5_b2md":"12",":@computed_region_bz92_g22m":"229"}},
{"type":"Feature","geometry":{"type":"Point","coordinates":[-122.453329475,37.766991186]},"properties":{"name":"Golden Gate Park - Section 1 - Drinking Fountain/Cooler","uid":"5639541939548623490","resource_type":"drinking_water","water_fountain":"1","bottle_filler":"0","jug_filler":"0","dog_fountain":"0","latitude":"37.76699119","longitude":"-122.45332948","address":"501 Stanyan St","city":"San Francisco","state":"CA","zip_code":"94117","park":"Golden Gate Park - Section 1","access":"limited_access","public_access_hours_open":"08:00:00","public_access_hours_close":"20:00:00","public_access_days":"Daily","notes":null,"source":"rec","supervisor_district":"5","analysis_neighborhood":"Golden Gate Park","data_as_of":"2026-03-10T15:25:27.000","data_loaded_at":"2026-05-01T09:08:14.258",":id":"row-s3rm_4f73-5t7b",":version":"rv-v9gb.fu2m-7bra",":created_at":"2026-05-01T16:08:20.998Z",":updated_at":"2026-05-01T16:08:25.342Z",":@computed_region_jwn9_ihcz":"9",":@computed_region_qgnn_b9vv":"7",":@computed_region_26cr_cadq":"11",":@computed_region_ajp5_b2md":"12",":@computed_region_bz92_g22m":"229"}},
{"type":"Feature","geometry":{"type":"Point","coordinates":[-122.433490914,37.76941332]},"properties":{"name":"Duboce Park - Drinking Fountain/Cooler","uid":"8941845549837929355","resource_type":"drinking_water","water_fountain":"1","bottle_filler":"1","jug_filler":"0","dog_fountain":"0","latitude":"37.76941332","longitude":"-122.43349091","address":"50 Scott St","city":"San Francisco","state":"CA","zip_code":"94117","park":"Duboce Park","access":"publicly_accessible","public_access_hours_open":"08:00:00","public_access_hours_close":"20:00:00","public_access_days":"Daily","notes":null,"source":"rec","supervisor_district":"8","analysis_neighborhood":"Haight Ashbury","data_as_of":"2026-03-10T15:25:27.000","data_loaded_at":"2026-05-01T09:08:14.258",":id":"row-jf2a_mwv6-b6mz",":version":"rv-gh3d-r33r-vutw",":created_at":"2026-05-01T16:08:20.998Z",":updated_at":"2026-05-01T16:08:25.342Z",":@computed_region_jwn9_ihcz":"28",":@computed_region_qgnn_b9vv":"7",":@computed_region_26cr_cadq":"5",":@computed_region_ajp5_b2md":"3",":@computed_region_bz92_g22m":"159"}},
{"type":"Feature","geometry":{"type":"Point","coordinates":[-122.427343892,37.791014268]},"properties":{"name":"Lafayette Park - Drinking Fountain/Cooler","uid":"9079833556995053721","resource_type":"drinking_water","water_fountain":"1","bottle_filler":"0","jug_filler":"0","dog_fountain":"0","latitude":"37.79101427","longitude":"-122.42734389","address":"2101 Washington St","city":"San Francisco","state":"CA","zip_code":"94109","park":"Lafayette Park","access":"publicly_accessible","public_access_hours_open":"08:00:00","public_access_hours_close":"20:00:00","public_access_days":"Daily","notes":null,"source":"rec","supervisor_district":"2","analysis_neighborhood":"Pacific Heights","data_as_of":"2026-03-10T15:25:27.000","data_loaded_at":"2026-05-01T09:08:14.258",":id":"row-ufmw-wf97_yn83",":version":"rv-n3q6~qvb7~zi3p",":created_at":"2026-05-01T16:08:20.998Z",":updated_at":"2026-05-01T16:08:25.342Z",":@computed_region_jwn9_ihcz":"102",":@computed_region_qgnn_b9vv":"4",":@computed_region_26cr_cadq":"6",":@computed_region_ajp5_b2md":"30",":@computed_region_bz92_g22m":"212"}},
{"type":"Feature","geometry":{"type":"Point","coordinates":[-122.455833775,37.751672341]},"properties":{"name":"Midtown Terrace Playground - Drinking Fountain/Cooler","uid":"1362769676768370106","resource_type":"drinking_water","water_fountain":"1","bottle_filler":"0","jug_filler":"0","dog_fountain":"0","latitude":"37.751672340000006","longitude":"-122.45583377","address":"210 Olympia Way","city":"San Francisco","state":"CA","zip_code":"94131","park":"Midtown Terrace Playground","access":"publicly_accessible","public_access_hours_open":"08:00:00","public_access_hours_close":"20:00:00","public_access_days":"Daily","notes":null,"source":"rec","supervisor_district":"7","analysis_neighborhood":"Twin Peaks","data_as_of":"2026-03-10T15:25:27.000","data_loaded_at":"2026-05-01T09:08:14.258",":id":"row-wr84~c66d-hnwm",":version":"rv-s46c_8iui.ghct",":created_at":"2026-05-01T16:08:20.998Z",":updated_at":"2026-05-01T16:08:25.342Z",":@computed_region_jwn9_ihcz":"48",":@computed_region_qgnn_b9vv":"7",":@computed_region_26cr_cadq":"8",":@computed_region_ajp5_b2md":"38",":@computed_region_bz92_g22m":"61"}},
{"type":"Feature","geometry":{"type":"Point","coordinates":[-122.416574319,37.712979081]},"properties":{"name":"Herz Playground - Drinking Fountain","uid":"881274056820859060","resource_type":"drinking_water","water_fountain":"1","bottle_filler":"1","jug_filler":"0","dog_fountain":"0","latitude":"37.71297908104915","longitude":"-122.41657431861317","address":"1701 Visitacion Ave","city":"San Francisco","state":"CA","zip_code":"94134","park":"Herz Playground","access":"publicly_accessible","public_access_hours_open":"08:00:00","public_access_hours_close":"20:00:00","public_access_days":"Daily","notes":null,"source":"rec","supervisor_district":"10","analysis_neighborhood":"Visitacion Valley","data_as_of":"2026-03-10T15:25:27.000","data_loaded_at":"2026-05-01T09:08:14.258",":id":"row-mxfi_gsz7_jxht",":version":"rv-xjqn-fif9~eq9g",":created_at":"2026-05-01T16:08:20.998Z",":updated_at":"2026-05-01T16:08:25.342Z",":@computed_region_jwn9_ihcz":"73",":@computed_region_qgnn_b9vv":"9",":@computed_region_26cr_cadq":"9",":@computed_region_ajp5_b2md":"40",":@computed_region_bz92_g22m":"15"}},
{"type":"Feature","geometry":{"type":"Point","coordinates":[-122.426630664,37.780740583]},"properties":{"name":"Margaret S Hayward Playground - Hayward Path Drinking Fountain","uid":"8274872809217283840","resource_type":"drinking_water","water_fountain":"1","bottle_filler":"1","jug_filler":"0","dog_fountain":"0","latitude":"37.78074058","longitude":"-122.42663065999999","address":"1016 Laguna St","city":"San Francisco","state":"CA","zip_code":"94102","park":"Margaret S Hayward Playground","access":"publicly_accessible","public_access_hours_open":"08:00:00","public_access_hours_close":"20:00:00","public_access_days":"Daily","notes":null,"source":"rec","supervisor_district":"5","analysis_neighborhood":"Western Addition","data_as_of":"2026-03-10T15:25:27.000","data_loaded_at":"2026-05-01T09:08:14.258",":id":"row-274x.agxw-kxzd",":version":"rv-3k5r~miqh.figi",":created_at":"2026-05-01T16:08:20.998Z",":updated_at":"2026-05-01T16:08:25.342Z",":@computed_region_jwn9_ihcz":"100",":@computed_region_qgnn_b9vv":"4",":@computed_region_26cr_cadq":"11",":@computed_region_ajp5_b2md":"39",":@computed_region_bz92_g22m":"140"}},
{"type":"Feature","geometry":{"type":"Point","coordinates":[-119.85128207,37.88095979]},"properties":{"name":"Camp Mather - Drinking fountain","uid":"7828240923915326511","resource_type":"drinking_water","water_fountain":"1","bottle_filler":"1","jug_filler":"0","dog_fountain":"0","latitude":"37.88095979","longitude":"-119.85128207000001","address":"32560 Mather Road","city":"San Francisco","state":"CA","zip_code":"95321","park":"Camp Mather","access":"publicly_accessible","public_access_hours_open":"08:00:00","public_access_hours_close":"20:00:00","public_access_days":"Daily","notes":null,"source":"rec","supervisor_district":null,"analysis_neighborhood":null,"data_as_of":"2026-03-10T15:25:27.000","data_loaded_at":"2026-05-01T09:08:14.258",":id":"row-bfar~n9gc-w658",":version":"rv-zbzm.2kuk-8qe6",":created_at":"2026-05-01T16:08:20.998Z",":updated_at":"2026-05-01T16:08:25.342Z",":@computed_region_jwn9_ihcz":null,":@computed_region_qgnn_b9vv":null,":@computed_region_26cr_cadq":null,":@computed_region_ajp5_b2md":null,":@computed_region_bz92_g22m":"50"}},
{"type":"Feature","geometry":{"type":"Point","coordinates":[-122.397055435,37.756339211]},"properties":{"name":"Potrero Rec Path Drinking Fountain","uid":"5350223104802396812","resource_type":"drinking_water","water_fountain":"1","bottle_filler":"0","jug_filler":"0","dog_fountain":"0","latitude":"37.75633921","longitude":"-122.39705544","address":"801 Arkansas St","city":"San Francisco","state":"CA","zip_code":"94107","park":"Potrero Hill Rec Center","access":"publicly_accessible","public_access_hours_open":"08:00:00","public_access_hours_close":"20:00:00","public_access_days":"Daily","notes":null,"source":"rec","supervisor_district":"10","analysis_neighborhood":"Potrero Hill","data_as_of":"2026-03-16T14:44:25.000","data_loaded_at":"2026-05-01T09:08:14.258",":id":"row-vi7n~8nqt.4pjq",":version":"rv-28wz_5k3e_4xfi",":created_at":"2026-05-01T16:08:20.998Z",":updated_at":"2026-05-01T16:08:25.342Z",":@computed_region_jwn9_ihcz":"54",":@computed_region_qgnn_b9vv":"2",":@computed_region_26cr_cadq":"9",":@computed_region_ajp5_b2md":"26",":@computed_region_bz92_g22m":"64"}},
{"type":"Feature","geometry":{"type":"Point","coordinates":[-122.417221407,37.779165588]},"properties":{"name":"Joseph L Alioto Performing Arts Piazza - Drinking Fountain/Cooler","uid":"3757796941647461894","resource_type":"drinking_water","water_fountain":"1","bottle_filler":"0","jug_filler":"0","dog_fountain":"0","latitude":"37.77916559","longitude":"-122.41722141","address":"355 McAllister St","city":"San Francisco","state":"CA","zip_code":"94102","park":"Joseph L Alioto Performing Arts Piazza","access":"limited_access","public_access_hours_open":"08:00:00","public_access_hours_close":"20:00:00","public_access_days":"Daily","notes":null,"source":"rec","supervisor_district":"5","analysis_neighborhood":"Tenderloin","data_as_of":"2026-03-10T15:25:27.000","data_loaded_at":"2026-05-01T09:08:14.258",":id":"row-3hvf_g4ic~j2df",":version":"rv-xfxa-8mrd.jvzn",":created_at":"2026-05-01T16:08:20.998Z",":updated_at":"2026-05-01T16:08:25.342Z",":@computed_region_jwn9_ihcz":"21",":@computed_region_qgnn_b9vv":"4",":@computed_region_26cr_cadq":"10",":@computed_region_ajp5_b2md":"36",":@computed_region_bz92_g22m":"57"}},
{"type":"Feature","geometry":{"type":"Point","coordinates":[-122.432272453,37.786411316]},"properties":{"name":"Cottage Row Mini Park - Drinking Fountain/Cooler","uid":"4156230811836863111","resource_type":"drinking_water","water_fountain":"1","bottle_filler":"0","jug_filler":"0","dog_fountain":"0","latitude":"37.78641132","longitude":"-122.43227245","address":null,"city":"San Francisco","state":"CA","zip_code":"94115","park":"Cottage Row Mini Park","access":"publicly_accessible","public_access_hours_open":"08:00:00","public_access_hours_close":"20:00:00","public_access_days":"Daily","notes":null,"source":"rec","supervisor_district":"5","analysis_neighborhood":"Pacific Heights","data_as_of":"2026-03-10T15:25:27.000","data_loaded_at":"2026-05-01T09:08:14.258",":id":"row-7mev~xtbj~xth2",":version":"rv-56y2_skhc-pgn7",":created_at":"2026-05-01T16:08:20.998Z",":updated_at":"2026-05-01T16:08:25.342Z",":@computed_region_jwn9_ihcz":"101",":@computed_region_qgnn_b9vv":"4",":@computed_region_26cr_cadq":"11",":@computed_region_ajp5_b2md":"30",":@computed_region_bz92_g22m":"157"}},
{"type":"Feature","geometry":{"type":"Point","coordinates":[-122.391342768,37.761418702]},"properties":{"name":"Esprit Park - Dog bowl fountain","uid":"3099629132427201795","resource_type":"drinking_water","water_fountain":"1","bottle_filler":"0","jug_filler":"0","dog_fountain":"0","latitude":"37.7614187","longitude":"-122.39134277","address":"700 Minnesota St","city":"San Francisco","state":"CA","zip_code":"94107","park":"Esprit Park","access":"publicly_accessible","public_access_hours_open":"08:00:00","public_access_hours_close":"20:00:00","public_access_days":"Daily","notes":null,"source":"rec","supervisor_district":"10","analysis_neighborhood":"Potrero Hill","data_as_of":"2026-03-10T15:25:27.000","data_loaded_at":"2026-05-01T09:08:14.258",":id":"row-rdwa.wquj-hmu7",":version":"rv-iefh.3f9c.8ymt",":created_at":"2026-05-01T16:08:20.998Z",":updated_at":"2026-05-01T16:08:25.342Z",":@computed_region_jwn9_ihcz":"55",":@computed_region_qgnn_b9vv":"2",":@computed_region_26cr_cadq":"9",":@computed_region_ajp5_b2md":"26",":@computed_region_bz92_g22m":"160"}},
{"type":"Feature","geometry":{"type":"Point","coordinates":[-122.423089074,37.723689908]},"properties":{"name":"John McLaren Park - Drinking Fountain/Cooler","uid":"1954850550025343093","resource_type":"drinking_water","water_fountain":"1","bottle_filler":"0","jug_filler":"0","dog_fountain":"0","latitude":"37.72368991","longitude":"-122.42308907","address":"100 John F Shelley Dr","city":"San Francisco","state":"CA","zip_code":"94134","park":"John McLaren Park","access":"publicly_accessible","public_access_hours_open":"08:00:00","public_access_hours_close":"20:00:00","public_access_days":"Daily","notes":null,"source":"rec","supervisor_district":"11","analysis_neighborhood":"McLaren Park","data_as_of":"2026-03-10T15:25:27.000","data_loaded_at":"2026-05-01T09:08:14.258",":id":"row-jr53.4uu8.c6h7",":version":"rv-a47g.iakh_t8i3",":created_at":"2026-05-01T16:08:20.998Z",":updated_at":"2026-05-01T16:08:25.342Z",":@computed_region_jwn9_ihcz":"73",":@computed_region_qgnn_b9vv":"9",":@computed_region_26cr_cadq":"2",":@computed_region_ajp5_b2md":"19",":@computed_region_bz92_g22m":"7"}},
{"type":"Feature","geometry":{"type":"Point","coordinates":[-122.456303127,37.766167179]},"properties":{"name":"Golden Gate Park - Section 1 - Kezar Turf Drinking fountain","uid":"2644796154279992013","resource_type":"drinking_water","water_fountain":"1","bottle_filler":"0","jug_filler":"0","dog_fountain":"0","latitude":"37.766167180000004","longitude":"-122.45630313","address":"Golden Gate Park","city":"San Francisco","state":"CA","zip_code":"94122","park":"Golden Gate Park - Section 1","access":"publicly_accessible","public_access_hours_open":"08:00:00","public_access_hours_close":"20:00:00","public_access_days":"Daily","notes":null,"source":"rec","supervisor_district":"5","analysis_neighborhood":"Golden Gate Park","data_as_of":"2026-03-10T15:25:27.000","data_loaded_at":"2026-05-01T09:08:14.258",":id":"row-spes-yyed~h9mr",":version":"rv-qgfk~9md2~ssy8",":created_at":"2026-05-01T16:08:20.998Z",":updated_at":"2026-05-01T16:08:25.342Z",":@computed_region_jwn9_ihcz":"9",":@computed_region_qgnn_b9vv":"7",":@computed_region_26cr_cadq":"11",":@computed_region_ajp5_b2md":"12",":@computed_region_bz92_g22m":"229"}},
{"type":"Feature","geometry":{"type":"Point","coordinates":[-122.387178887,37.717325277]},"properties":{"name":"Gilman Playground - Drinking Fountain/Cooler","uid":"4640748991048917971","resource_type":"drinking_water","water_fountain":"1","bottle_filler":"0","jug_filler":"0","dog_fountain":"0","latitude":"37.717325280000004","longitude":"-122.38717889","address":"993 Gilman Ave","city":"San Francisco","state":"CA","zip_code":"94124","park":"Gilman Playground","access":"publicly_accessible","public_access_hours_open":"08:00:00","public_access_hours_close":"20:00:00","public_access_days":"Daily","notes":null,"source":"rec","supervisor_district":"10","analysis_neighborhood":"Bayview Hunters Point","data_as_of":"2026-03-10T15:25:27.000","data_loaded_at":"2026-05-01T09:08:14.258",":id":"row-5m5m-a5tj~aqy9",":version":"rv-kvke~wfv2-99s4",":created_at":"2026-05-01T16:08:20.998Z",":updated_at":"2026-05-01T16:08:25.342Z",":@computed_region_jwn9_ihcz":"88",":@computed_region_qgnn_b9vv":"2",":@computed_region_26cr_cadq":"9",":@computed_region_ajp5_b2md":"1",":@computed_region_bz92_g22m":"169"}},
{"type":"Feature","geometry":{"type":"Point","coordinates":[-122.412832892,37.719239672]},"properties":{"name":"John McLaren Park - Drinking Fountain/Cooler","uid":"2985206971512742309","resource_type":"drinking_water","water_fountain":"1","bottle_filler":"0","jug_filler":"0","dog_fountain":"0","latitude":"37.71923967","longitude":"-122.41283289","address":"100 John F Shelley Dr","city":"San Francisco","state":"CA","zip_code":"94134","park":"John McLaren Park","access":"publicly_accessible","public_access_hours_open":"08:00:00","public_access_hours_close":"20:00:00","public_access_days":"Daily","notes":null,"source":"rec","supervisor_district":"9","analysis_neighborhood":"McLaren Park","data_as_of":"2026-03-10T15:25:27.000","data_loaded_at":"2026-05-01T09:08:14.258",":id":"row-q5nm~cdth~eia9",":version":"rv-4ha8.9n3t_p2fm",":created_at":"2026-05-01T16:08:20.998Z",":updated_at":"2026-05-01T16:08:25.342Z",":@computed_region_jwn9_ihcz":"73",":@computed_region_qgnn_b9vv":"9",":@computed_region_26cr_cadq":"2",":@computed_region_ajp5_b2md":"19",":@computed_region_bz92_g22m":"7"}},
{"type":"Feature","geometry":{"type":"Point","coordinates":[-122.443340987,37.725823189]},"properties":{"name":"Balboa Park - Drinking Fountain/Cooler","uid":"3524619958457802624","resource_type":"drinking_water","water_fountain":"1","bottle_filler":"1","jug_filler":"0","dog_fountain":"0","latitude":"37.72582319","longitude":"-122.44334099","address":"51 Havelock St","city":"San Francisco","state":"CA","zip_code":"94112","park":"Balboa Park","access":"publicly_accessible","public_access_hours_open":"08:00:00","public_access_hours_close":"20:00:00","public_access_days":"Daily","notes":null,"source":"rec","supervisor_district":"11","analysis_neighborhood":"Outer Mission","data_as_of":"2026-03-10T15:25:27.000","data_loaded_at":"2026-05-01T09:08:14.258",":id":"row-f8wv.ua2p_wkgr",":version":"rv-dzuw_ctea.prmm",":created_at":"2026-05-01T16:08:20.998Z",":updated_at":"2026-05-01T16:08:25.342Z",":@computed_region_jwn9_ihcz":"94",":@computed_region_qgnn_b9vv":"9",":@computed_region_26cr_cadq":"1",":@computed_region_ajp5_b2md":"28",":@computed_region_bz92_g22m":"76"}},
{"type":"Feature","geometry":{"type":"Point","coordinates":[-122.458680645,37.770577737]},"properties":{"name":"Golden Gate Park - Section 7 - Tennis Center Bottle filling station","uid":"5148375999972034214","resource_type":"drinking_water","water_fountain":"1","bottle_filler":"1","jug_filler":"0","dog_fountain":"0","latitude":"37.77057774","longitude":"-122.45868065","address":"Golden Gate Park","city":"San Francisco","state":"CA","zip_code":"94122","park":"Golden Gate Park - Section 7","access":"publicly_accessible","public_access_hours_open":"08:00:00","public_access_hours_close":"20:00:00","public_access_days":"Daily","notes":null,"source":"rec","supervisor_district":"7","analysis_neighborhood":"Golden Gate Park","data_as_of":"2026-03-10T15:25:27.000","data_loaded_at":"2026-05-01T09:08:14.258",":id":"row-f4hy-c9b3_saiz",":version":"rv-8ds6-5qnh_pnds",":created_at":"2026-05-01T16:08:20.998Z",":updated_at":"2026-05-01T16:08:25.342Z",":@computed_region_jwn9_ihcz":"9",":@computed_region_qgnn_b9vv":"7",":@computed_region_26cr_cadq":"11",":@computed_region_ajp5_b2md":"12",":@computed_region_bz92_g22m":"228"}},
{"type":"Feature","geometry":{"type":"Point","coordinates":[-119.850782764,37.880242479]},"properties":{"name":"Camp Mather - Staff cabins spigot","uid":"4114211593901248130","resource_type":"drinking_water","water_fountain":"1","bottle_filler":"0","jug_filler":"0","dog_fountain":"0","latitude":"37.88024248","longitude":"-119.85078276","address":"32560 Mather Road","city":"San Francisco","state":"CA","zip_code":"95321","park":"Camp Mather","access":"publicly_accessible","public_access_hours_open":"08:00:00","public_access_hours_close":"20:00:00","public_access_days":"Daily","notes":null,"source":"rec","supervisor_district":null,"analysis_neighborhood":null,"data_as_of":"2026-03-10T15:25:27.000","data_loaded_at":"2026-05-01T09:08:14.258",":id":"row-ff6f.auwu.uame",":version":"rv-tg8i_uwpn_fxiq",":created_at":"2026-05-01T16:08:20.998Z",":updated_at":"2026-05-01T16:08:25.342Z",":@computed_region_jwn9_ihcz":null,":@computed_region_qgnn_b9vv":null,":@computed_region_26cr_cadq":null,":@computed_region_ajp5_b2md":null,":@computed_region_bz92_g22m":"50"}},
{"type":"Feature","geometry":{"type":"Point","coordinates":[-122.404475777,37.759108774]},"properties":{"name":"McKinley Square - Drinking Fountain/Cooler","uid":"4129870739143454943","resource_type":"drinking_water","water_fountain":"1","bottle_filler":"0","jug_filler":"0","dog_fountain":"0","latitude":"37.75910877","longitude":"-122.40447578","address":"2311 20th St","city":"San Francisco","state":"CA","zip_code":"94107","park":"McKinley Square","access":"publicly_accessible","public_access_hours_open":"08:00:00","public_access_hours_close":"20:00:00","public_access_days":"Daily","notes":null,"source":"rec","supervisor_district":"10","analysis_neighborhood":"Potrero Hill","data_as_of":"2026-03-10T15:25:27.000","data_loaded_at":"2026-05-01T09:08:14.258",":id":"row-fxq3~bdk3_auzn",":version":"rv-m2wh-pju9.zb2e",":created_at":"2026-05-01T16:08:20.998Z",":updated_at":"2026-05-01T16:08:25.342Z",":@computed_region_jwn9_ihcz":"54",":@computed_region_qgnn_b9vv":"2",":@computed_region_26cr_cadq":"9",":@computed_region_ajp5_b2md":"26",":@computed_region_bz92_g22m":"60"}},
{"type":"Feature","geometry":{"type":"Point","coordinates":[-122.433904997,37.7766746]},"properties":{"name":"Alamo Square - Alamo Path Drinking Fountain","uid":"8002383730389010013","resource_type":"drinking_water","water_fountain":"1","bottle_filler":"1","jug_filler":"0","dog_fountain":"0","latitude":"37.7766746","longitude":"-122.433905","address":"1081 Fulton St","city":"San Francisco","state":"CA","zip_code":"94117","park":"Alamo Square","access":"publicly_accessible","public_access_hours_open":"08:00:00","public_access_hours_close":"20:00:00","public_access_days":"Daily","notes":null,"source":"rec","supervisor_district":"5","analysis_neighborhood":"Hayes Valley","data_as_of":"2026-03-10T15:25:27.000","data_loaded_at":"2026-05-01T09:08:14.258",":id":"row-b47h_ytx7~jj5f",":version":"rv-kx86.7xph.afgi",":created_at":"2026-05-01T16:08:20.998Z",":updated_at":"2026-05-01T16:08:25.342Z",":@computed_region_jwn9_ihcz":"23",":@computed_region_qgnn_b9vv":"4",":@computed_region_26cr_cadq":"11",":@computed_region_ajp5_b2md":"9",":@computed_region_bz92_g22m":"67"}},
{"type":"Feature","geometry":{"type":"Point","coordinates":[-122.477900516,37.785211871]},"properties":{"name":"Richmond Playground - Drinking Fountain/Cooler","uid":"1826105761785423873","resource_type":"drinking_water","water_fountain":"1","bottle_filler":"1","jug_filler":"0","dog_fountain":"0","latitude":"37.785211870000005","longitude":"-122.47790052","address":"149 18th Ave","city":"San Francisco","state":"CA","zip_code":"94121","park":"Richmond Playground","access":"publicly_accessible","public_access_hours_open":"08:00:00","public_access_hours_close":"20:00:00","public_access_days":"Daily","notes":null,"source":"rec","supervisor_district":"1","analysis_neighborhood":"Outer Richmond","data_as_of":"2026-03-10T15:25:27.000","data_loaded_at":"2026-05-01T09:08:14.258",":id":"row-yge9.qute_mzz2",":version":"rv-rp3y.ccsg_ijwq",":created_at":"2026-05-01T16:08:20.998Z",":updated_at":"2026-05-01T16:08:25.342Z",":@computed_region_jwn9_ihcz":"2",":@computed_region_qgnn_b9vv":"8",":@computed_region_26cr_cadq":"4",":@computed_region_ajp5_b2md":"29",":@computed_region_bz92_g22m":"122"}},
{"type":"Feature","geometry":{"type":"Point","coordinates":[-122.412474253,37.750123795]},"properties":{"name":"Garfield Square - Garfield Path Drinking Fountain","uid":"2155566066186249093","resource_type":"drinking_water","water_fountain":"1","bottle_filler":"1","jug_filler":"0","dog_fountain":"0","latitude":"37.750123800000004","longitude":"-122.41247425","address":"3100 26th St","city":"San Francisco","state":"CA","zip_code":"94110","park":"Garfield Square","access":"publicly_accessible","public_access_hours_open":"08:00:00","public_access_hours_close":"20:00:00","public_access_days":"Daily","notes":null,"source":"rec","supervisor_district":"9","analysis_neighborhood":"Mission","data_as_of":"2026-03-10T15:25:27.000","data_loaded_at":"2026-05-01T09:08:14.258",":id":"row-kiwp~qb9a-9q5u",":version":"rv-suc2_a7te_82jv",":created_at":"2026-05-01T16:08:20.998Z",":updated_at":"2026-05-01T16:08:25.342Z",":@computed_region_jwn9_ihcz":"53",":@computed_region_qgnn_b9vv":"3",":@computed_region_26cr_cadq":"2",":@computed_region_ajp5_b2md":"20",":@computed_region_bz92_g22m":"165"}},
{"type":"Feature","geometry":{"type":"Point","coordinates":[-122.376172,37.735292]},"properties":{"name":"India Basin Park","uid":"6500487953611878416","resource_type":"drinking_water","water_fountain":"1","bottle_filler":"1","jug_filler":"0","dog_fountain":"1","latitude":"37.735292","longitude":"-122.376172","address":"San Francisco Bay Trail, India Basin","city":"San Francisco","state":"CA","zip_code":"94124","park":null,"access":"publicly_accessible","public_access_hours_open":null,"public_access_hours_close":null,"public_access_days":"Daily","notes":null,"source":"port","supervisor_district":"10","analysis_neighborhood":"Bayview Hunters Point","data_as_of":"2024-10-04T13:51:23.000","data_loaded_at":"2026-05-01T09:08:14.258",":id":"row-trin_krtc_wtbk",":version":"rv-chsy-nkrz~32wf",":created_at":"2026-05-01T16:08:20.998Z",":updated_at":"2026-05-01T16:08:25.342Z",":@computed_region_jwn9_ihcz":"76",":@computed_region_qgnn_b9vv":"2",":@computed_region_26cr_cadq":"9",":@computed_region_ajp5_b2md":"1",":@computed_region_bz92_g22m":null}},
{"type":"Feature","geometry":{"type":"Point","coordinates":[-122.457924832,37.768078183]},"properties":{"name":"Golden Gate Park - Section 7 - Drinking Fountain","uid":"8251394253752138088","resource_type":"drinking_water","water_fountain":"1","bottle_filler":"0","jug_filler":"0","dog_fountain":"0","latitude":"37.76807818","longitude":"-122.45792483","address":"Golden Gate Park","city":"San Francisco","state":"CA","zip_code":"94122","park":"Golden Gate Park - Section 7","access":"publicly_accessible","public_access_hours_open":"08:00:00","public_access_hours_close":"20:00:00","public_access_days":"Daily","notes":null,"source":"rec","supervisor_district":"7","analysis_neighborhood":"Golden Gate Park","data_as_of":"2026-03-10T15:25:27.000","data_loaded_at":"2026-05-01T09:08:14.258",":id":"row-8aki_t7tr.47a9",":version":"rv-4ahh.we8j~vuhb",":created_at":"2026-05-01T16:08:20.998Z",":updated_at":"2026-05-01T16:08:25.342Z",":@computed_region_jwn9_ihcz":"9",":@computed_region_qgnn_b9vv":"7",":@computed_region_26cr_cadq":"11",":@computed_region_ajp5_b2md":"12",":@computed_region_bz92_g22m":"228"}},
{"type":"Feature","geometry":{"type":"Point","coordinates":[-122.446083,37.78413]},"properties":{"name":"Booker T Washington Community Center","uid":"3961536016987241368","resource_type":"drinking_water","water_fountain":"0","bottle_filler":"1","jug_filler":"0","dog_fountain":"0","latitude":"37.78413","longitude":"-122.446083","address":"820 Presidio Ave","city":"San Francisco","state":"CA","zip_code":"94115","park":null,"access":"publicly_accessible","public_access_hours_open":null,"public_access_hours_close":null,"public_access_days":"Daily","notes":null,"source":"puc","supervisor_district":"5","analysis_neighborhood":"Presidio Heights","data_as_of":"2024-06-27T13:43:12.000","data_loaded_at":"2026-05-01T09:08:14.258",":id":"row-zvaz.pgfr-9sv2",":version":"rv-n7e7-3q98~pep4",":created_at":"2026-05-01T16:08:20.998Z",":updated_at":"2026-05-01T16:08:25.342Z",":@computed_region_jwn9_ihcz":"103",":@computed_region_qgnn_b9vv":"8",":@computed_region_26cr_cadq":"11",":@computed_region_ajp5_b2md":"31",":@computed_region_bz92_g22m":null}},
{"type":"Feature","geometry":{"type":"Point","coordinates":[-122.447734086,37.772121477]},"properties":{"name":"Golden Gate Park - Section 1 - Drinking Fountain","uid":"5616561490064589316","resource_type":"drinking_water","water_fountain":"1","bottle_filler":"0","jug_filler":"0","dog_fountain":"0","latitude":"37.77212148","longitude":"-122.44773409","address":"501 Stanyan St","city":"San Francisco","state":"CA","zip_code":"94117","park":"Golden Gate Park - Section 1","access":"limited_access","public_access_hours_open":"08:00:00","public_access_hours_close":"20:00:00","public_access_days":"Daily","notes":null,"source":"rec","supervisor_district":"5","analysis_neighborhood":"Golden Gate Park","data_as_of":"2026-03-10T15:25:27.000","data_loaded_at":"2026-05-01T09:08:14.258",":id":"row-7nip.usj6-7e8v",":version":"rv-uate.vka2-2696",":created_at":"2026-05-01T16:08:20.998Z",":updated_at":"2026-05-01T16:08:25.342Z",":@computed_region_jwn9_ihcz":"24",":@computed_region_qgnn_b9vv":"7",":@computed_region_26cr_cadq":"11",":@computed_region_ajp5_b2md":"12",":@computed_region_bz92_g22m":"229"}},
{"type":"Feature","geometry":{"type":"Point","coordinates":[-122.459371434,37.770220303]},"properties":{"name":"Golden Gate Park - Section 7 - Tennis Center Bottle filling station","uid":"3677504191851938409","resource_type":"drinking_water","water_fountain":"1","bottle_filler":"1","jug_filler":"0","dog_fountain":"0","latitude":"37.770220300000005","longitude":"-122.45937143","address":"Golden Gate Park","city":"San Francisco","state":"CA","zip_code":"94122","park":"Golden Gate Park - Section 7","access":"publicly_accessible","public_access_hours_open":"08:00:00","public_access_hours_close":"20:00:00","public_access_days":"Daily","notes":null,"source":"rec","supervisor_district":"7","analysis_neighborhood":"Golden Gate Park","data_as_of":"2026-03-10T15:25:27.000","data_loaded_at":"2026-05-01T09:08:14.258",":id":"row-x6ex_gj7g_3q33",":version":"rv-g7q7~yx76.2b2e",":created_at":"2026-05-01T16:08:20.998Z",":updated_at":"2026-05-01T16:08:25.342Z",":@computed_region_jwn9_ihcz":"9",":@computed_region_qgnn_b9vv":"7",":@computed_region_26cr_cadq":"11",":@computed_region_ajp5_b2md":"12",":@computed_region_bz92_g22m":"228"}},
{"type":"Feature","geometry":{"type":"Point","coordinates":[-119.853595573,37.882567189]},"properties":{"name":"Camp Mather - Horseshoe pits spigot","uid":"4232648577606214811","resource_type":"drinking_water","water_fountain":"1","bottle_filler":"0","jug_filler":"0","dog_fountain":"0","latitude":"37.88256719","longitude":"-119.85359557","address":"32560 Mather Road","city":"San Francisco","state":"CA","zip_code":"95321","park":"Camp Mather","access":"publicly_accessible","public_access_hours_open":"08:00:00","public_access_hours_close":"20:00:00","public_access_days":"Daily","notes":null,"source":"rec","supervisor_district":null,"analysis_neighborhood":null,"data_as_of":"2026-03-10T15:25:27.000","data_loaded_at":"2026-05-01T09:08:14.258",":id":"row-w8q4.9dka_c8b9",":version":"rv-x7su~4f2j_x9ar",":created_at":"2026-05-01T16:08:20.998Z",":updated_at":"2026-05-01T16:08:25.342Z",":@computed_region_jwn9_ihcz":null,":@computed_region_qgnn_b9vv":null,":@computed_region_26cr_cadq":null,":@computed_region_ajp5_b2md":null,":@computed_region_bz92_g22m":"50"}},
{"type":"Feature","geometry":{"type":"Point","coordinates":[-122.42702128,37.742729671]},"properties":{"name":"Upper Noe Rec Center - Drinking Fountain/Cooler","uid":"5398316039961782918","resource_type":"drinking_water","water_fountain":"1","bottle_filler":"0","jug_filler":"0","dog_fountain":"0","latitude":"37.74272967","longitude":"-122.42702128","address":"295 Day St","city":"San Francisco","state":"CA","zip_code":"94131","park":"Upper Noe Rec Center","access":"publicly_accessible","public_access_hours_open":"08:00:00","public_access_hours_close":"20:00:00","public_access_days":"Daily","notes":null,"source":"rec","supervisor_district":"8","analysis_neighborhood":"Noe Valley","data_as_of":"2026-03-10T15:25:27.000","data_loaded_at":"2026-05-01T09:08:14.258",":id":"row-id64_zgp8~jkis",":version":"rv-znh5~xp42-ampt",":created_at":"2026-05-01T16:08:20.998Z",":updated_at":"2026-05-01T16:08:25.342Z",":@computed_region_jwn9_ihcz":"84",":@computed_region_qgnn_b9vv":"9",":@computed_region_26cr_cadq":"5",":@computed_region_ajp5_b2md":"22",":@computed_region_bz92_g22m":"100"}},
{"type":"Feature","geometry":{"type":"Point","coordinates":[-122.418141,37.752333]},"properties":{"name":"24th & Mission","uid":"2599759550272697651","resource_type":"drinking_water","water_fountain":"0","bottle_filler":"1","jug_filler":"1","dog_fountain":"0","latitude":"37.752333","longitude":"-122.418141","address":"3278 24th Street","city":"San Francisco","state":"CA","zip_code":"94110","park":null,"access":"publicly_accessible","public_access_hours_open":null,"public_access_hours_close":null,"public_access_days":"Daily","notes":null,"source":"puc","supervisor_district":"9","analysis_neighborhood":"Mission","data_as_of":"2024-06-27T13:43:12.000","data_loaded_at":"2026-05-01T09:08:14.258",":id":"row-gyti.yvhn-svgv",":version":"rv-kzqe_2e3q-9wdq",":created_at":"2026-05-01T16:08:20.998Z",":updated_at":"2026-05-01T16:08:25.342Z",":@computed_region_jwn9_ihcz":"53",":@computed_region_qgnn_b9vv":"3",":@computed_region_26cr_cadq":"2",":@computed_region_ajp5_b2md":"20",":@computed_region_bz92_g22m":null}},
{"type":"Feature","geometry":{"type":"Point","coordinates":[-122.434618243,37.775718492]},"properties":{"name":"Alamo Square - Drinking Fountain/Cooler","uid":"7862019912939293880","resource_type":"drinking_water","water_fountain":"1","bottle_filler":"1","jug_filler":"0","dog_fountain":"0","latitude":"37.77571849","longitude":"-122.43461824","address":"1081 Fulton St","city":"San Francisco","state":"CA","zip_code":"94117","park":"Alamo Square","access":"publicly_accessible","public_access_hours_open":"08:00:00","public_access_hours_close":"20:00:00","public_access_days":"Daily","notes":null,"source":"rec","supervisor_district":"5","analysis_neighborhood":"Hayes Valley","data_as_of":"2026-03-10T15:25:27.000","data_loaded_at":"2026-05-01T09:08:14.258",":id":"row-fgdv.yvui-nkqc",":version":"rv-stii~4zy6_hjmi",":created_at":"2026-05-01T16:08:20.998Z",":updated_at":"2026-05-01T16:08:25.342Z",":@computed_region_jwn9_ihcz":"23",":@computed_region_qgnn_b9vv":"4",":@computed_region_26cr_cadq":"11",":@computed_region_ajp5_b2md":"9",":@computed_region_bz92_g22m":"67"}},
{"type":"Feature","geometry":{"type":"Point","coordinates":[-122.418095754,37.785378956]},"properties":{"name":"Drinking Fountain/Cooler","uid":"2181557672935071184","resource_type":"drinking_water","water_fountain":"1","bottle_filler":"1","jug_filler":"0","dog_fountain":"0","latitude":"37.78537896","longitude":"-122.41809575","address":"800 O'Farrell St","city":"San Francisco","state":"CA","zip_code":"94109","park":"Sgt. John Macaulay Park","access":"publicly_accessible","public_access_hours_open":"08:00:00","public_access_hours_close":"20:00:00","public_access_days":"Daily","notes":null,"source":"rec","supervisor_district":"5","analysis_neighborhood":"Tenderloin","data_as_of":"2026-03-19T09:25:46.000","data_loaded_at":"2026-05-01T09:08:14.258",":id":"row-ddad~q5up-a49t",":version":"rv-auki_n8f8.7i7j",":created_at":"2026-05-01T16:08:20.998Z",":updated_at":"2026-05-01T16:08:25.342Z",":@computed_region_jwn9_ihcz":"20",":@computed_region_qgnn_b9vv":"5",":@computed_region_26cr_cadq":"10",":@computed_region_ajp5_b2md":"36",":@computed_region_bz92_g22m":"113"}},
{"type":"Feature","geometry":{"type":"Point","coordinates":[-122.438401806,37.747917903]},"properties":{"name":"Douglass Playground - Drinking Fountain/Cooler","uid":"445055920395407513","resource_type":"drinking_water","water_fountain":"1","bottle_filler":"0","jug_filler":"0","dog_fountain":"0","latitude":"37.747917900000004","longitude":"-122.43840181","address":"1098 Douglass St","city":"San Francisco","state":"CA","zip_code":"94131","park":"Douglass Playground","access":"limited_access","public_access_hours_open":"08:00:00","public_access_hours_close":"20:00:00","public_access_days":"Daily","notes":null,"source":"rec","supervisor_district":"8","analysis_neighborhood":"Noe Valley","data_as_of":"2026-03-10T15:25:27.000","data_loaded_at":"2026-05-01T09:08:14.258",":id":"row-3a5c.hi5y~6a9x",":version":"rv-hptm.d7u8-xyfv",":created_at":"2026-05-01T16:08:20.998Z",":updated_at":"2026-05-01T16:08:25.342Z",":@computed_region_jwn9_ihcz":"57",":@computed_region_qgnn_b9vv":"3",":@computed_region_26cr_cadq":"5",":@computed_region_ajp5_b2md":"22",":@computed_region_bz92_g22m":"206"}},
{"type":"Feature","geometry":{"type":"Point","coordinates":[-122.381257797,37.731779225]},"properties":{"name":"Shoreview Park - Drinking Fountain/Cooler","uid":"8932833623047348452","resource_type":"drinking_water","water_fountain":"1","bottle_filler":"1","jug_filler":"0","dog_fountain":"0","latitude":"37.73177922000001","longitude":"-122.3812578","address":"1 Lillian St","city":"San Francisco","state":"CA","zip_code":"94124","park":"Shoreview Park","access":"publicly_accessible","public_access_hours_open":"08:00:00","public_access_hours_close":"20:00:00","public_access_days":"Daily","notes":null,"source":"rec","supervisor_district":"10","analysis_neighborhood":"Bayview Hunters Point","data_as_of":"2026-03-10T15:25:27.000","data_loaded_at":"2026-05-01T09:08:14.258",":id":"row-vncf_ifi4_nck3",":version":"rv-gvgq_98bt-nxd7",":created_at":"2026-05-01T16:08:20.998Z",":updated_at":"2026-05-01T16:08:25.342Z",":@computed_region_jwn9_ihcz":"86",":@computed_region_qgnn_b9vv":"2",":@computed_region_26cr_cadq":"9",":@computed_region_ajp5_b2md":"1",":@computed_region_bz92_g22m":"201"}},
{"type":"Feature","geometry":{"type":"Point","coordinates":[-122.424454259,37.7759467]},"properties":{"name":"Patricia's Green in Hayes Valley - Drinking Fountain/Cooler","uid":"733896691271296364","resource_type":"drinking_water","water_fountain":"1","bottle_filler":"1","jug_filler":"0","dog_fountain":"0","latitude":"37.7759467","longitude":"-122.42445426","address":"489 Hayes St","city":"San Francisco","state":"CA","zip_code":"94102","park":"Patricia's Green in Hayes Valley","access":"publicly_accessible","public_access_hours_open":"08:00:00","public_access_hours_close":"20:00:00","public_access_days":"Daily","notes":null,"source":"rec","supervisor_district":"5","analysis_neighborhood":"Hayes Valley","data_as_of":"2026-03-10T15:25:27.000","data_loaded_at":"2026-05-01T09:08:14.258",":id":"row-d23v.552j_gs2y",":version":"rv-663n.aav3~tdvs",":created_at":"2026-05-01T16:08:20.998Z",":updated_at":"2026-05-01T16:08:25.342Z",":@computed_region_jwn9_ihcz":"22",":@computed_region_qgnn_b9vv":"4",":@computed_region_26cr_cadq":"11",":@computed_region_ajp5_b2md":"9",":@computed_region_bz92_g22m":"189"}},
{"type":"Feature","geometry":{"type":"Point","coordinates":[-122.410629734,37.801030213]},"properties":{"name":"Washington Square - Drinking Fountain/Cooler","uid":"2932039806164345859","resource_type":"drinking_water","water_fountain":"1","bottle_filler":"1","jug_filler":"0","dog_fountain":"0","latitude":"37.80103021","longitude":"-122.41062973","address":"600 Columbus Ave","city":"San Francisco","state":"CA","zip_code":"94133","park":"Washington Square","access":"publicly_accessible","public_access_hours_open":"08:00:00","public_access_hours_close":"20:00:00","public_access_days":"Daily","notes":null,"source":"rec","supervisor_district":"3","analysis_neighborhood":"North Beach","data_as_of":"2026-03-10T15:25:27.000","data_loaded_at":"2026-05-01T09:08:14.258",":id":"row-wysm_n7wi-fzir",":version":"rv-pia5~jw7b_dzdv",":created_at":"2026-05-01T16:08:20.998Z",":updated_at":"2026-05-01T16:08:25.342Z",":@computed_region_jwn9_ihcz":"106",":@computed_region_qgnn_b9vv":"6",":@computed_region_26cr_cadq":"3",":@computed_region_ajp5_b2md":"23",":@computed_region_bz92_g22m":"94"}},
{"type":"Feature","geometry":{"type":"Point","coordinates":[-119.853723719,37.880787935]},"properties":{"name":"Camp Mather - Spigot","uid":"2863038734866327180","resource_type":"drinking_water","water_fountain":"1","bottle_filler":"0","jug_filler":"0","dog_fountain":"0","latitude":"37.88078794","longitude":"-119.85372372","address":"32560 Mather Road","city":"San Francisco","state":"CA","zip_code":"95321","park":"Camp Mather","access":"publicly_accessible","public_access_hours_open":"08:00:00","public_access_hours_close":"20:00:00","public_access_days":"Daily","notes":null,"source":"rec","supervisor_district":null,"analysis_neighborhood":null,"data_as_of":"2026-03-10T15:25:27.000","data_loaded_at":"2026-05-01T09:08:14.258",":id":"row-ra7d-re3s-2nbe",":version":"rv-pgmw_x2em-ex74",":created_at":"2026-05-01T16:08:20.998Z",":updated_at":"2026-05-01T16:08:25.342Z",":@computed_region_jwn9_ihcz":null,":@computed_region_qgnn_b9vv":null,":@computed_region_26cr_cadq":null,":@computed_region_ajp5_b2md":null,":@computed_region_bz92_g22m":"50"}},
{"type":"Feature","geometry":{"type":"Point","coordinates":[-122.411851042,37.794373974]},"properties":{"name":"Betty Ann Ong Rec Center - Drinking Fountain/Cooler","uid":"3871857551528131574","resource_type":"drinking_water","water_fountain":"1","bottle_filler":"0","jug_filler":"0","dog_fountain":"0","latitude":"37.79437397","longitude":"-122.41185104","address":"1101 Washington St","city":"San Francisco","state":"CA","zip_code":"94108","park":"Betty Ann Ong Rec Center","access":"publicly_accessible","public_access_hours_open":"08:00:00","public_access_hours_close":"20:00:00","public_access_days":"Daily","notes":null,"source":"rec","supervisor_district":"3","analysis_neighborhood":"Nob Hill","data_as_of":"2026-03-10T15:25:27.000","data_loaded_at":"2026-05-01T09:08:14.258",":id":"row-f8g3.i3gw.65ir",":version":"rv-hr7k.6tnv.yigf",":created_at":"2026-05-01T16:08:20.998Z",":updated_at":"2026-05-01T16:08:25.342Z",":@computed_region_jwn9_ihcz":"16",":@computed_region_qgnn_b9vv":"6",":@computed_region_26cr_cadq":"3",":@computed_region_ajp5_b2md":"21",":@computed_region_bz92_g22m":"155"}},
{"type":"Feature","geometry":{"type":"Point","coordinates":[-122.44036074,37.744249307]},"properties":{"name":"George Christopher Playground - Drinking Fountain/Cooler","uid":"4729792874879832224","resource_type":"drinking_water","water_fountain":"1","bottle_filler":"0","jug_filler":"0","dog_fountain":"0","latitude":"37.74424931","longitude":"-122.44036073999999","address":"5210 Diamond Heights Blvd","city":"San Francisco","state":"CA","zip_code":"94131","park":"George Christopher Playground","access":"publicly_accessible","public_access_hours_open":"08:00:00","public_access_hours_close":"20:00:00","public_access_days":"Daily","notes":null,"source":"rec","supervisor_district":"8","analysis_neighborhood":"Glen Park","data_as_of":"2026-03-10T15:25:27.000","data_loaded_at":"2026-05-01T09:08:14.258",":id":"row-rmr2.tw3i-rwf9",":version":"rv-kgsj~ge9y_8fep",":created_at":"2026-05-01T16:08:20.998Z",":updated_at":"2026-05-01T16:08:25.342Z",":@computed_region_jwn9_ihcz":"57",":@computed_region_qgnn_b9vv":"9",":@computed_region_26cr_cadq":"5",":@computed_region_ajp5_b2md":"10",":@computed_region_bz92_g22m":"168"}},
{"type":"Feature","geometry":{"type":"Point","coordinates":[-122.507243703,37.741605279]},"properties":{"name":"Sunset Dunes - Drinking Fountain @ Taraval","uid":"8801561979860596696","resource_type":"drinking_water","water_fountain":"1","bottle_filler":"1","jug_filler":"0","dog_fountain":"0","latitude":"37.74160528","longitude":"-122.5072437","address":null,"city":"San Francisco","state":"CA","zip_code":"94132","park":"Sunset Dunes","access":"publicly_accessible","public_access_hours_open":"08:00:00","public_access_hours_close":"20:00:00","public_access_days":"Daily","notes":null,"source":"rec","supervisor_district":"4","analysis_neighborhood":"Sunset/Parkside","data_as_of":"2026-03-25T09:56:29.000","data_loaded_at":"2026-05-01T09:08:14.258",":id":"row-m3zc~2r29_npmy",":version":"rv-s2hr_dr9p_tsm8",":created_at":"2026-05-01T16:08:20.998Z",":updated_at":"2026-05-01T16:08:25.342Z",":@computed_region_jwn9_ihcz":"39",":@computed_region_qgnn_b9vv":"10",":@computed_region_26cr_cadq":"7",":@computed_region_ajp5_b2md":"35",":@computed_region_bz92_g22m":"20"}},
{"type":"Feature","geometry":{"type":"Point","coordinates":[-122.410241948,37.72905284]},"properties":{"name":"Palega Playground - Drinking Fountain/Cooler","uid":"931975547843248600","resource_type":"drinking_water","water_fountain":"1","bottle_filler":"0","jug_filler":"0","dog_fountain":"0","latitude":"37.72905284","longitude":"-122.41024195","address":"500 Felton St","city":"San Francisco","state":"CA","zip_code":"94134","park":"Palega Playground","access":"publicly_accessible","public_access_hours_open":"08:00:00","public_access_hours_close":"20:00:00","public_access_days":"Daily","notes":null,"source":"rec","supervisor_district":"9","analysis_neighborhood":"Portola","data_as_of":"2026-03-10T15:25:27.000","data_loaded_at":"2026-05-01T09:08:14.258",":id":"row-uvhw_n9ev.dkmt",":version":"rv-tkph_7uje-g2v6",":created_at":"2026-05-01T16:08:20.998Z",":updated_at":"2026-05-01T16:08:25.342Z",":@computed_region_jwn9_ihcz":"91",":@computed_region_qgnn_b9vv":"2",":@computed_region_26cr_cadq":"2",":@computed_region_ajp5_b2md":"25",":@computed_region_bz92_g22m":"130"}},
{"type":"Feature","geometry":{"type":"Point","coordinates":[-122.405162942,37.791725343]},"properties":{"name":"St. Mary's Square - Drinking Fountain/Cooler","uid":"6764874477716664054","resource_type":"drinking_water","water_fountain":"1","bottle_filler":"0","jug_filler":"0","dog_fountain":"0","latitude":"37.79172534","longitude":"-122.40516294000001","address":"633 California St","city":"San Francisco","state":"CA","zip_code":"94108","park":"St. Mary's Square","access":"publicly_accessible","public_access_hours_open":"08:00:00","public_access_hours_close":"20:00:00","public_access_days":"Daily","notes":null,"source":"rec","supervisor_district":"3","analysis_neighborhood":"Financial District/South Beach","data_as_of":"2026-03-10T15:25:27.000","data_loaded_at":"2026-05-01T09:08:14.258",":id":"row-pa3n.7gta.gid6",":version":"rv-wa4d-bf9a_uzj8",":created_at":"2026-05-01T16:08:20.998Z",":updated_at":"2026-05-01T16:08:25.342Z",":@computed_region_jwn9_ihcz":"104",":@computed_region_qgnn_b9vv":"6",":@computed_region_26cr_cadq":"3",":@computed_region_ajp5_b2md":"8",":@computed_region_bz92_g22m":"108"}},
{"type":"Feature","geometry":{"type":"Point","coordinates":[-122.406189036,37.777127017]},"properties":{"name":"Victoria Manalo Draves Park - Drinking Fountain/Cooler","uid":"5703939655902583772","resource_type":"drinking_water","water_fountain":"1","bottle_filler":"0","jug_filler":"0","dog_fountain":"0","latitude":"37.777127019999995","longitude":"-122.40618904","address":"55 Sherman St","city":"San Francisco","state":"CA","zip_code":"94103","park":"Victoria Manalo Draves Park","access":"limited_access","public_access_hours_open":"08:00:00","public_access_hours_close":"20:00:00","public_access_days":"Daily","notes":null,"source":"rec","supervisor_district":"6","analysis_neighborhood":"South of Market","data_as_of":"2026-03-10T15:25:27.000","data_loaded_at":"2026-05-01T09:08:14.258",":id":"row-bwrv~tq2i-d4xj",":version":"rv-c5sr_hj44-z9r6",":created_at":"2026-05-01T16:08:20.998Z",":updated_at":"2026-05-01T16:08:25.342Z",":@computed_region_jwn9_ihcz":"32",":@computed_region_qgnn_b9vv":"1",":@computed_region_26cr_cadq":"10",":@computed_region_ajp5_b2md":"34",":@computed_region_bz92_g22m":"98"}},
{"type":"Feature","geometry":{"type":"Point","coordinates":[-122.465970826,37.714137767]},"properties":{"name":"Ocean View Branch Library","uid":"1426602887386233589","resource_type":"drinking_water","water_fountain":"1","bottle_filler":"0","jug_filler":"0","dog_fountain":"0","latitude":"37.71413776700007","longitude":"-122.46597082599999","address":"345 RANDOLPH ST","city":"San Francisco","state":"CA","zip_code":"94132","park":null,"access":"limited_access","public_access_hours_open":null,"public_access_hours_close":null,"public_access_days":"Daily","notes":"opening_hours = [\"Sunday:13:00-17:00\",\"Monday:10:00-18:00\",\"Tuesday:10:00-18:00\",\"Wednesday:12:00-20:00\",\"Thursday:10:00-19:00\",\"Friday:13:00-18:00\",\"Saturday:10:00-18:00\",\"Total Weekly Hours:50\"]","source":"library","supervisor_district":"11","analysis_neighborhood":"Oceanview/Merced/Ingleside","data_as_of":"2026-03-25T15:20:00.000","data_loaded_at":"2026-05-01T09:08:14.258",":id":"row-y7m7-yqnz~65b9",":version":"rv-yv7a.rskb_79e2",":created_at":"2026-05-01T16:08:20.998Z",":updated_at":"2026-05-01T16:08:25.342Z",":@computed_region_jwn9_ihcz":"65",":@computed_region_qgnn_b9vv":"10",":@computed_region_26cr_cadq":"1",":@computed_region_ajp5_b2md":"24",":@computed_region_bz92_g22m":null}},
{"type":"Feature","geometry":{"type":"Point","coordinates":[-119.856916683,37.883449518]},"properties":{"name":"Camp Mather - Drinking fountain","uid":"5264800034032263896","resource_type":"drinking_water","water_fountain":"1","bottle_filler":"0","jug_filler":"0","dog_fountain":"0","latitude":"37.88344952","longitude":"-119.85691668","address":"32560 Mather Road","city":"San Francisco","state":"CA","zip_code":"95321","park":"Camp Mather","access":"publicly_accessible","public_access_hours_open":"08:00:00","public_access_hours_close":"20:00:00","public_access_days":"Daily","notes":null,"source":"rec","supervisor_district":null,"analysis_neighborhood":null,"data_as_of":"2026-03-10T15:25:27.000","data_loaded_at":"2026-05-01T09:08:14.258",":id":"row-78tg.dymx~sxnd",":version":"rv-jhk6_3sq8~83ja",":created_at":"2026-05-01T16:08:20.998Z",":updated_at":"2026-05-01T16:08:25.342Z",":@computed_region_jwn9_ihcz":null,":@computed_region_qgnn_b9vv":null,":@computed_region_26cr_cadq":null,":@computed_region_ajp5_b2md":null,":@computed_region_bz92_g22m":"50"}},
{"type":"Feature","geometry":{"type":"Point","coordinates":[-119.849194896,37.879799561]},"properties":{"name":"Camp Mather - Spigot","uid":"7932158756604777172","resource_type":"drinking_water","water_fountain":"1","bottle_filler":"0","jug_filler":"0","dog_fountain":"0","latitude":"37.87979956","longitude":"-119.8491949","address":"32560 Mather Road","city":"San Francisco","state":"CA","zip_code":"95321","park":"Camp Mather","access":"publicly_accessible","public_access_hours_open":"08:00:00","public_access_hours_close":"20:00:00","public_access_days":"Daily","notes":null,"source":"rec","supervisor_district":null,"analysis_neighborhood":null,"data_as_of":"2026-03-10T15:25:27.000","data_loaded_at":"2026-05-01T09:08:14.258",":id":"row-9nap~wqpv~uve3",":version":"rv-c38d.k4yi-7hye",":created_at":"2026-05-01T16:08:20.998Z",":updated_at":"2026-05-01T16:08:25.342Z",":@computed_region_jwn9_ihcz":null,":@computed_region_qgnn_b9vv":null,":@computed_region_26cr_cadq":null,":@computed_region_ajp5_b2md":null,":@computed_region_bz92_g22m":"50"}},
{"type":"Feature","geometry":{"type":"Point","coordinates":[-122.466587091,37.766325192]},"properties":{"name":"Golden Gate Park - Section 7 - Drinking Fountain","uid":"4359040818157346722","resource_type":"drinking_water","water_fountain":"1","bottle_filler":"0","jug_filler":"0","dog_fountain":"0","latitude":"37.76632519","longitude":"-122.46658708999999","address":"501 Stanyan St","city":"San Francisco","state":"CA","zip_code":"94122","park":"Golden Gate Park - Section 7","access":"publicly_accessible","public_access_hours_open":"08:00:00","public_access_hours_close":"20:00:00","public_access_days":"Daily","notes":null,"source":"rec","supervisor_district":"7","analysis_neighborhood":"Golden Gate Park","data_as_of":"2026-03-10T15:25:27.000","data_loaded_at":"2026-05-01T09:08:14.258",":id":"row-watn.fxpn_dx3x",":version":"rv-prhm~6iz6.vpk8",":created_at":"2026-05-01T16:08:20.998Z",":updated_at":"2026-05-01T16:08:25.342Z",":@computed_region_jwn9_ihcz":"9",":@computed_region_qgnn_b9vv":"8",":@computed_region_26cr_cadq":"11",":@computed_region_ajp5_b2md":"12",":@computed_region_bz92_g22m":"231"}},
{"type":"Feature","geometry":{"type":"Point","coordinates":[-122.429023471,37.79678883]},"properties":{"name":"Golden Gate Valley Branch Library","uid":"6026358941900616187","resource_type":"drinking_water","water_fountain":"1","bottle_filler":"0","jug_filler":"0","dog_fountain":"0","latitude":"37.796788830000025","longitude":"-122.429023471","address":"1801 GREEN ST","city":"San Francisco","state":"CA","zip_code":"94123","park":null,"access":"limited_access","public_access_hours_open":null,"public_access_hours_close":null,"public_access_days":"Daily","notes":"opening_hours = [\"Sunday:13:00-17:00\",\"Monday:10:00-18:00\",\"Tuesday:10:00-18:00\",\"Wednesday:12:00-20:00\",\"Thursday:12:00-20:00\",\"Friday:13:00-18:00\",\"Saturday:10:00-18:00\",\"Total Weekly Hours:49\"]","source":"library","supervisor_district":"2","analysis_neighborhood":"Marina","data_as_of":"2026-03-25T15:20:00.000","data_loaded_at":"2026-05-01T09:08:14.258",":id":"row-cie2_x7nt.8g2a",":version":"rv-tv2m_imqs_9nqb",":created_at":"2026-05-01T16:08:20.998Z",":updated_at":"2026-05-01T16:08:25.342Z",":@computed_region_jwn9_ihcz":"102",":@computed_region_qgnn_b9vv":"4",":@computed_region_26cr_cadq":"6",":@computed_region_ajp5_b2md":"13",":@computed_region_bz92_g22m":null}},
{"type":"Feature","geometry":{"type":"Point","coordinates":[-122.425193699,37.781263433]},"properties":{"name":"Margaret S Hayward Playground - Drinking Fountain/Cooler","uid":"5203901020330236151","resource_type":"drinking_water","water_fountain":"1","bottle_filler":"0","jug_filler":"0","dog_fountain":"0","latitude":"37.781263429999996","longitude":"-122.4251937","address":"1016 Laguna St","city":"San Francisco","state":"CA","zip_code":"94102","park":"Margaret S Hayward Playground","access":"publicly_accessible","public_access_hours_open":"08:00:00","public_access_hours_close":"20:00:00","public_access_days":"Daily","notes":null,"source":"rec","supervisor_district":"5","analysis_neighborhood":"Western Addition","data_as_of":"2026-03-10T15:25:27.000","data_loaded_at":"2026-05-01T09:08:14.258",":id":"row-cik7_422s~z9ef",":version":"rv-sxnn~7vi8.6kh3",":created_at":"2026-05-01T16:08:20.998Z",":updated_at":"2026-05-01T16:08:25.342Z",":@computed_region_jwn9_ihcz":"100",":@computed_region_qgnn_b9vv":"4",":@computed_region_26cr_cadq":"11",":@computed_region_ajp5_b2md":"39",":@computed_region_bz92_g22m":"140"}},
{"type":"Feature","geometry":{"type":"Point","coordinates":[-122.50299987,37.770827985]},"properties":{"name":"Golden Gate Park - Section 6 - Drinking Fountain/Cooler","uid":"8339516961627853963","resource_type":"drinking_water","water_fountain":"1","bottle_filler":"1","jug_filler":"0","dog_fountain":"0","latitude":"37.77082798","longitude":"-122.50299987","address":"501 Stanyan St","city":"San Francisco","state":"CA","zip_code":"94121","park":"Golden Gate Park - Section 6","access":"publicly_accessible","public_access_hours_open":"08:00:00","public_access_hours_close":"20:00:00","public_access_days":"Daily","notes":null,"source":"rec","supervisor_district":"1","analysis_neighborhood":"Golden Gate Park","data_as_of":"2026-03-10T15:25:27.000","data_loaded_at":"2026-05-01T09:08:14.258",":id":"row-p539_wqs3-rwxe",":version":"rv-esdh-29mb.x5g8",":created_at":"2026-05-01T16:08:20.998Z",":updated_at":"2026-05-01T16:08:25.342Z",":@computed_region_jwn9_ihcz":"9",":@computed_region_qgnn_b9vv":"8",":@computed_region_26cr_cadq":"4",":@computed_region_ajp5_b2md":"12",":@computed_region_bz92_g22m":"234"}},
{"type":"Feature","geometry":{"type":"Point","coordinates":[-122.458208013,37.716382739]},"properties":{"name":"Minnie and Lovie Ward Rec Center - Minnie and Lovie Children's Play Area Drinking Fountain","uid":"7816797803974082871","resource_type":"drinking_water","water_fountain":"1","bottle_filler":"0","jug_filler":"0","dog_fountain":"0","latitude":"37.71638274","longitude":"-122.45820801","address":"650 Capitol Ave","city":"San Francisco","state":"CA","zip_code":"94112","park":"Minnie and Lovie Ward Rec Center","access":"limited_access","public_access_hours_open":"08:00:00","public_access_hours_close":"20:00:00","public_access_days":"Daily","notes":null,"source":"rec","supervisor_district":"11","analysis_neighborhood":"Oceanview/Merced/Ingleside","data_as_of":"2026-03-10T15:25:27.000","data_loaded_at":"2026-05-01T09:08:14.258",":id":"row-4bma.qd5c_83jh",":version":"rv-e53u_7mtf_3wp7",":created_at":"2026-05-01T16:08:20.998Z",":updated_at":"2026-05-01T16:08:25.342Z",":@computed_region_jwn9_ihcz":"81",":@computed_region_qgnn_b9vv":"10",":@computed_region_26cr_cadq":"1",":@computed_region_ajp5_b2md":"24",":@computed_region_bz92_g22m":"89"}},
{"type":"Feature","geometry":{"type":"Point","coordinates":[-122.455452322,37.70863367]},"properties":{"name":"Lessing & Sears Mini Park - Drinking Fountain/Cooler","uid":"659746649913065072","resource_type":"drinking_water","water_fountain":"1","bottle_filler":"0","jug_filler":"0","dog_fountain":"0","latitude":"37.70863367","longitude":"-122.45545231999999","address":"10 Lessing St","city":"San Francisco","state":"CA","zip_code":"94112","park":"Lessing & Sears Mini Park","access":"publicly_accessible","public_access_hours_open":"08:00:00","public_access_hours_close":"20:00:00","public_access_days":"Daily","notes":null,"source":"rec","supervisor_district":"11","analysis_neighborhood":"Outer Mission","data_as_of":"2026-03-10T15:25:27.000","data_loaded_at":"2026-05-01T09:08:14.258",":id":"row-xq6c-9jep-izvy",":version":"rv-afrn.gzn9~xhxa",":created_at":"2026-05-01T16:08:20.998Z",":updated_at":"2026-05-01T16:08:25.342Z",":@computed_region_jwn9_ihcz":"66",":@computed_region_qgnn_b9vv":"9",":@computed_region_26cr_cadq":"1",":@computed_region_ajp5_b2md":"28",":@computed_region_bz92_g22m":"35"}},
{"type":"Feature","geometry":{"type":"Point","coordinates":[-122.409788168,37.800523476]},"properties":{"name":"Washington Square - Drinking Fountain/Cooler","uid":"6124733483710797113","resource_type":"drinking_water","water_fountain":"1","bottle_filler":"1","jug_filler":"0","dog_fountain":"0","latitude":"37.80052348","longitude":"-122.40978817","address":"600 Columbus Ave","city":"San Francisco","state":"CA","zip_code":"94133","park":"Washington Square","access":"publicly_accessible","public_access_hours_open":"08:00:00","public_access_hours_close":"20:00:00","public_access_days":"Daily","notes":null,"source":"rec","supervisor_district":"3","analysis_neighborhood":"North Beach","data_as_of":"2026-03-10T15:25:27.000","data_loaded_at":"2026-05-01T09:08:14.258",":id":"row-r5bm_n42a~vwvc",":version":"rv-d6wx.5z7y_e58m",":created_at":"2026-05-01T16:08:20.998Z",":updated_at":"2026-05-01T16:08:25.342Z",":@computed_region_jwn9_ihcz":"106",":@computed_region_qgnn_b9vv":"6",":@computed_region_26cr_cadq":"3",":@computed_region_ajp5_b2md":"23",":@computed_region_bz92_g22m":"94"}},
{"type":"Feature","geometry":{"type":"Point","coordinates":[-122.41204767,37.802613051]},"properties":{"name":"Joe DiMaggio Playground - DiMaggio Path Drinking Fountain","uid":"265036171906864033","resource_type":"drinking_water","water_fountain":"1","bottle_filler":"0","jug_filler":"0","dog_fountain":"0","latitude":"37.80261305","longitude":"-122.41204767","address":"651 Lombard Street","city":"San Francisco","state":"CA","zip_code":"94133","park":"Joe DiMaggio Playground","access":"publicly_accessible","public_access_hours_open":"08:00:00","public_access_hours_close":"20:00:00","public_access_days":"Daily","notes":null,"source":"rec","supervisor_district":"3","analysis_neighborhood":"North Beach","data_as_of":"2026-03-18T09:41:48.000","data_loaded_at":"2026-05-01T09:08:14.258",":id":"row-c5aw~y4fe.5ek7",":version":"rv-whtc_rj48.dm5u",":created_at":"2026-05-01T16:08:20.998Z",":updated_at":"2026-05-01T16:08:25.342Z",":@computed_region_jwn9_ihcz":"106",":@computed_region_qgnn_b9vv":"6",":@computed_region_26cr_cadq":"3",":@computed_region_ajp5_b2md":"23",":@computed_region_bz92_g22m":"195"}},
{"type":"Feature","geometry":{"type":"Point","coordinates":[-122.434538276,37.782863613]},"properties":{"name":"Presidio Wall Playground - Kimball Path Bottle filling station","uid":"2493746181283595712","resource_type":"drinking_water","water_fountain":"1","bottle_filler":"1","jug_filler":"0","dog_fountain":"0","latitude":"37.782865640000004","longitude":"-122.43452278","address":"1901 Geary Blvd","city":"San Francisco","state":"CA","zip_code":"94115","park":"Presidio Wall Playground","access":"publicly_accessible","public_access_hours_open":"08:00:00","public_access_hours_close":"20:00:00","public_access_days":"Daily","notes":null,"source":"rec","supervisor_district":"5","analysis_neighborhood":"Western Addition","data_as_of":"2026-03-20T14:13:28.000","data_loaded_at":"2026-05-01T09:08:14.258",":id":"row-ic8t_e2c6_zpte",":version":"rv-k6mj~ej23~w2s8",":created_at":"2026-05-01T16:08:20.998Z",":updated_at":"2026-05-01T16:08:25.342Z",":@computed_region_jwn9_ihcz":"97",":@computed_region_qgnn_b9vv":"4",":@computed_region_26cr_cadq":"11",":@computed_region_ajp5_b2md":"39",":@computed_region_bz92_g22m":"123"}},
{"type":"Feature","geometry":{"type":"Point","coordinates":[-122.467799686,37.786971971]},"properties":{"name":"Mountain Lake Park - Drinking Fountain/Cooler","uid":"8458342360154617310","resource_type":"drinking_water","water_fountain":"1","bottle_filler":"0","jug_filler":"0","dog_fountain":"1","latitude":"37.78697197","longitude":"-122.46779968999999","address":"1 11th Ave","city":"San Francisco","state":"CA","zip_code":"94118","park":"Mountain Lake Park","access":"publicly_accessible","public_access_hours_open":"08:00:00","public_access_hours_close":"20:00:00","public_access_days":"Daily","notes":null,"source":"rec","supervisor_district":"1","analysis_neighborhood":"Inner Richmond","data_as_of":"2026-03-10T15:25:27.000","data_loaded_at":"2026-05-01T09:08:14.258",":id":"row-66mr.sqeg.hsu9",":version":"rv-sgsv.cw6h.y3qv",":created_at":"2026-05-01T16:08:20.998Z",":updated_at":"2026-05-01T16:08:25.342Z",":@computed_region_jwn9_ihcz":"4",":@computed_region_qgnn_b9vv":null,":@computed_region_26cr_cadq":"6",":@computed_region_ajp5_b2md":"11",":@computed_region_bz92_g22m":"134"}},
{"type":"Feature","geometry":{"type":"Point","coordinates":[-122.421052346,37.732947457]},"properties":{"name":"St. Mary's Rec Center - Drinking Fountain/Cooler","uid":"5930777443157926915","resource_type":"drinking_water","water_fountain":"1","bottle_filler":"0","jug_filler":"0","dog_fountain":"0","latitude":"37.73294746","longitude":"-122.42105235000001","address":"95 Justin Dr","city":"San Francisco","state":"CA","zip_code":"94110","park":"St. Mary's Rec Center","access":"publicly_accessible","public_access_hours_open":"08:00:00","public_access_hours_close":"20:00:00","public_access_days":"Daily","notes":null,"source":"rec","supervisor_district":"9","analysis_neighborhood":"Bernal Heights","data_as_of":"2026-03-10T15:25:27.000","data_loaded_at":"2026-05-01T09:08:14.258",":id":"row-779z_x269~aiw4",":version":"rv-3sdr-x2j2_hgui",":created_at":"2026-05-01T16:08:20.998Z",":updated_at":"2026-05-01T16:08:25.342Z",":@computed_region_jwn9_ihcz":"93",":@computed_region_qgnn_b9vv":"9",":@computed_region_26cr_cadq":"2",":@computed_region_ajp5_b2md":"2",":@computed_region_bz92_g22m":"109"}},
{"type":"Feature","geometry":{"type":"Point","coordinates":[-122.435083098,37.783704744]},"properties":{"name":"Kimball Children's Play Area Drinking Fountain","uid":"9212190466133808116","resource_type":"drinking_water","water_fountain":"1","bottle_filler":"0","jug_filler":"0","dog_fountain":"0","latitude":"37.783704740000005","longitude":"-122.4350831","address":"1901 Geary Blvd","city":"San Francisco","state":"CA","zip_code":"94115","park":"Raymond Kimbell Playground","access":"publicly_accessible","public_access_hours_open":"08:00:00","public_access_hours_close":"20:00:00","public_access_days":"Daily","notes":null,"source":"rec","supervisor_district":"5","analysis_neighborhood":"Western Addition","data_as_of":"2026-03-17T15:08:35.000","data_loaded_at":"2026-05-01T09:08:14.258",":id":"row-7vb8~jtve.tnxp",":version":"rv-h8tp_ch5n~2vzf",":created_at":"2026-05-01T16:08:20.998Z",":updated_at":"2026-05-01T16:08:25.342Z",":@computed_region_jwn9_ihcz":"97",":@computed_region_qgnn_b9vv":"4",":@computed_region_26cr_cadq":"11",":@computed_region_ajp5_b2md":"39",":@computed_region_bz92_g22m":"123"}},
{"type":"Feature","geometry":{"type":"Point","coordinates":[-122.435403504,37.783709051]},"properties":{"name":"Raymond Kimball Playground - Kimball Path Drinking Fountain","uid":"8161736808373498780","resource_type":"drinking_water","water_fountain":"1","bottle_filler":"0","jug_filler":"0","dog_fountain":"0","latitude":"37.783709050000006","longitude":"-122.4354035","address":"1901 Geary Blvd","city":"San Francisco","state":"CA","zip_code":"94115","park":"Raymond Kimbell Playground","access":"publicly_accessible","public_access_hours_open":"08:00:00","public_access_hours_close":"20:00:00","public_access_days":"Daily","notes":null,"source":"rec","supervisor_district":"5","analysis_neighborhood":"Western Addition","data_as_of":"2026-03-17T15:09:18.000","data_loaded_at":"2026-05-01T09:08:14.258",":id":"row-uqa5-mhi3.k5wa",":version":"rv-65ze-agc7~ax9b",":created_at":"2026-05-01T16:08:20.998Z",":updated_at":"2026-05-01T16:08:25.342Z",":@computed_region_jwn9_ihcz":"97",":@computed_region_qgnn_b9vv":"4",":@computed_region_26cr_cadq":"11",":@computed_region_ajp5_b2md":"39",":@computed_region_bz92_g22m":"123"}},
{"type":"Feature","geometry":{"type":"Point","coordinates":[-122.486904001,37.756840159]},"properties":{"name":"Sunset Rec Center - Drinking Fountain/Cooler","uid":"6197377153243867380","resource_type":"drinking_water","water_fountain":"1","bottle_filler":"0","jug_filler":"0","dog_fountain":"0","latitude":"37.756840159999996","longitude":"-122.48690400000001","address":"2201 Lawton St","city":"San Francisco","state":"CA","zip_code":"94122","park":"Sunset Rec Center","access":"publicly_accessible","public_access_hours_open":"08:00:00","public_access_hours_close":"20:00:00","public_access_days":"Daily","notes":null,"source":"rec","supervisor_district":"4","analysis_neighborhood":"Sunset/Parkside","data_as_of":"2026-03-10T15:25:27.000","data_loaded_at":"2026-05-01T09:08:14.258",":id":"row-imuk~3sz6_3tex",":version":"rv-4uid-vez3_hjt9",":created_at":"2026-05-01T16:08:20.998Z",":updated_at":"2026-05-01T16:08:25.342Z",":@computed_region_jwn9_ihcz":"39",":@computed_region_qgnn_b9vv":"10",":@computed_region_26cr_cadq":"7",":@computed_region_ajp5_b2md":"35",":@computed_region_bz92_g22m":"105"}},
{"type":"Feature","geometry":{"type":"Point","coordinates":[-122.397664101,37.76013594]},"properties":{"name":"Potrero Branch Library","uid":"4782384906586179379","resource_type":"drinking_water","water_fountain":"1","bottle_filler":"0","jug_filler":"0","dog_fountain":"0","latitude":"37.760135940000055","longitude":"-122.39766410099998","address":"1616 20TH ST","city":"San Francisco","state":"CA","zip_code":"94107","park":null,"access":"limited_access","public_access_hours_open":null,"public_access_hours_close":null,"public_access_days":"Daily","notes":"opening_hours = [\"Sunday:13:00-17:00\",\"Monday:13:00-18:00\",\"Tuesday:10:00-20:00\",\"Wednesday:13:00-20:00\",\"Thursday:10:00-20:00\",\"Friday:13:00-18:00\",\"Saturday:10:00-18:00\",\"Total Weekly Hours:49\"]","source":"library","supervisor_district":"10","analysis_neighborhood":"Potrero Hill","data_as_of":"2026-03-25T15:20:00.000","data_loaded_at":"2026-05-01T09:08:14.258",":id":"row-vzmn-v342-zghk",":version":"rv-qq8s_vwr7~aehw",":created_at":"2026-05-01T16:08:20.998Z",":updated_at":"2026-05-01T16:08:25.342Z",":@computed_region_jwn9_ihcz":"54",":@computed_region_qgnn_b9vv":"2",":@computed_region_26cr_cadq":"9",":@computed_region_ajp5_b2md":"26",":@computed_region_bz92_g22m":null}},
{"type":"Feature","geometry":{"type":"Point","coordinates":[-122.422408552,37.75944307]},"properties":{"name":"Mission Playground - Drinking Fountain/Cooler","uid":"6807450615319451858","resource_type":"drinking_water","water_fountain":"1","bottle_filler":"1","jug_filler":"0","dog_fountain":"0","latitude":"37.759443069999996","longitude":"-122.42240855","address":"3555 19th St","city":"San Francisco","state":"CA","zip_code":"94110","park":"Mission Playground","access":"publicly_accessible","public_access_hours_open":"08:00:00","public_access_hours_close":"20:00:00","public_access_days":"Daily","notes":null,"source":"rec","supervisor_district":"9","analysis_neighborhood":"Mission","data_as_of":"2026-03-10T15:25:27.000","data_loaded_at":"2026-05-01T09:08:14.258",":id":"row-jn9h-gnmk_7qty",":version":"rv-bpc5-pjdp~e4cu",":created_at":"2026-05-01T16:08:20.998Z",":updated_at":"2026-05-01T16:08:25.342Z",":@computed_region_jwn9_ihcz":"37",":@computed_region_qgnn_b9vv":"3",":@computed_region_26cr_cadq":"5",":@computed_region_ajp5_b2md":"20",":@computed_region_bz92_g22m":"214"}},
{"type":"Feature","geometry":{"type":"Point","coordinates":[-122.509644055,37.760056822]},"properties":{"name":"Sunset Dunes - Drinking Fountain @ Judah","uid":"8646769371056680341","resource_type":"drinking_water","water_fountain":"1","bottle_filler":"1","jug_filler":"0","dog_fountain":"0","latitude":"37.760056819999996","longitude":"-122.50964405","address":null,"city":"San Francisco","state":"CA","zip_code":"94132","park":"Sunset Dunes","access":"publicly_accessible","public_access_hours_open":"08:00:00","public_access_hours_close":"20:00:00","public_access_days":"Daily","notes":null,"source":"rec","supervisor_district":"4","analysis_neighborhood":"Sunset/Parkside","data_as_of":"2026-03-25T09:50:26.000","data_loaded_at":"2026-05-01T09:08:14.258",":id":"row-pytz-8xmg~pt3p",":version":"rv-hjjj-5vm8-zrr7",":created_at":"2026-05-01T16:08:20.998Z",":updated_at":"2026-05-01T16:08:25.342Z",":@computed_region_jwn9_ihcz":"39",":@computed_region_qgnn_b9vv":"10",":@computed_region_26cr_cadq":"7",":@computed_region_ajp5_b2md":"35",":@computed_region_bz92_g22m":"20"}},
{"type":"Feature","geometry":{"type":"Point","coordinates":[-122.416924201,37.720923853]},"properties":{"name":"John McLaren Park - Jerry Garcia Parking Bottle filling station","uid":"5273186257224374769","resource_type":"drinking_water","water_fountain":"1","bottle_filler":"1","jug_filler":"0","dog_fountain":"0","latitude":"37.72092385","longitude":"-122.4169242","address":"100 John F Shelley Dr","city":"San Francisco","state":"CA","zip_code":"94134","park":"John McLaren Park","access":"publicly_accessible","public_access_hours_open":"08:00:00","public_access_hours_close":"20:00:00","public_access_days":"Daily","notes":null,"source":"rec","supervisor_district":"9","analysis_neighborhood":"McLaren Park","data_as_of":"2026-03-13T10:15:49.000","data_loaded_at":"2026-05-01T09:08:14.258",":id":"row-cgd7.x2kt-6mhc",":version":"rv-wqmj_mnx7.r5aa",":created_at":"2026-05-01T16:08:20.998Z",":updated_at":"2026-05-01T16:08:25.342Z",":@computed_region_jwn9_ihcz":"73",":@computed_region_qgnn_b9vv":"9",":@computed_region_26cr_cadq":"2",":@computed_region_ajp5_b2md":"19",":@computed_region_bz92_g22m":"7"}},
{"type":"Feature","geometry":{"type":"Point","coordinates":[-122.453328458,37.766994885]},"properties":{"name":"Golden Gate Park - Section 1 - Drinking Fountain/Cooler","uid":"2471524683602976434","resource_type":"drinking_water","water_fountain":"1","bottle_filler":"0","jug_filler":"0","dog_fountain":"0","latitude":"37.76699488","longitude":"-122.45332846","address":"501 Stanyan St","city":"San Francisco","state":"CA","zip_code":"94117","park":"Golden Gate Park - Section 1","access":"limited_access","public_access_hours_open":"08:00:00","public_access_hours_close":"20:00:00","public_access_days":"Daily","notes":null,"source":"rec","supervisor_district":"5","analysis_neighborhood":"Golden Gate Park","data_as_of":"2026-03-10T15:25:27.000","data_loaded_at":"2026-05-01T09:08:14.258",":id":"row-w4mj~jrq9-dkjb",":version":"rv-ku7p_ysa8~86h3",":created_at":"2026-05-01T16:08:20.998Z",":updated_at":"2026-05-01T16:08:25.342Z",":@computed_region_jwn9_ihcz":"9",":@computed_region_qgnn_b9vv":"7",":@computed_region_26cr_cadq":"11",":@computed_region_ajp5_b2md":"12",":@computed_region_bz92_g22m":"229"}},
{"type":"Feature","geometry":{"type":"Point","coordinates":[-122.393307326,37.725796344]},"properties":{"name":"Bayview K.C. Jones Playground - Bayview Picnic AreaBottle filling station","uid":"5173149776230254492","resource_type":"drinking_water","water_fountain":"1","bottle_filler":"1","jug_filler":"0","dog_fountain":"0","latitude":"37.72579634","longitude":"-122.39330733","address":"5701 3rd St","city":"San Francisco","state":"CA","zip_code":"94124","park":"Bayview K.C. Jones Playground","access":"publicly_accessible","public_access_hours_open":"08:00:00","public_access_hours_close":"20:00:00","public_access_days":"Daily","notes":null,"source":"rec","supervisor_district":"10","analysis_neighborhood":"Bayview Hunters Point","data_as_of":"2026-03-10T15:25:27.000","data_loaded_at":"2026-05-01T09:08:14.258",":id":"row-nju6~qus4-rfqc",":version":"rv-zabq-pwjm-9bqr",":created_at":"2026-05-01T16:08:20.998Z",":updated_at":"2026-05-01T16:08:25.342Z",":@computed_region_jwn9_ihcz":"86",":@computed_region_qgnn_b9vv":"2",":@computed_region_26cr_cadq":"9",":@computed_region_ajp5_b2md":"1",":@computed_region_bz92_g22m":"77"}},
{"type":"Feature","geometry":{"type":"Point","coordinates":[-122.391318821,37.76473973]},"properties":{"name":"Mariposa Park - Mariposa Drinking fountain","uid":"8705098067842375163","resource_type":"drinking_water","water_fountain":"1","bottle_filler":"0","jug_filler":"0","dog_fountain":"0","latitude":"37.764739729999995","longitude":"-122.39131882","address":null,"city":"San Francisco","state":"CA","zip_code":"94158","park":"Mariposa Park","access":"publicly_accessible","public_access_hours_open":"08:00:00","public_access_hours_close":"20:00:00","public_access_days":"Daily","notes":null,"source":"rec","supervisor_district":"6","analysis_neighborhood":"Potrero Hill","data_as_of":"2026-03-16T14:40:10.000","data_loaded_at":"2026-05-01T09:08:14.258",":id":"row-x99m_fnw3-ceig",":version":"rv-ci43.hxvx-zhb6",":created_at":"2026-05-01T16:08:20.998Z",":updated_at":"2026-05-01T16:08:25.342Z",":@computed_region_jwn9_ihcz":"34",":@computed_region_qgnn_b9vv":"1",":@computed_region_26cr_cadq":"10",":@computed_region_ajp5_b2md":"26",":@computed_region_bz92_g22m":null}},
{"type":"Feature","geometry":{"type":"Point","coordinates":[-122.419494644,37.744283992]},"properties":{"name":"Coleridge Mini Park - Drinking Fountain/Cooler","uid":"1364794861201751412","resource_type":"drinking_water","water_fountain":"1","bottle_filler":"0","jug_filler":"0","dog_fountain":"0","latitude":"37.74428399","longitude":"-122.41949464","address":"90 Coleridge St","city":"San Francisco","state":"CA","zip_code":"94110","park":"Coleridge Mini Park","access":"publicly_accessible","public_access_hours_open":"08:00:00","public_access_hours_close":"20:00:00","public_access_days":"Daily","notes":null,"source":"rec","supervisor_district":"9","analysis_neighborhood":"Bernal Heights","data_as_of":"2026-03-10T15:25:27.000","data_loaded_at":"2026-05-01T09:08:14.258",":id":"row-skmr~3h79-c7ur",":version":"rv-qgc6.gng3.u588",":created_at":"2026-05-01T16:08:20.998Z",":updated_at":"2026-05-01T16:08:25.342Z",":@computed_region_jwn9_ihcz":"83",":@computed_region_qgnn_b9vv":"9",":@computed_region_26cr_cadq":"2",":@computed_region_ajp5_b2md":"2",":@computed_region_bz92_g22m":"156"}},
{"type":"Feature","geometry":{"type":"Point","coordinates":[-122.468418387,37.787493544]},"properties":{"name":"Mountain Lake Park - Drinking Fountain/Cooler","uid":"4678307295294231026","resource_type":"drinking_water","water_fountain":"1","bottle_filler":"0","jug_filler":"0","dog_fountain":"0","latitude":"37.78749354","longitude":"-122.46841839","address":"1 11th Ave","city":"San Francisco","state":"CA","zip_code":"94118","park":"Mountain Lake Park","access":"publicly_accessible","public_access_hours_open":"08:00:00","public_access_hours_close":"20:00:00","public_access_days":"Daily","notes":null,"source":"rec","supervisor_district":"1","analysis_neighborhood":"Inner Richmond","data_as_of":"2026-03-10T15:25:27.000","data_loaded_at":"2026-05-01T09:08:14.258",":id":"row-yry7_4axs~c4r5",":version":"rv-n7g4-faud~enhq",":created_at":"2026-05-01T16:08:20.998Z",":updated_at":"2026-05-01T16:08:25.342Z",":@computed_region_jwn9_ihcz":"4",":@computed_region_qgnn_b9vv":null,":@computed_region_26cr_cadq":"6",":@computed_region_ajp5_b2md":"11",":@computed_region_bz92_g22m":"134"}},
{"type":"Feature","geometry":{"type":"Point","coordinates":[-119.853716645,37.880535626]},"properties":{"name":"Camp Mather - Cabin 110 spigot","uid":"7290574651752549183","resource_type":"drinking_water","water_fountain":"1","bottle_filler":"0","jug_filler":"0","dog_fountain":"0","latitude":"37.88053563","longitude":"-119.85371665000001","address":"32560 Mather Road","city":"San Francisco","state":"CA","zip_code":"95321","park":"Camp Mather","access":"publicly_accessible","public_access_hours_open":"08:00:00","public_access_hours_close":"20:00:00","public_access_days":"Daily","notes":null,"source":"rec","supervisor_district":null,"analysis_neighborhood":null,"data_as_of":"2026-03-10T15:25:27.000","data_loaded_at":"2026-05-01T09:08:14.258",":id":"row-gqzv_hqni_iv58",":version":"rv-9vyf~vc72-xg7y",":created_at":"2026-05-01T16:08:20.998Z",":updated_at":"2026-05-01T16:08:25.342Z",":@computed_region_jwn9_ihcz":null,":@computed_region_qgnn_b9vv":null,":@computed_region_26cr_cadq":null,":@computed_region_ajp5_b2md":null,":@computed_region_bz92_g22m":"50"}},
{"type":"Feature","geometry":{"type":"Point","coordinates":[-122.476310754,37.763348755]},"properties":{"name":"Sunset Branch Library","uid":"4394614105614042565","resource_type":"drinking_water","water_fountain":"1","bottle_filler":"0","jug_filler":"0","dog_fountain":"0","latitude":"37.76334875500004","longitude":"-122.47631075399994","address":"1305 18TH AVE","city":"San Francisco","state":"CA","zip_code":"94122","park":null,"access":"limited_access","public_access_hours_open":null,"public_access_hours_close":null,"public_access_days":"Daily","notes":"opening_hours = [\"Sunday:13:00-17:00\",\"Monday:10:00-18:00\",\"Tuesday:10:00-20:00\",\"Wednesday:10:00-20:00\",\"Thursday:10:00-20:00\",\"Friday:13:00-18:00\",\"Saturday:10:00-18:00\",\"Total Weekly Hours:55\"]","source":"library","supervisor_district":"7","analysis_neighborhood":"Inner Sunset","data_as_of":"2026-03-25T15:20:00.000","data_loaded_at":"2026-05-01T09:08:14.258",":id":"row-94hb.vr83.h5nd",":version":"rv-ftzi~5t4u.8ric",":created_at":"2026-05-01T16:08:20.998Z",":updated_at":"2026-05-01T16:08:25.342Z",":@computed_region_jwn9_ihcz":"109",":@computed_region_qgnn_b9vv":"10",":@computed_region_26cr_cadq":"7",":@computed_region_ajp5_b2md":"14",":@computed_region_bz92_g22m":null}},
{"type":"Feature","geometry":{"type":"Point","coordinates":[-122.499040424,37.77133062]},"properties":{"name":"Golden Gate Park - Section 5 - Drinking Fountain/Cooler","uid":"4292889287259001803","resource_type":"drinking_water","water_fountain":"1","bottle_filler":"1","jug_filler":"0","dog_fountain":"0","latitude":"37.77133061999999","longitude":"-122.49904042","address":"501 Stanyan St","city":"San Francisco","state":"CA","zip_code":"94122","park":"Golden Gate Park - Section 5","access":"publicly_accessible","public_access_hours_open":"08:00:00","public_access_hours_close":"20:00:00","public_access_days":"Daily","notes":null,"source":"rec","supervisor_district":"1","analysis_neighborhood":"Golden Gate Park","data_as_of":"2026-03-10T15:25:27.000","data_loaded_at":"2026-05-01T09:08:14.258",":id":"row-w3gn_ce8t_mk4y",":version":"rv-unq2_m6sm.ip29",":created_at":"2026-05-01T16:08:20.998Z",":updated_at":"2026-05-01T16:08:25.342Z",":@computed_region_jwn9_ihcz":"9",":@computed_region_qgnn_b9vv":"8",":@computed_region_26cr_cadq":"4",":@computed_region_ajp5_b2md":"12",":@computed_region_bz92_g22m":"233"}},
{"type":"Feature","geometry":{"type":"Point","coordinates":[-122.427319238,37.71272269]},"properties":{"name":"Crocker Amazon Playground - Drinking Fountain/Cooler","uid":"8984256812290899820","resource_type":"drinking_water","water_fountain":"1","bottle_filler":"1","jug_filler":"0","dog_fountain":"0","latitude":"37.71272269","longitude":"-122.42731924","address":"799 Moscow St","city":"San Francisco","state":"CA","zip_code":"94134","park":"Crocker Amazon Playground","access":"publicly_accessible","public_access_hours_open":"08:00:00","public_access_hours_close":"20:00:00","public_access_days":"Daily","notes":null,"source":"rec","supervisor_district":"11","analysis_neighborhood":"Excelsior","data_as_of":"2026-03-10T15:25:27.000","data_loaded_at":"2026-05-01T09:08:14.258",":id":"row-8t6r~em6u.yrde",":version":"rv-2pau.gvw2_ur7i",":created_at":"2026-05-01T16:08:20.998Z",":updated_at":"2026-05-01T16:08:25.342Z",":@computed_region_jwn9_ihcz":"58",":@computed_region_qgnn_b9vv":"9",":@computed_region_26cr_cadq":"1",":@computed_region_ajp5_b2md":"7",":@computed_region_bz92_g22m":"158"}},
{"type":"Feature","geometry":{"type":"Point","coordinates":[-122.426815553,37.780785519]},"properties":{"name":"Margaret S Hayward Playground - Drinking Fountain/Cooler","uid":"3148462286842088087","resource_type":"drinking_water","water_fountain":"1","bottle_filler":"0","jug_filler":"0","dog_fountain":"0","latitude":"37.78078552","longitude":"-122.42681555","address":"1016 Laguna St","city":"San Francisco","state":"CA","zip_code":"94102","park":"Margaret S Hayward Playground","access":"publicly_accessible","public_access_hours_open":"08:00:00","public_access_hours_close":"20:00:00","public_access_days":"Daily","notes":null,"source":"rec","supervisor_district":"5","analysis_neighborhood":"Western Addition","data_as_of":"2026-03-10T15:25:27.000","data_loaded_at":"2026-05-01T09:08:14.258",":id":"row-whh5.7rjy_fng8",":version":"rv-grck.pjwz-7g8m",":created_at":"2026-05-01T16:08:20.998Z",":updated_at":"2026-05-01T16:08:25.342Z",":@computed_region_jwn9_ihcz":"100",":@computed_region_qgnn_b9vv":"4",":@computed_region_26cr_cadq":"11",":@computed_region_ajp5_b2md":"39",":@computed_region_bz92_g22m":"140"}},
{"type":"Feature","geometry":{"type":"Point","coordinates":[-122.48463806,37.737879431]},"properties":{"name":"Parkside Square - Drinking Fountain/Cooler","uid":"1985980605508514993","resource_type":"drinking_water","water_fountain":"1","bottle_filler":"0","jug_filler":"0","dog_fountain":"0","latitude":"37.73787943","longitude":"-122.48463806","address":"2680 28th Ave","city":"San Francisco","state":"CA","zip_code":"94132","park":"Parkside Square","access":"limited_access","public_access_hours_open":"08:00:00","public_access_hours_close":"20:00:00","public_access_days":"Daily","notes":null,"source":"rec","supervisor_district":"4","analysis_neighborhood":"Sunset/Parkside","data_as_of":"2026-03-10T15:25:27.000","data_loaded_at":"2026-05-01T09:08:14.258",":id":"row-tet9-5wye.8ija",":version":"rv-gbct_7dks_iqhn",":created_at":"2026-05-01T16:08:20.998Z",":updated_at":"2026-05-01T16:08:25.342Z",":@computed_region_jwn9_ihcz":"40",":@computed_region_qgnn_b9vv":"10",":@computed_region_26cr_cadq":"7",":@computed_region_ajp5_b2md":"35",":@computed_region_bz92_g22m":"217"}},
{"type":"Feature","geometry":{"type":"Point","coordinates":[-122.438945929,37.751456786]},"properties":{"name":"Noe Valley Courts - Drinking Fountain/Cooler","uid":"7353953180170706382","resource_type":"drinking_water","water_fountain":"1","bottle_filler":"0","jug_filler":"0","dog_fountain":"0","latitude":"37.75145679","longitude":"-122.43894593","address":"780 Douglass St","city":"San Francisco","state":"CA","zip_code":"94114","park":"Noe Valley Courts","access":"publicly_accessible","public_access_hours_open":"08:00:00","public_access_hours_close":"20:00:00","public_access_days":"Daily","notes":null,"source":"rec","supervisor_district":"8","analysis_neighborhood":"Noe Valley","data_as_of":"2026-03-10T15:25:27.000","data_loaded_at":"2026-05-01T09:08:14.258",":id":"row-6b52.etw9.9ucd",":version":"rv-bhz8.jkvt.4jfv",":created_at":"2026-05-01T16:08:20.998Z",":updated_at":"2026-05-01T16:08:25.342Z",":@computed_region_jwn9_ihcz":"51",":@computed_region_qgnn_b9vv":"3",":@computed_region_26cr_cadq":"5",":@computed_region_ajp5_b2md":"22",":@computed_region_bz92_g22m":"132"}},
{"type":"Feature","geometry":{"type":"Point","coordinates":[-122.412382261,37.792078275]},"properties":{"name":"Collis P Huntington Park - Drinking Fountain/Cooler","uid":"7697078983527175470","resource_type":"drinking_water","water_fountain":"1","bottle_filler":"0","jug_filler":"0","dog_fountain":"0","latitude":"37.792078270000005","longitude":"-122.41238226","address":"1000 Taylor St","city":"San Francisco","state":"CA","zip_code":"94108","park":"Collis P Huntington Park","access":"publicly_accessible","public_access_hours_open":"08:00:00","public_access_hours_close":"20:00:00","public_access_days":"Daily","notes":null,"source":"rec","supervisor_district":"3","analysis_neighborhood":"Nob Hill","data_as_of":"2026-03-10T15:25:27.000","data_loaded_at":"2026-05-01T09:08:14.258",":id":"row-mqmj.hmri-3z22",":version":"rv-ydab.4awc-4mxg",":created_at":"2026-05-01T16:08:20.998Z",":updated_at":"2026-05-01T16:08:25.342Z",":@computed_region_jwn9_ihcz":"16",":@computed_region_qgnn_b9vv":"6",":@computed_region_26cr_cadq":"3",":@computed_region_ajp5_b2md":"21",":@computed_region_bz92_g22m":"83"}},
{"type":"Feature","geometry":{"type":"Point","coordinates":[-122.37597,37.740119]},"properties":{"name":"Heron's Head Park, Eco Center","uid":"3013277213648008590","resource_type":"drinking_water","water_fountain":"1","bottle_filler":"1","jug_filler":"0","dog_fountain":"1","latitude":"37.740119","longitude":"-122.37597","address":"32 Jennings Street","city":"San Francisco","state":"CA","zip_code":"94124","park":null,"access":"publicly_accessible","public_access_hours_open":null,"public_access_hours_close":null,"public_access_days":"Daily","notes":"Near entrance/on park path","source":"port","supervisor_district":"10","analysis_neighborhood":"Bayview Hunters Point","data_as_of":"2024-10-04T13:51:23.000","data_loaded_at":"2026-05-01T09:08:14.258",":id":"row-yn59_kr7q~wtfc",":version":"rv-5sxt.jxc8~ff77",":created_at":"2026-05-01T16:08:20.998Z",":updated_at":"2026-05-01T16:08:25.342Z",":@computed_region_jwn9_ihcz":"56",":@computed_region_qgnn_b9vv":"2",":@computed_region_26cr_cadq":"9",":@computed_region_ajp5_b2md":"1",":@computed_region_bz92_g22m":null}},
{"type":"Feature","geometry":{"type":"Point","coordinates":[-122.414239945,37.722478587]},"properties":{"name":"Louis Sutter Playground - Drinking Fountain","uid":"4485946366151460896","resource_type":"drinking_water","water_fountain":"1","bottle_filler":"1","jug_filler":"0","dog_fountain":"0","latitude":"37.72247859","longitude":"-122.41423995","address":"599 Yale St","city":"San Francisco","state":"CA","zip_code":"94134","park":"Louis Sutter Playground","access":"publicly_accessible","public_access_hours_open":"08:00:00","public_access_hours_close":"20:00:00","public_access_days":"Daily","notes":null,"source":"rec","supervisor_district":"9","analysis_neighborhood":"McLaren Park","data_as_of":"2026-03-10T15:25:27.000","data_loaded_at":"2026-05-01T09:08:14.258",":id":"row-j9p9_5ixa~agih",":version":"rv-dh74-f8xh-wmeu",":created_at":"2026-05-01T16:08:20.998Z",":updated_at":"2026-05-01T16:08:25.342Z",":@computed_region_jwn9_ihcz":"73",":@computed_region_qgnn_b9vv":"2",":@computed_region_26cr_cadq":"2",":@computed_region_ajp5_b2md":"19",":@computed_region_bz92_g22m":"10"}},
{"type":"Feature","geometry":{"type":"Point","coordinates":[-122.366906976,37.727323572]},"properties":{"name":"Shipyard Parks - Dog bowl","uid":"8359389387077015651","resource_type":"drinking_water","water_fountain":"1","bottle_filler":"0","jug_filler":"0","dog_fountain":"0","latitude":"37.72732357","longitude":"-122.36690698","address":"100 Innes Court","city":"San Francisco","state":"CA","zip_code":"94124","park":"Shipyard Parks","access":"publicly_accessible","public_access_hours_open":"08:00:00","public_access_hours_close":"20:00:00","public_access_days":"Daily","notes":null,"source":"rec","supervisor_district":"10","analysis_neighborhood":"Bayview Hunters Point","data_as_of":"2026-03-10T15:25:27.000","data_loaded_at":"2026-05-01T09:08:14.258",":id":"row-uz93-n2f9-ndsx",":version":"rv-fzn6.undi-xe7a",":created_at":"2026-05-01T16:08:20.998Z",":updated_at":"2026-05-01T16:08:25.342Z",":@computed_region_jwn9_ihcz":"78",":@computed_region_qgnn_b9vv":"2",":@computed_region_26cr_cadq":"9",":@computed_region_ajp5_b2md":"1",":@computed_region_bz92_g22m":null}},
{"type":"Feature","geometry":{"type":"Point","coordinates":[-122.447055781,37.709598814]},"properties":{"name":"Alice Chalmers Playground - Path Drinking Fountain","uid":"805609272588241357","resource_type":"drinking_water","water_fountain":"1","bottle_filler":"1","jug_filler":"0","dog_fountain":"0","latitude":"37.709598809999996","longitude":"-122.44705578","address":"670 Brunswick St","city":"San Francisco","state":"CA","zip_code":"94112","park":"Alice Chalmers Playground","access":"publicly_accessible","public_access_hours_open":"08:00:00","public_access_hours_close":"20:00:00","public_access_days":"Daily","notes":null,"source":"rec","supervisor_district":"11","analysis_neighborhood":"Excelsior","data_as_of":"2026-03-10T15:25:27.000","data_loaded_at":"2026-05-01T09:08:14.258",":id":"row-kfgp~iigt~4tcr",":version":"rv-ribu~ehc9~e3x6",":created_at":"2026-05-01T16:08:20.998Z",":updated_at":"2026-05-01T16:08:25.342Z",":@computed_region_jwn9_ihcz":"58",":@computed_region_qgnn_b9vv":"9",":@computed_region_26cr_cadq":"1",":@computed_region_ajp5_b2md":"7",":@computed_region_bz92_g22m":"68"}},
{"type":"Feature","geometry":{"type":"Point","coordinates":[-122.39703,37.79897]},"properties":{"name":"Pier 7","uid":"8096256367090940691","resource_type":"drinking_water","water_fountain":"1","bottle_filler":"1","jug_filler":"0","dog_fountain":"0","latitude":"37.79897","longitude":"-122.39703","address":"Pier 7 on the Embarcadero","city":"San Francisco","state":"CA","zip_code":"94105","park":null,"access":"publicly_accessible","public_access_hours_open":null,"public_access_hours_close":null,"public_access_days":"Daily","notes":"Next to decaux toilet","source":"port","supervisor_district":"3","analysis_neighborhood":"Financial District/South Beach","data_as_of":"2024-10-04T13:51:23.000","data_loaded_at":"2026-05-01T09:08:14.258",":id":"row-n4xw-pabr-5nmy",":version":"rv-6tct-2zfu~nht5",":created_at":"2026-05-01T16:08:20.998Z",":updated_at":"2026-05-01T16:08:25.342Z",":@computed_region_jwn9_ihcz":"77",":@computed_region_qgnn_b9vv":"6",":@computed_region_26cr_cadq":"3",":@computed_region_ajp5_b2md":"8",":@computed_region_bz92_g22m":null}},
{"type":"Feature","geometry":{"type":"Point","coordinates":[-122.457421929,37.766994753]},"properties":{"name":"Golden Gate Park - Section 1 - Kezar Turf Drinking fountain","uid":"2606175629848316573","resource_type":"drinking_water","water_fountain":"1","bottle_filler":"0","jug_filler":"0","dog_fountain":"0","latitude":"37.76699475","longitude":"-122.45742193000001","address":"Golden Gate Park","city":"San Francisco","state":"CA","zip_code":"94122","park":"Golden Gate Park - Section 1","access":"publicly_accessible","public_access_hours_open":"08:00:00","public_access_hours_close":"20:00:00","public_access_days":"Daily","notes":null,"source":"rec","supervisor_district":"5","analysis_neighborhood":"Golden Gate Park","data_as_of":"2026-03-10T15:25:27.000","data_loaded_at":"2026-05-01T09:08:14.258",":id":"row-mbii~scyb.imq7",":version":"rv-wikk-r2sq~vqdz",":created_at":"2026-05-01T16:08:20.998Z",":updated_at":"2026-05-01T16:08:25.342Z",":@computed_region_jwn9_ihcz":"9",":@computed_region_qgnn_b9vv":"7",":@computed_region_26cr_cadq":"11",":@computed_region_ajp5_b2md":"12",":@computed_region_bz92_g22m":"229"}},
{"type":"Feature","geometry":{"type":"Point","coordinates":[-122.467931534,37.786971704]},"properties":{"name":"Mountain Lake Park - Drinking Fountain/Cooler","uid":"2181519328811148190","resource_type":"drinking_water","water_fountain":"1","bottle_filler":"0","jug_filler":"0","dog_fountain":"0","latitude":"37.7869717","longitude":"-122.46793153","address":"1 11th Ave","city":"San Francisco","state":"CA","zip_code":"94118","park":"Mountain Lake Park","access":"publicly_accessible","public_access_hours_open":"08:00:00","public_access_hours_close":"20:00:00","public_access_days":"Daily","notes":null,"source":"rec","supervisor_district":"1","analysis_neighborhood":"Inner Richmond","data_as_of":"2026-03-10T15:25:27.000","data_loaded_at":"2026-05-01T09:08:14.258",":id":"row-rvpj_nyb5~257y",":version":"rv-drfs~7sd9_aue4",":created_at":"2026-05-01T16:08:20.998Z",":updated_at":"2026-05-01T16:08:25.342Z",":@computed_region_jwn9_ihcz":"4",":@computed_region_qgnn_b9vv":null,":@computed_region_26cr_cadq":"6",":@computed_region_ajp5_b2md":"11",":@computed_region_bz92_g22m":"134"}},
{"type":"Feature","geometry":{"type":"Point","coordinates":[-122.433833155,37.733980204]},"properties":{"name":"Glen Park Branch Library","uid":"1697779997800312692","resource_type":"drinking_water","water_fountain":"1","bottle_filler":"0","jug_filler":"0","dog_fountain":"0","latitude":"37.733980204000034","longitude":"-122.43383315499995","address":"2825 DIAMOND ST","city":"San Francisco","state":"CA","zip_code":"94131","park":null,"access":"limited_access","public_access_hours_open":null,"public_access_hours_close":null,"public_access_days":"Daily","notes":"opening_hours = [\"Sunday:13:00-17:00\",\"Monday:10:00-18:00\",\"Tuesday:10:00-18:00\",\"Wednesday:12:00-20:00\",\"Thursday:10:00-19:00\",\"Friday:13:00-18:00\",\"Saturday:10:00-18:00\",\"Total Weekly Hours:50\"]","source":"library","supervisor_district":"8","analysis_neighborhood":"Glen Park","data_as_of":"2026-03-25T15:20:00.000","data_loaded_at":"2026-05-01T09:08:14.258",":id":"row-5rty.eb7b~7dhm",":version":"rv-7nx9.avu9-ykrt",":created_at":"2026-05-01T16:08:20.998Z",":updated_at":"2026-05-01T16:08:25.342Z",":@computed_region_jwn9_ihcz":"96",":@computed_region_qgnn_b9vv":"9",":@computed_region_26cr_cadq":"5",":@computed_region_ajp5_b2md":"10",":@computed_region_bz92_g22m":null}},
{"type":"Feature","geometry":{"type":"Point","coordinates":[-122.499850177,37.725943933]},"properties":{"name":"Lake Merced Park - Drinking Fountain/Cooler","uid":"4843891343408355453","resource_type":"drinking_water","water_fountain":"1","bottle_filler":"1","jug_filler":"0","dog_fountain":"0","latitude":"37.72594393","longitude":"-122.49985018","address":"1 Harding Rd","city":"San Francisco","state":"CA","zip_code":"94132","park":"Lake Merced Park","access":"publicly_accessible","public_access_hours_open":"08:00:00","public_access_hours_close":"20:00:00","public_access_days":"Daily","notes":null,"source":"rec","supervisor_district":"7","analysis_neighborhood":"Lakeshore","data_as_of":"2026-03-10T15:25:27.000","data_loaded_at":"2026-05-01T09:08:14.258",":id":"row-qtk7_b7hh_rch2",":version":"rv-xxwv.rugk~qpt6",":created_at":"2026-05-01T16:08:20.998Z",":updated_at":"2026-05-01T16:08:25.342Z",":@computed_region_jwn9_ihcz":"43",":@computed_region_qgnn_b9vv":"10",":@computed_region_26cr_cadq":"8",":@computed_region_ajp5_b2md":"16",":@computed_region_bz92_g22m":"2"}},
{"type":"Feature","geometry":{"type":"Point","coordinates":[-122.406977353,37.787879284]},"properties":{"name":"Union Square - Drinking Fountain/Cooler","uid":"2714186578769913329","resource_type":"drinking_water","water_fountain":"1","bottle_filler":"0","jug_filler":"0","dog_fountain":"0","latitude":"37.78787928","longitude":"-122.40697734999999","address":"333 Post St","city":"San Francisco","state":"CA","zip_code":"94108","park":"Union Square","access":"publicly_accessible","public_access_hours_open":"08:00:00","public_access_hours_close":"20:00:00","public_access_days":"Daily","notes":null,"source":"rec","supervisor_district":"3","analysis_neighborhood":"Financial District/South Beach","data_as_of":"2026-03-10T15:25:27.000","data_loaded_at":"2026-05-01T09:08:14.258",":id":"row-9qii_fxr8_ikzw",":version":"rv-nypi.9bi5-iz4c",":created_at":"2026-05-01T16:08:20.998Z",":updated_at":"2026-05-01T16:08:25.342Z",":@computed_region_jwn9_ihcz":"19",":@computed_region_qgnn_b9vv":"6",":@computed_region_26cr_cadq":"3",":@computed_region_ajp5_b2md":"8",":@computed_region_bz92_g22m":"5"}},
{"type":"Feature","geometry":{"type":"Point","coordinates":[-122.415477035,37.784799645]},"properties":{"name":"Tenderloin Rec Center - Drinking Fountain/Cooler","uid":"3913710666317852865","resource_type":"drinking_water","water_fountain":"1","bottle_filler":"0","jug_filler":"0","dog_fountain":"0","latitude":"37.784799650000004","longitude":"-122.41547704","address":"570 Ellis St","city":"San Francisco","state":"CA","zip_code":"94109","park":"Tenderloin Rec Center","access":"publicly_accessible","public_access_hours_open":"08:00:00","public_access_hours_close":"20:00:00","public_access_days":"Daily","notes":null,"source":"rec","supervisor_district":"5","analysis_neighborhood":"Tenderloin","data_as_of":"2026-03-10T15:25:27.000","data_loaded_at":"2026-05-01T09:08:14.258",":id":"row-q7cd_appe-iwic",":version":"rv-m7f4.q5ta~8mbn",":created_at":"2026-05-01T16:08:20.998Z",":updated_at":"2026-05-01T16:08:25.342Z",":@computed_region_jwn9_ihcz":"20",":@computed_region_qgnn_b9vv":"5",":@computed_region_26cr_cadq":"10",":@computed_region_ajp5_b2md":"36",":@computed_region_bz92_g22m":"103"}},
{"type":"Feature","geometry":{"type":"Point","coordinates":[-122.41824809,37.78538709]},"properties":{"name":"Sgt. John Macaulay Park - Drinking Fountain/Cooler","uid":"4627038945983935730","resource_type":"drinking_water","water_fountain":"1","bottle_filler":"0","jug_filler":"0","dog_fountain":"0","latitude":"37.78538709","longitude":"-122.41824809","address":"800 O'Farrell St","city":"San Francisco","state":"CA","zip_code":"94109","park":"Sgt. John Macaulay Park","access":"limited_access","public_access_hours_open":"08:00:00","public_access_hours_close":"20:00:00","public_access_days":"Daily","notes":null,"source":"rec","supervisor_district":"5","analysis_neighborhood":"Tenderloin","data_as_of":"2026-03-10T15:25:27.000","data_loaded_at":"2026-05-01T09:08:14.258",":id":"row-fcj7.icj2_7r2x",":version":"rv-gx56.5ppf~788z",":created_at":"2026-05-01T16:08:20.998Z",":updated_at":"2026-05-01T16:08:25.342Z",":@computed_region_jwn9_ihcz":"20",":@computed_region_qgnn_b9vv":"5",":@computed_region_26cr_cadq":"10",":@computed_region_ajp5_b2md":"36",":@computed_region_bz92_g22m":"113"}},
{"type":"Feature","geometry":{"type":"Point","coordinates":[-122.3877,37.7803467]},"properties":{"name":"South Beach Harbor","uid":"5535662967239792186","resource_type":"drinking_water","water_fountain":"1","bottle_filler":"1","jug_filler":"0","dog_fountain":"1","latitude":"37.7803467","longitude":"-122.3877","address":"Pier 40A The Embarcadero","city":"San Francisco","state":"CA","zip_code":"94107","park":null,"access":"publicly_accessible","public_access_hours_open":null,"public_access_hours_close":null,"public_access_days":"Daily","notes":"Outside of playground","source":"port","supervisor_district":"6","analysis_neighborhood":"Mission Bay","data_as_of":"2024-10-04T13:51:23.000","data_loaded_at":"2026-05-01T09:08:14.258",":id":"row-4tgi_p7pu.f7e3",":version":"rv-yutb.igz8.5w55",":created_at":"2026-05-01T16:08:20.998Z",":updated_at":"2026-05-01T16:08:25.342Z",":@computed_region_jwn9_ihcz":"31",":@computed_region_qgnn_b9vv":"1",":@computed_region_26cr_cadq":"10",":@computed_region_ajp5_b2md":"4",":@computed_region_bz92_g22m":null}},
{"type":"Feature","geometry":{"type":"Point","coordinates":[-122.406452756,37.777381587]},"properties":{"name":"Victoria Manalo Draves Park - Drinking Fountain/Cooler","uid":"8201030333236696668","resource_type":"drinking_water","water_fountain":"1","bottle_filler":"0","jug_filler":"0","dog_fountain":"0","latitude":"37.777369549999996","longitude":"-122.40646207","address":"55 Sherman St","city":"San Francisco","state":"CA","zip_code":"94103","park":"Victoria Manalo Draves Park","access":"publicly_accessible","public_access_hours_open":"08:00:00","public_access_hours_close":"20:00:00","public_access_days":"Daily","notes":null,"source":"rec","supervisor_district":"6","analysis_neighborhood":"South of Market","data_as_of":"2026-03-17T13:32:40.000","data_loaded_at":"2026-05-01T09:08:14.258",":id":"row-8qsc_f6sv~npck",":version":"rv-4hbn_pbu8_x6ps",":created_at":"2026-05-01T16:08:20.998Z",":updated_at":"2026-05-01T16:08:25.342Z",":@computed_region_jwn9_ihcz":"32",":@computed_region_qgnn_b9vv":"1",":@computed_region_26cr_cadq":"10",":@computed_region_ajp5_b2md":"34",":@computed_region_bz92_g22m":"98"}},
{"type":"Feature","geometry":{"type":"Point","coordinates":[-122.433239996,37.801492001]},"properties":{"name":"Moscone Rec Center - Drinking Fountain/Cooler","uid":"3455732999251252810","resource_type":"drinking_water","water_fountain":"1","bottle_filler":"1","jug_filler":"0","dog_fountain":"0","latitude":"37.801492","longitude":"-122.43324","address":"1800 Chestnut St","city":"San Francisco","state":"CA","zip_code":"94123","park":"Moscone Rec Center","access":"publicly_accessible","public_access_hours_open":"08:00:00","public_access_hours_close":"20:00:00","public_access_days":"Daily","notes":null,"source":"rec","supervisor_district":"2","analysis_neighborhood":"Marina","data_as_of":"2026-03-10T15:25:27.000","data_loaded_at":"2026-05-01T09:08:14.258",":id":"row-enui_6axh~z3xr",":version":"rv-5sxn-7i3j_ctjb",":created_at":"2026-05-01T16:08:20.998Z",":updated_at":"2026-05-01T16:08:25.342Z",":@computed_region_jwn9_ihcz":"17",":@computed_region_qgnn_b9vv":"4",":@computed_region_26cr_cadq":"6",":@computed_region_ajp5_b2md":"13",":@computed_region_bz92_g22m":"135"}},
{"type":"Feature","geometry":{"type":"Point","coordinates":[-122.390524,37.734648]},"properties":{"name":"Mendell Plaza","uid":"1583894823483341905","resource_type":"drinking_water","water_fountain":"0","bottle_filler":"1","jug_filler":"1","dog_fountain":"0","latitude":"37.734648","longitude":"-122.390524","address":"1425 Mendell St","city":"San Francisco","state":"CA","zip_code":"94124","park":null,"access":"publicly_accessible","public_access_hours_open":null,"public_access_hours_close":null,"public_access_days":"Daily","notes":null,"source":"puc","supervisor_district":"10","analysis_neighborhood":"Bayview Hunters Point","data_as_of":"2024-06-27T13:43:12.000","data_loaded_at":"2026-05-01T09:08:14.258",":id":"row-jx2g.n3fa.pgis",":version":"rv-nrgk~ihnc_s3zn",":created_at":"2026-05-01T16:08:20.998Z",":updated_at":"2026-05-01T16:08:25.342Z",":@computed_region_jwn9_ihcz":"86",":@computed_region_qgnn_b9vv":"2",":@computed_region_26cr_cadq":"9",":@computed_region_ajp5_b2md":"1",":@computed_region_bz92_g22m":null}},
{"type":"Feature","geometry":{"type":"Point","coordinates":[-122.435284276,37.740640104]},"properties":{"name":"Walter Haas Playground - Drinking Fountain/Cooler","uid":"7979184012007724705","resource_type":"drinking_water","water_fountain":"1","bottle_filler":"1","jug_filler":"0","dog_fountain":"0","latitude":"37.7406401","longitude":"-122.43528427999999","address":"300 Addison St","city":"San Francisco","state":"CA","zip_code":"94131","park":"Walter Haas Playground","access":"publicly_accessible","public_access_hours_open":"08:00:00","public_access_hours_close":"20:00:00","public_access_days":"Daily","notes":null,"source":"rec","supervisor_district":"8","analysis_neighborhood":"Glen Park","data_as_of":"2026-03-10T15:25:27.000","data_loaded_at":"2026-05-01T09:08:14.258",":id":"row-37uu-7hy5-3xpg",":version":"rv-8jrd-rj6s-4zez",":created_at":"2026-05-01T16:08:20.998Z",":updated_at":"2026-05-01T16:08:25.342Z",":@computed_region_jwn9_ihcz":"59",":@computed_region_qgnn_b9vv":"9",":@computed_region_26cr_cadq":"5",":@computed_region_ajp5_b2md":"10",":@computed_region_bz92_g22m":"96"}},
{"type":"Feature","geometry":{"type":"Point","coordinates":[-119.854565996,37.879674762]},"properties":{"name":"Camp Mather - Bottle station lakeside","uid":"6569744359926052160","resource_type":"drinking_water","water_fountain":"1","bottle_filler":"1","jug_filler":"0","dog_fountain":"0","latitude":"37.87967476","longitude":"-119.854566","address":"32560 Mather Road","city":"San Francisco","state":"CA","zip_code":"95321","park":"Camp Mather","access":"publicly_accessible","public_access_hours_open":"08:00:00","public_access_hours_close":"20:00:00","public_access_days":"Daily","notes":null,"source":"rec","supervisor_district":null,"analysis_neighborhood":null,"data_as_of":"2026-03-10T15:25:27.000","data_loaded_at":"2026-05-01T09:08:14.258",":id":"row-rzrx_an3g.efsm",":version":"rv-kkvh_nvwf-zjhe",":created_at":"2026-05-01T16:08:20.998Z",":updated_at":"2026-05-01T16:08:25.342Z",":@computed_region_jwn9_ihcz":null,":@computed_region_qgnn_b9vv":null,":@computed_region_26cr_cadq":null,":@computed_region_ajp5_b2md":null,":@computed_region_bz92_g22m":"50"}},
{"type":"Feature","geometry":{"type":"Point","coordinates":[-122.431881717,37.76406037]},"properties":{"name":"Eureka Valley/Harvey Milk Memorial Library","uid":"540584502372956109","resource_type":"drinking_water","water_fountain":"1","bottle_filler":"0","jug_filler":"0","dog_fountain":"0","latitude":"37.76406037000004","longitude":"-122.43188171699995","address":"1 JOSE SARRIA CT","city":"San Francisco","state":"CA","zip_code":"94114","park":"Eureka Valley Branch Library","access":"limited_access","public_access_hours_open":null,"public_access_hours_close":null,"public_access_days":"Daily","notes":"opening_hours = [\"Sunday:13:00-17:00\",\"Monday:10:00-18:00\",\"Tuesday:10:00-20:00\",\"Wednesday:10:00-20:00\",\"Thursday:10:00-18:00\",\"Friday:13:00-18:00\",\"Saturday:10:00-18:00\",\"Total Weekly Hours:53\"]","source":"library","supervisor_district":"8","analysis_neighborhood":"Castro/Upper Market","data_as_of":"2026-03-25T15:20:00.000","data_loaded_at":"2026-05-01T09:08:14.258",":id":"row-32ai-uwqr_j5s2",":version":"rv-mpsu.hfcq~ipud",":created_at":"2026-05-01T16:08:20.998Z",":updated_at":"2026-05-01T16:08:25.342Z",":@computed_region_jwn9_ihcz":"38",":@computed_region_qgnn_b9vv":"3",":@computed_region_26cr_cadq":"5",":@computed_region_ajp5_b2md":"5",":@computed_region_bz92_g22m":"49"}},
{"type":"Feature","geometry":{"type":"Point","coordinates":[-122.435588092,37.78248808]},"properties":{"name":"Raymond Kimbell Playground - Drinking Fountain/Cooler","uid":"843965679908779110","resource_type":"drinking_water","water_fountain":"1","bottle_filler":"1","jug_filler":"0","dog_fountain":"0","latitude":"37.78248808","longitude":"-122.43558809000001","address":"1901 Geary Blvd","city":"San Francisco","state":"CA","zip_code":"94115","park":"Raymond Kimbell Playground","access":"publicly_accessible","public_access_hours_open":"08:00:00","public_access_hours_close":"20:00:00","public_access_days":"Daily","notes":null,"source":"rec","supervisor_district":"5","analysis_neighborhood":"Western Addition","data_as_of":"2026-03-10T15:25:27.000","data_loaded_at":"2026-05-01T09:08:14.258",":id":"row-3itr.7cq6.cpdd",":version":"rv-86x5-3na4-hrty",":created_at":"2026-05-01T16:08:20.998Z",":updated_at":"2026-05-01T16:08:25.342Z",":@computed_region_jwn9_ihcz":"97",":@computed_region_qgnn_b9vv":"4",":@computed_region_26cr_cadq":"11",":@computed_region_ajp5_b2md":"39",":@computed_region_bz92_g22m":"123"}},
{"type":"Feature","geometry":{"type":"Point","coordinates":[-122.43829271,37.746428896]},"properties":{"name":"Douglass Playground - Douglass Dog Play Area Drinking Fountain","uid":"2786684703190047407","resource_type":"drinking_water","water_fountain":"1","bottle_filler":"0","jug_filler":"0","dog_fountain":"0","latitude":"37.7464289","longitude":"-122.43829271","address":"1098 Douglass St","city":"San Francisco","state":"CA","zip_code":"94131","park":"Douglass Playground","access":"publicly_accessible","public_access_hours_open":"08:00:00","public_access_hours_close":"20:00:00","public_access_days":"Daily","notes":null,"source":"rec","supervisor_district":"8","analysis_neighborhood":"Noe Valley","data_as_of":"2026-03-10T15:25:27.000","data_loaded_at":"2026-05-01T09:08:14.258",":id":"row-xfkg-9j9b_ucwb",":version":"rv-rh8v.ngza~nqgx",":created_at":"2026-05-01T16:08:20.998Z",":updated_at":"2026-05-01T16:08:25.342Z",":@computed_region_jwn9_ihcz":"57",":@computed_region_qgnn_b9vv":"3",":@computed_region_26cr_cadq":"5",":@computed_region_ajp5_b2md":"22",":@computed_region_bz92_g22m":"206"}},
{"type":"Feature","geometry":{"type":"Point","coordinates":[-122.457694423,37.77799694]},"properties":{"name":"Angelo J. Rossi Playground - Drinking Fountain/Cooler","uid":"1506469300865846451","resource_type":"drinking_water","water_fountain":"1","bottle_filler":"0","jug_filler":"0","dog_fountain":"0","latitude":"37.77799694","longitude":"-122.45769442","address":"600 Arguello Blvd","city":"San Francisco","state":"CA","zip_code":"94118","park":"Angelo J. Rossi Playground","access":"publicly_accessible","public_access_hours_open":"08:00:00","public_access_hours_close":"20:00:00","public_access_days":"Daily","notes":null,"source":"rec","supervisor_district":"1","analysis_neighborhood":"Lone Mountain/USF","data_as_of":"2026-03-10T15:25:27.000","data_loaded_at":"2026-05-01T09:08:14.258",":id":"row-bxgb~j4dh-j673",":version":"rv-2ye2-adb7.p4sc",":created_at":"2026-05-01T16:08:20.998Z",":updated_at":"2026-05-01T16:08:25.342Z",":@computed_region_jwn9_ihcz":"12",":@computed_region_qgnn_b9vv":"8",":@computed_region_26cr_cadq":"4",":@computed_region_ajp5_b2md":"18",":@computed_region_bz92_g22m":"204"}},
{"type":"Feature","geometry":{"type":"Point","coordinates":[-122.504995637,37.764535374]},"properties":{"name":"Golden Gate Park - Section 6 - Drinking Fountain/Cooler","uid":"5634100326179697879","resource_type":"drinking_water","water_fountain":"1","bottle_filler":"1","jug_filler":"0","dog_fountain":"0","latitude":"37.76453537","longitude":"-122.50499564","address":"501 Stanyan St","city":"San Francisco","state":"CA","zip_code":"94121","park":"Golden Gate Park - Section 6","access":"publicly_accessible","public_access_hours_open":"08:00:00","public_access_hours_close":"20:00:00","public_access_days":"Daily","notes":null,"source":"rec","supervisor_district":"4","analysis_neighborhood":"Golden Gate Park","data_as_of":"2026-03-19T14:26:35.000","data_loaded_at":"2026-05-01T09:08:14.258",":id":"row-y4rm.5xgm-bnnb",":version":"rv-wagz~7hn9_pi3p",":created_at":"2026-05-01T16:08:20.998Z",":updated_at":"2026-05-01T16:08:25.342Z",":@computed_region_jwn9_ihcz":"9",":@computed_region_qgnn_b9vv":"8",":@computed_region_26cr_cadq":"4",":@computed_region_ajp5_b2md":"12",":@computed_region_bz92_g22m":"234"}},
{"type":"Feature","geometry":{"type":"Point","coordinates":[-122.480141178,37.770557027]},"properties":{"name":"Golden Gate Park - Section 2 - Drinking Fountain/Cooler","uid":"5407102591712536584","resource_type":"drinking_water","water_fountain":"1","bottle_filler":"0","jug_filler":"0","dog_fountain":"0","latitude":"37.77055703","longitude":"-122.48014117999999","address":"501 Stanyan St","city":"San Francisco","state":"CA","zip_code":"94118","park":"Golden Gate Park - Section 2","access":"publicly_accessible","public_access_hours_open":"08:00:00","public_access_hours_close":"20:00:00","public_access_days":"Daily","notes":null,"source":"rec","supervisor_district":"1","analysis_neighborhood":"Golden Gate Park","data_as_of":"2026-03-10T15:25:27.000","data_loaded_at":"2026-05-01T09:08:14.258",":id":"row-cpk5.uafp-fx38",":version":"rv-39t2-jgn6.yg9m",":created_at":"2026-05-01T16:08:20.998Z",":updated_at":"2026-05-01T16:08:25.342Z",":@computed_region_jwn9_ihcz":"9",":@computed_region_qgnn_b9vv":"8",":@computed_region_26cr_cadq":"4",":@computed_region_ajp5_b2md":"12",":@computed_region_bz92_g22m":"232"}},
{"type":"Feature","geometry":{"type":"Point","coordinates":[-122.420036,37.76735]},"properties":{"name":"Arriba Juntos","uid":"6602640275624901656","resource_type":"drinking_water","water_fountain":"0","bottle_filler":"1","jug_filler":"1","dog_fountain":"0","latitude":"37.76735","longitude":"-122.420036","address":"1850 Mission St","city":"San Francisco","state":"CA","zip_code":"94103","park":null,"access":"publicly_accessible","public_access_hours_open":null,"public_access_hours_close":null,"public_access_days":"Daily","notes":null,"source":"puc","supervisor_district":"9","analysis_neighborhood":"Mission","data_as_of":"2024-06-27T13:43:12.000","data_loaded_at":"2026-05-01T09:08:14.258",":id":"row-5axs.7f9c.myw6",":version":"rv-es4f~ykc4~e5a5",":created_at":"2026-05-01T16:08:20.998Z",":updated_at":"2026-05-01T16:08:25.342Z",":@computed_region_jwn9_ihcz":"53",":@computed_region_qgnn_b9vv":"3",":@computed_region_26cr_cadq":"2",":@computed_region_ajp5_b2md":"20",":@computed_region_bz92_g22m":null}},
{"type":"Feature","geometry":{"type":"Point","coordinates":[-122.470103498,37.717670264]},"properties":{"name":"Merced Heights Playground - Drinking Fountain/Cooler","uid":"2599167559774870578","resource_type":"drinking_water","water_fountain":"1","bottle_filler":"0","jug_filler":"0","dog_fountain":"0","latitude":"37.71767026","longitude":"-122.47010350000001","address":"801 Shields St","city":"San Francisco","state":"CA","zip_code":"94132","park":"Merced Heights Playground","access":"publicly_accessible","public_access_hours_open":"08:00:00","public_access_hours_close":"20:00:00","public_access_days":"Daily","notes":null,"source":"rec","supervisor_district":"11","analysis_neighborhood":"Oceanview/Merced/Ingleside","data_as_of":"2026-03-10T15:25:27.000","data_loaded_at":"2026-05-01T09:08:14.258",":id":"row-kh32~8gdn_vapm",":version":"rv-tajm.atnr~qrua",":created_at":"2026-05-01T16:08:20.998Z",":updated_at":"2026-05-01T16:08:25.342Z",":@computed_region_jwn9_ihcz":"65",":@computed_region_qgnn_b9vv":"10",":@computed_region_26cr_cadq":"1",":@computed_region_ajp5_b2md":"24",":@computed_region_bz92_g22m":"138"}},
{"type":"Feature","geometry":{"type":"Point","coordinates":[-122.426846365,37.780694593]},"properties":{"name":"Margaret S Hayward Playground - Drinking Fountain/Cooler","uid":"7851744052943970175","resource_type":"drinking_water","water_fountain":"1","bottle_filler":"0","jug_filler":"0","dog_fountain":"0","latitude":"37.78069459","longitude":"-122.42684636","address":"1016 Laguna St","city":"San Francisco","state":"CA","zip_code":"94102","park":"Margaret S Hayward Playground","access":"publicly_accessible","public_access_hours_open":"08:00:00","public_access_hours_close":"20:00:00","public_access_days":"Daily","notes":null,"source":"rec","supervisor_district":"5","analysis_neighborhood":"Western Addition","data_as_of":"2026-03-10T15:25:27.000","data_loaded_at":"2026-05-01T09:08:14.258",":id":"row-uqz3.gp8h-q6br",":version":"rv-6edc_ywsy~w3ka",":created_at":"2026-05-01T16:08:20.998Z",":updated_at":"2026-05-01T16:08:25.342Z",":@computed_region_jwn9_ihcz":"100",":@computed_region_qgnn_b9vv":"4",":@computed_region_26cr_cadq":"11",":@computed_region_ajp5_b2md":"39",":@computed_region_bz92_g22m":"140"}},
{"type":"Feature","geometry":{"type":"Point","coordinates":[-122.447666186,37.772391362]},"properties":{"name":"Golden Gate Park - Section 1 - Dual Fountain","uid":"2153051661776551575","resource_type":"drinking_water","water_fountain":"1","bottle_filler":"0","jug_filler":"0","dog_fountain":"0","latitude":"37.77239136","longitude":"-122.44766618999999","address":"501 Stanyan St","city":"San Francisco","state":"CA","zip_code":"94117","park":"Golden Gate Park - Section 1","access":"publicly_accessible","public_access_hours_open":"08:00:00","public_access_hours_close":"20:00:00","public_access_days":"Daily","notes":null,"source":"rec","supervisor_district":"5","analysis_neighborhood":"Golden Gate Park","data_as_of":"2026-03-10T15:25:27.000","data_loaded_at":"2026-05-01T09:08:14.258",":id":"row-jcrd_iw98~j5ya",":version":"rv-4kkb.xxiu-733n",":created_at":"2026-05-01T16:08:20.998Z",":updated_at":"2026-05-01T16:08:25.342Z",":@computed_region_jwn9_ihcz":"24",":@computed_region_qgnn_b9vv":"7",":@computed_region_26cr_cadq":"11",":@computed_region_ajp5_b2md":"12",":@computed_region_bz92_g22m":"229"}},
{"type":"Feature","geometry":{"type":"Point","coordinates":[-122.455669553,37.76750663]},"properties":{"name":"Golden Gate Park - Section 1 - Kezar Turf Drinking fountain","uid":"9171619548794917687","resource_type":"drinking_water","water_fountain":"1","bottle_filler":"0","jug_filler":"0","dog_fountain":"0","latitude":"37.76750663","longitude":"-122.45566955000001","address":"501 Stanyan St","city":"San Francisco","state":"CA","zip_code":"94117","park":"Golden Gate Park - Section 1","access":"publicly_accessible","public_access_hours_open":"08:00:00","public_access_hours_close":"20:00:00","public_access_days":"Daily","notes":null,"source":"rec","supervisor_district":"5","analysis_neighborhood":"Golden Gate Park","data_as_of":"2026-03-10T15:25:27.000","data_loaded_at":"2026-05-01T09:08:14.258",":id":"row-sgjm-cs9y.8bb3",":version":"rv-4m8n_agm9_mq6d",":created_at":"2026-05-01T16:08:20.998Z",":updated_at":"2026-05-01T16:08:25.342Z",":@computed_region_jwn9_ihcz":"9",":@computed_region_qgnn_b9vv":"7",":@computed_region_26cr_cadq":"11",":@computed_region_ajp5_b2md":"12",":@computed_region_bz92_g22m":"229"}},
{"type":"Feature","geometry":{"type":"Point","coordinates":[-122.434135665,37.801373632]},"properties":{"name":"Marina Branch Library","uid":"7187167927732756918","resource_type":"drinking_water","water_fountain":"1","bottle_filler":"0","jug_filler":"0","dog_fountain":"0","latitude":"37.801373632000036","longitude":"-122.43413566499999","address":"1890 CHESTNUT ST","city":"San Francisco","state":"CA","zip_code":"94123","park":"Moscone Rec Center","access":"limited_access","public_access_hours_open":null,"public_access_hours_close":null,"public_access_days":"Daily","notes":"opening_hours = [\"Sunday:13:00-17:00\",\"Monday:10:00-18:00\",\"Tuesday:10:00-18:00\",\"Wednesday:13:00-20:00\",\"Thursday:10:00-20:00\",\"Friday:13:00-18:00\",\"Saturday:10:00-18:00\",\"Total Weekly Hours:50\"]","source":"library","supervisor_district":"2","analysis_neighborhood":"Marina","data_as_of":"2026-03-25T15:20:00.000","data_loaded_at":"2026-05-01T09:08:14.258",":id":"row-3kmh-ugn8-darz",":version":"rv-6hma_f77y.rfvp",":created_at":"2026-05-01T16:08:20.998Z",":updated_at":"2026-05-01T16:08:25.342Z",":@computed_region_jwn9_ihcz":"17",":@computed_region_qgnn_b9vv":"4",":@computed_region_26cr_cadq":"6",":@computed_region_ajp5_b2md":"13",":@computed_region_bz92_g22m":"135"}},
{"type":"Feature","geometry":{"type":"Point","coordinates":[-122.498322071,37.750819649]},"properties":{"name":"West Sunset Playground - Drinking Fountain/Cooler","uid":"6764740627358824885","resource_type":"drinking_water","water_fountain":"1","bottle_filler":"0","jug_filler":"0","dog_fountain":"0","latitude":"37.75081965","longitude":"-122.49832207","address":"3223 Ortega St","city":"San Francisco","state":"CA","zip_code":"94116","park":"West Sunset Playground","access":"publicly_accessible","public_access_hours_open":"08:00:00","public_access_hours_close":"20:00:00","public_access_days":"Daily","notes":null,"source":"rec","supervisor_district":"4","analysis_neighborhood":"Sunset/Parkside","data_as_of":"2026-03-10T15:25:27.000","data_loaded_at":"2026-05-01T09:08:14.258",":id":"row-3gx8~5gdh-xjbd",":version":"rv-vd8k_ghpm-gbew",":created_at":"2026-05-01T16:08:20.998Z",":updated_at":"2026-05-01T16:08:25.342Z",":@computed_region_jwn9_ihcz":"39",":@computed_region_qgnn_b9vv":"10",":@computed_region_26cr_cadq":"7",":@computed_region_ajp5_b2md":"35",":@computed_region_bz92_g22m":"93"}},
{"type":"Feature","geometry":{"type":"Point","coordinates":[-122.419371,37.7809272]},"properties":{"name":"525 Golden Gate","uid":"956935023348360657","resource_type":"drinking_water","water_fountain":"0","bottle_filler":"1","jug_filler":"0","dog_fountain":"0","latitude":"37.7809272","longitude":"-122.419371","address":"525 Golden Gate","city":"San Francisco","state":"CA","zip_code":"94102","park":null,"access":"limited_access","public_access_hours_open":"08:00:00","public_access_hours_close":"17:00:00","public_access_days":"Weekdays","notes":null,"source":"puc","supervisor_district":"5","analysis_neighborhood":"Tenderloin","data_as_of":"2024-06-27T13:43:12.000","data_loaded_at":"2026-05-01T09:08:14.258",":id":"row-gzaj~wah8_hj2m",":version":"rv-x7cb_ucti~w7d5",":created_at":"2026-05-01T16:08:20.998Z",":updated_at":"2026-05-01T16:08:25.342Z",":@computed_region_jwn9_ihcz":"21",":@computed_region_qgnn_b9vv":"4",":@computed_region_26cr_cadq":"10",":@computed_region_ajp5_b2md":"36",":@computed_region_bz92_g22m":null}},
{"type":"Feature","geometry":{"type":"Point","coordinates":[-122.42817795,37.791596283]},"properties":{"name":"Lafayette Park - Drinking Fountain/Cooler","uid":"7608515600277781600","resource_type":"drinking_water","water_fountain":"1","bottle_filler":"0","jug_filler":"0","dog_fountain":"0","latitude":"37.79159628","longitude":"-122.42817795","address":"2101 Washington St","city":"San Francisco","state":"CA","zip_code":"94109","park":"Lafayette Park","access":"publicly_accessible","public_access_hours_open":"08:00:00","public_access_hours_close":"20:00:00","public_access_days":"Daily","notes":null,"source":"rec","supervisor_district":"2","analysis_neighborhood":"Pacific Heights","data_as_of":"2026-03-10T15:25:27.000","data_loaded_at":"2026-05-01T09:08:14.258",":id":"row-p4vm-cqev-gx9i",":version":"rv-pptt_ms7s.jkxy",":created_at":"2026-05-01T16:08:20.998Z",":updated_at":"2026-05-01T16:08:25.342Z",":@computed_region_jwn9_ihcz":"102",":@computed_region_qgnn_b9vv":"4",":@computed_region_26cr_cadq":"6",":@computed_region_ajp5_b2md":"30",":@computed_region_bz92_g22m":"212"}},
{"type":"Feature","geometry":{"type":"Point","coordinates":[-122.409485676,37.76460916]},"properties":{"name":"Franklin Square - Garfield Children's Play Area Path","uid":"8224894015407532823","resource_type":"drinking_water","water_fountain":"1","bottle_filler":"0","jug_filler":"0","dog_fountain":"0","latitude":"37.76460916","longitude":"-122.40948568","address":"2500 17th St","city":"San Francisco","state":"CA","zip_code":"94110","park":"Franklin Square","access":"publicly_accessible","public_access_hours_open":"08:00:00","public_access_hours_close":"20:00:00","public_access_days":"Daily","notes":null,"source":"rec","supervisor_district":"9","analysis_neighborhood":"Mission","data_as_of":"2026-03-10T15:25:27.000","data_loaded_at":"2026-05-01T09:08:14.258",":id":"row-vr8g_a3k2.5s5e",":version":"rv-bi48_u52s~b7gj",":created_at":"2026-05-01T16:08:20.998Z",":updated_at":"2026-05-01T16:08:25.342Z",":@computed_region_jwn9_ihcz":"53",":@computed_region_qgnn_b9vv":"3",":@computed_region_26cr_cadq":"9",":@computed_region_ajp5_b2md":"20",":@computed_region_bz92_g22m":"164"}},
{"type":"Feature","geometry":{"type":"Point","coordinates":[-122.489403633,37.712428075]},"properties":{"name":"Lake Merced Park - Drinking Fountain","uid":"7823882710392408750","resource_type":"drinking_water","water_fountain":"1","bottle_filler":"1","jug_filler":"0","dog_fountain":"0","latitude":"37.71242807","longitude":"-122.48940363","address":"1 Harding Rd","city":"San Francisco","state":"CA","zip_code":"94132","park":"Lake Merced Park","access":"publicly_accessible","public_access_hours_open":"08:00:00","public_access_hours_close":"20:00:00","public_access_days":"Daily","notes":null,"source":"rec","supervisor_district":"7","analysis_neighborhood":"Lakeshore","data_as_of":"2026-03-13T15:53:32.000","data_loaded_at":"2026-05-01T09:08:14.258",":id":"row-q7bj.7ykp.2c89",":version":"rv-6y6u-meqc_vjsg",":created_at":"2026-05-01T16:08:20.998Z",":updated_at":"2026-05-01T16:08:25.342Z",":@computed_region_jwn9_ihcz":"43",":@computed_region_qgnn_b9vv":"10",":@computed_region_26cr_cadq":"8",":@computed_region_ajp5_b2md":"16",":@computed_region_bz92_g22m":"2"}},
{"type":"Feature","geometry":{"type":"Point","coordinates":[-122.437174334,37.791183034]},"properties":{"name":"Alta Plaza Park - Drinking Fountain/Cooler","uid":"8567801137821416588","resource_type":"drinking_water","water_fountain":"1","bottle_filler":"0","jug_filler":"0","dog_fountain":"0","latitude":"37.79118303","longitude":"-122.43717433","address":"2501 Jackson St","city":"San Francisco","state":"CA","zip_code":"94115","park":"Alta Plaza Park","access":"publicly_accessible","public_access_hours_open":"08:00:00","public_access_hours_close":"20:00:00","public_access_days":"Daily","notes":null,"source":"rec","supervisor_district":"2","analysis_neighborhood":"Pacific Heights","data_as_of":"2026-03-10T15:25:27.000","data_loaded_at":"2026-05-01T09:08:14.258",":id":"row-cm8d~a9fu.4vcx",":version":"rv-bjgr~vjdr_6nyi",":created_at":"2026-05-01T16:08:20.998Z",":updated_at":"2026-05-01T16:08:25.342Z",":@computed_region_jwn9_ihcz":"102",":@computed_region_qgnn_b9vv":"4",":@computed_region_26cr_cadq":"6",":@computed_region_ajp5_b2md":"30",":@computed_region_bz92_g22m":"149"}},
{"type":"Feature","geometry":{"type":"Point","coordinates":[-122.411694153,37.794291247]},"properties":{"name":"Betty Ann Ong Rec Center - Drinking Fountain/Cooler","uid":"2112121773275018748","resource_type":"drinking_water","water_fountain":"1","bottle_filler":"0","jug_filler":"0","dog_fountain":"0","latitude":"37.79429125","longitude":"-122.41169415","address":"1101 Washington St","city":"San Francisco","state":"CA","zip_code":"94108","park":"Betty Ann Ong Rec Center","access":"publicly_accessible","public_access_hours_open":"08:00:00","public_access_hours_close":"20:00:00","public_access_days":"Daily","notes":null,"source":"rec","supervisor_district":"3","analysis_neighborhood":"Nob Hill","data_as_of":"2026-03-10T15:25:27.000","data_loaded_at":"2026-05-01T09:08:14.258",":id":"row-257f-hfha~wu5u",":version":"rv-emnt~ju6g-gv72",":created_at":"2026-05-01T16:08:20.998Z",":updated_at":"2026-05-01T16:08:25.342Z",":@computed_region_jwn9_ihcz":"16",":@computed_region_qgnn_b9vv":"6",":@computed_region_26cr_cadq":"3",":@computed_region_ajp5_b2md":"21",":@computed_region_bz92_g22m":"155"}},
{"type":"Feature","geometry":{"type":"Point","coordinates":[-122.419826464,37.751968966]},"properties":{"name":"Mission Branch Library","uid":"1848497342151395742","resource_type":"drinking_water","water_fountain":"1","bottle_filler":"0","jug_filler":"0","dog_fountain":"0","latitude":"37.75196896600005","longitude":"-122.41982646399998","address":"300 BARTLETT ST","city":"San Francisco","state":"CA","zip_code":"94110","park":null,"access":"limited_access","public_access_hours_open":null,"public_access_hours_close":null,"public_access_days":"Daily","notes":"opening_hours = [\"Sunday:13:00-17:00\",\"Monday:10:00-18:00\",\"Tuesday:10:00-20:00\",\"Wednesday:10:00-20:00\",\"Thursday:10:00-20:00\",\"Friday:13:00-18:00\",\"Saturday:10:00-18:00\",\"Total Weekly Hours:55\"]","source":"library","supervisor_district":"9","analysis_neighborhood":"Mission","data_as_of":"2026-03-25T15:20:00.000","data_loaded_at":"2026-05-01T09:08:14.258",":id":"row-ssuj-2in5-s964",":version":"rv-dqb4~eytv~8bna",":created_at":"2026-05-01T16:08:20.998Z",":updated_at":"2026-05-01T16:08:25.342Z",":@computed_region_jwn9_ihcz":"53",":@computed_region_qgnn_b9vv":"3",":@computed_region_26cr_cadq":"2",":@computed_region_ajp5_b2md":"20",":@computed_region_bz92_g22m":null}},
{"type":"Feature","geometry":{"type":"Point","coordinates":[-122.497524431,37.747898709]},"properties":{"name":"West Sunset Playground - Drinking Fountain","uid":"4543605432159683777","resource_type":"drinking_water","water_fountain":"1","bottle_filler":"0","jug_filler":"0","dog_fountain":"0","latitude":"37.74789871","longitude":"-122.49752443","address":"3223 Ortega St","city":"San Francisco","state":"CA","zip_code":"94116","park":"West Sunset Playground","access":"publicly_accessible","public_access_hours_open":"08:00:00","public_access_hours_close":"20:00:00","public_access_days":"Daily","notes":null,"source":"rec","supervisor_district":"4","analysis_neighborhood":"Sunset/Parkside","data_as_of":"2026-03-20T15:14:53.000","data_loaded_at":"2026-05-01T09:08:14.258",":id":"row-2ai9~q5tj_cqa5",":version":"rv-s8fq_dua2-4hfa",":created_at":"2026-05-01T16:08:20.998Z",":updated_at":"2026-05-01T16:08:25.342Z",":@computed_region_jwn9_ihcz":"39",":@computed_region_qgnn_b9vv":"10",":@computed_region_26cr_cadq":"7",":@computed_region_ajp5_b2md":"35",":@computed_region_bz92_g22m":"93"}},
{"type":"Feature","geometry":{"type":"Point","coordinates":[-119.851752114,37.879267932]},"properties":{"name":"Camp Mather - Campsite 2 spigot","uid":"2762361275681398201","resource_type":"drinking_water","water_fountain":"1","bottle_filler":"0","jug_filler":"0","dog_fountain":"0","latitude":"37.87926793","longitude":"-119.85175210999999","address":"32560 Mather Road","city":"San Francisco","state":"CA","zip_code":"95321","park":"Camp Mather","access":"publicly_accessible","public_access_hours_open":"08:00:00","public_access_hours_close":"20:00:00","public_access_days":"Daily","notes":null,"source":"rec","supervisor_district":null,"analysis_neighborhood":null,"data_as_of":"2026-03-10T15:25:27.000","data_loaded_at":"2026-05-01T09:08:14.258",":id":"row-y7bc-ksiw.cqap",":version":"rv-yvk8_3bhg_5jgm",":created_at":"2026-05-01T16:08:20.998Z",":updated_at":"2026-05-01T16:08:25.342Z",":@computed_region_jwn9_ihcz":null,":@computed_region_qgnn_b9vv":null,":@computed_region_26cr_cadq":null,":@computed_region_ajp5_b2md":null,":@computed_region_bz92_g22m":"50"}},
{"type":"Feature","geometry":{"type":"Point","coordinates":[-122.482635923,37.736792976]},"properties":{"name":"Pine Lake Park - Pine Lake Dog Play Area Drinking Fountain","uid":"3213821891824334248","resource_type":"drinking_water","water_fountain":"1","bottle_filler":"0","jug_filler":"0","dog_fountain":"0","latitude":"37.73679298","longitude":"-122.48263592","address":"2899 19th Ave","city":"San Francisco","state":"CA","zip_code":"94132","park":"Pine Lake Park","access":"publicly_accessible","public_access_hours_open":"08:00:00","public_access_hours_close":"20:00:00","public_access_days":"Daily","notes":null,"source":"rec","supervisor_district":"4","analysis_neighborhood":"Sunset/Parkside","data_as_of":"2026-03-16T09:10:17.000","data_loaded_at":"2026-05-01T09:08:14.258",":id":"row-r5bq.55f3_btuj",":version":"rv-2ssc.9erp_kids",":created_at":"2026-05-01T16:08:20.998Z",":updated_at":"2026-05-01T16:08:25.342Z",":@computed_region_jwn9_ihcz":"40",":@computed_region_qgnn_b9vv":"10",":@computed_region_26cr_cadq":"7",":@computed_region_ajp5_b2md":"35",":@computed_region_bz92_g22m":"218"}},
{"type":"Feature","geometry":{"type":"Point","coordinates":[-122.447729306,37.772400647]},"properties":{"name":"Golden Gate Park - Section 1 - Dog Bowl","uid":"1446424658125670020","resource_type":"drinking_water","water_fountain":"1","bottle_filler":"0","jug_filler":"0","dog_fountain":"0","latitude":"37.772400649999994","longitude":"-122.44772931","address":"Golden Gate Park","city":"San Francisco","state":"CA","zip_code":"94117","park":"Golden Gate Park - Section 1","access":"publicly_accessible","public_access_hours_open":"08:00:00","public_access_hours_close":"20:00:00","public_access_days":"Daily","notes":null,"source":"rec","supervisor_district":"5","analysis_neighborhood":"Golden Gate Park","data_as_of":"2026-03-10T15:25:27.000","data_loaded_at":"2026-05-01T09:08:14.258",":id":"row-3xzg-qtvw~g5zz",":version":"rv-8i55.29iu_p89j",":created_at":"2026-05-01T16:08:20.998Z",":updated_at":"2026-05-01T16:08:25.342Z",":@computed_region_jwn9_ihcz":"24",":@computed_region_qgnn_b9vv":"7",":@computed_region_26cr_cadq":"11",":@computed_region_ajp5_b2md":"12",":@computed_region_bz92_g22m":"229"}},
{"type":"Feature","geometry":{"type":"Point","coordinates":[-122.477771825,37.779580773]},"properties":{"name":"Argonne Playground - Drinking Fountain/Cooler","uid":"5656170251697479208","resource_type":"drinking_water","water_fountain":"1","bottle_filler":"0","jug_filler":"0","dog_fountain":"0","latitude":"37.779580769999995","longitude":"-122.47777182","address":"455 18th Ave","city":"San Francisco","state":"CA","zip_code":"94121","park":"Argonne Playground","access":"publicly_accessible","public_access_hours_open":"08:00:00","public_access_hours_close":"20:00:00","public_access_days":"Daily","notes":null,"source":"rec","supervisor_district":"1","analysis_neighborhood":"Outer Richmond","data_as_of":"2026-03-10T15:25:27.000","data_loaded_at":"2026-05-01T09:08:14.258",":id":"row-zmhf.imez_tzk8",":version":"rv-w2wc_tj5e.wq7y",":created_at":"2026-05-01T16:08:20.998Z",":updated_at":"2026-05-01T16:08:25.342Z",":@computed_region_jwn9_ihcz":"5",":@computed_region_qgnn_b9vv":"8",":@computed_region_26cr_cadq":"4",":@computed_region_ajp5_b2md":"29",":@computed_region_bz92_g22m":"71"}},
{"type":"Feature","geometry":{"type":"Point","coordinates":[-122.456299483,37.767528944]},"properties":{"name":"Golden Gate Park - Section 1 - Kezar Turf Drinking fountain","uid":"6502474052379636086","resource_type":"drinking_water","water_fountain":"1","bottle_filler":"0","jug_filler":"0","dog_fountain":"0","latitude":"37.76752894","longitude":"-122.45629948","address":"Golden Gate Park","city":"San Francisco","state":"CA","zip_code":"94122","park":"Golden Gate Park - Section 1","access":"publicly_accessible","public_access_hours_open":"08:00:00","public_access_hours_close":"20:00:00","public_access_days":"Daily","notes":null,"source":"rec","supervisor_district":"5","analysis_neighborhood":"Golden Gate Park","data_as_of":"2026-03-10T15:25:27.000","data_loaded_at":"2026-05-01T09:08:14.258",":id":"row-6fyy-sbrg-nmgb",":version":"rv-7bck~j2zz_6q6z",":created_at":"2026-05-01T16:08:20.998Z",":updated_at":"2026-05-01T16:08:25.342Z",":@computed_region_jwn9_ihcz":"9",":@computed_region_qgnn_b9vv":"7",":@computed_region_26cr_cadq":"11",":@computed_region_ajp5_b2md":"12",":@computed_region_bz92_g22m":"229"}},
{"type":"Feature","geometry":{"type":"Point","coordinates":[-122.428862455,37.714400785]},"properties":{"name":"Crocker Amazon Playground - Drinking Fountain/Cooler","uid":"2289321129029835654","resource_type":"drinking_water","water_fountain":"1","bottle_filler":"0","jug_filler":"0","dog_fountain":"0","latitude":"37.71440079","longitude":"-122.42886245999999","address":"799 Moscow St","city":"San Francisco","state":"CA","zip_code":"94134","park":"Crocker Amazon Playground","access":"publicly_accessible","public_access_hours_open":"08:00:00","public_access_hours_close":"20:00:00","public_access_days":"Daily","notes":null,"source":"rec","supervisor_district":"11","analysis_neighborhood":"Excelsior","data_as_of":"2026-03-10T15:25:27.000","data_loaded_at":"2026-05-01T09:08:14.258",":id":"row-ezbc_xdp7_29tk",":version":"rv-r8hh.aye6-w62c",":created_at":"2026-05-01T16:08:20.998Z",":updated_at":"2026-05-01T16:08:25.342Z",":@computed_region_jwn9_ihcz":"58",":@computed_region_qgnn_b9vv":"9",":@computed_region_26cr_cadq":"1",":@computed_region_ajp5_b2md":"7",":@computed_region_bz92_g22m":"158"}},
{"type":"Feature","geometry":{"type":"Point","coordinates":[-122.451702487,37.762620031]},"properties":{"name":"Grattan Playground - Drinking Fountain/Cooler","uid":"1279635630899268022","resource_type":"drinking_water","water_fountain":"1","bottle_filler":"0","jug_filler":"0","dog_fountain":"0","latitude":"37.76262003","longitude":"-122.45170249","address":"1180 Stanyan St","city":"San Francisco","state":"CA","zip_code":"94117","park":"Grattan Playground","access":"publicly_accessible","public_access_hours_open":"08:00:00","public_access_hours_close":"20:00:00","public_access_days":"Daily","notes":null,"source":"rec","supervisor_district":"8","analysis_neighborhood":"Haight Ashbury","data_as_of":"2026-03-10T15:25:27.000","data_loaded_at":"2026-05-01T09:08:14.258",":id":"row-pr3f~ipph~i32b",":version":"rv-fxjc_37e6~68p7",":created_at":"2026-05-01T16:08:20.998Z",":updated_at":"2026-05-01T16:08:25.342Z",":@computed_region_jwn9_ihcz":"114",":@computed_region_qgnn_b9vv":"7",":@computed_region_26cr_cadq":"11",":@computed_region_ajp5_b2md":"3",":@computed_region_bz92_g22m":"172"}},
{"type":"Feature","geometry":{"type":"Point","coordinates":[-122.456242267,37.715113561]},"properties":{"name":"Minnie and Lovie Ward Rec Center - Drinking Fountain/Cooler","uid":"8931347538996607855","resource_type":"drinking_water","water_fountain":"1","bottle_filler":"0","jug_filler":"0","dog_fountain":"0","latitude":"37.71511356","longitude":"-122.45624226999999","address":"650 Capitol Ave","city":"San Francisco","state":"CA","zip_code":"94112","park":"Minnie and Lovie Ward Rec Center","access":"publicly_accessible","public_access_hours_open":"08:00:00","public_access_hours_close":"20:00:00","public_access_days":"Daily","notes":null,"source":"rec","supervisor_district":"11","analysis_neighborhood":"Oceanview/Merced/Ingleside","data_as_of":"2026-03-10T15:25:27.000","data_loaded_at":"2026-05-01T09:08:14.258",":id":"row-u3f8.gk67~hnfy",":version":"rv-avy4_27ug_ucby",":created_at":"2026-05-01T16:08:20.998Z",":updated_at":"2026-05-01T16:08:25.342Z",":@computed_region_jwn9_ihcz":"81",":@computed_region_qgnn_b9vv":"10",":@computed_region_26cr_cadq":"1",":@computed_region_ajp5_b2md":"24",":@computed_region_bz92_g22m":"89"}},
{"type":"Feature","geometry":{"type":"Point","coordinates":[-122.439606528,37.769853284]},"properties":{"name":"Buena Vista Park - Drinking Fountain/Cooler","uid":"9110820734024268991","resource_type":"drinking_water","water_fountain":"1","bottle_filler":"0","jug_filler":"0","dog_fountain":"0","latitude":"37.76985328000001","longitude":"-122.43960652999999","address":"1293 Haight St","city":"San Francisco","state":"CA","zip_code":"94117","park":"Buena Vista Park","access":"publicly_accessible","public_access_hours_open":"08:00:00","public_access_hours_close":"20:00:00","public_access_days":"Daily","notes":null,"source":"rec","supervisor_district":"8","analysis_neighborhood":"Haight Ashbury","data_as_of":"2026-03-10T15:25:27.000","data_loaded_at":"2026-05-01T09:08:14.258",":id":"row-2q9k_ddea~ywnm",":version":"rv-i3ix.v8g7-5r6s",":created_at":"2026-05-01T16:08:20.998Z",":updated_at":"2026-05-01T16:08:25.342Z",":@computed_region_jwn9_ihcz":"112",":@computed_region_qgnn_b9vv":"7",":@computed_region_26cr_cadq":"5",":@computed_region_ajp5_b2md":"3",":@computed_region_bz92_g22m":"152"}},
{"type":"Feature","geometry":{"type":"Point","coordinates":[-122.45626483,37.724057087]},"properties":{"name":"Ingleside Branch","uid":"4343473954297379462","resource_type":"drinking_water","water_fountain":"1","bottle_filler":"0","jug_filler":"0","dog_fountain":"0","latitude":"37.72405708700006","longitude":"-122.45626482999995","address":"1298 OCEAN AVE","city":"San Francisco","state":"CA","zip_code":"94112","park":null,"access":"limited_access","public_access_hours_open":null,"public_access_hours_close":null,"public_access_days":"Daily","notes":"opening_hours = [\"Sunday:13:00-17:00\",\"Monday:10:00-18:00\",\"Tuesday:10:00-18:00\",\"Wednesday:10:00-20:00\",\"Thursday:12:00-19:00\",\"Friday:13:00-18:00\",\"Saturday:10:00-18:00\",\"Total Weekly Hours:50\"]","source":"library","supervisor_district":"7","analysis_neighborhood":"West of Twin Peaks","data_as_of":"2026-03-25T15:20:00.000","data_loaded_at":"2026-05-01T09:08:14.258",":id":"row-w2gj_xsy9_pff6",":version":"rv-iwni~sv8u_fnsv",":created_at":"2026-05-01T16:08:20.998Z",":updated_at":"2026-05-01T16:08:25.342Z",":@computed_region_jwn9_ihcz":"71",":@computed_region_qgnn_b9vv":"9",":@computed_region_26cr_cadq":"8",":@computed_region_ajp5_b2md":"41",":@computed_region_bz92_g22m":null}},
{"type":"Feature","geometry":{"type":"Point","coordinates":[-122.470368145,37.717702347]},"properties":{"name":"Merced Heights Playground - Drinking Fountain","uid":"8336123889083108361","resource_type":"drinking_water","water_fountain":"1","bottle_filler":"1","jug_filler":"0","dog_fountain":"0","latitude":"37.71770235","longitude":"-122.47036815","address":"801 Shields St","city":"San Francisco","state":"CA","zip_code":"94132","park":"Merced Heights Playground","access":"publicly_accessible","public_access_hours_open":"08:00:00","public_access_hours_close":"20:00:00","public_access_days":"Daily","notes":null,"source":"rec","supervisor_district":"11","analysis_neighborhood":"Oceanview/Merced/Ingleside","data_as_of":"2026-03-13T15:47:39.000","data_loaded_at":"2026-05-01T09:08:14.258",":id":"row-f7k2_bstu~tgcc",":version":"rv-vtbf-qc53~96jj",":created_at":"2026-05-01T16:08:20.998Z",":updated_at":"2026-05-01T16:08:25.342Z",":@computed_region_jwn9_ihcz":"65",":@computed_region_qgnn_b9vv":"10",":@computed_region_26cr_cadq":"1",":@computed_region_ajp5_b2md":"24",":@computed_region_bz92_g22m":"138"}},
{"type":"Feature","geometry":{"type":"Point","coordinates":[-122.486915786,37.757126965]},"properties":{"name":"Sunset Rec Center - Drinking Fountain/Cooler","uid":"7470257632226086502","resource_type":"drinking_water","water_fountain":"1","bottle_filler":"0","jug_filler":"0","dog_fountain":"0","latitude":"37.75712697","longitude":"-122.48691579000001","address":"2201 Lawton St","city":"San Francisco","state":"CA","zip_code":"94122","park":"Sunset Rec Center","access":"publicly_accessible","public_access_hours_open":"08:00:00","public_access_hours_close":"20:00:00","public_access_days":"Daily","notes":null,"source":"rec","supervisor_district":"4","analysis_neighborhood":"Sunset/Parkside","data_as_of":"2026-03-10T15:25:27.000","data_loaded_at":"2026-05-01T09:08:14.258",":id":"row-ez43~awic_4gk5",":version":"rv-s4dg-9cbk.sfmp",":created_at":"2026-05-01T16:08:20.998Z",":updated_at":"2026-05-01T16:08:25.342Z",":@computed_region_jwn9_ihcz":"39",":@computed_region_qgnn_b9vv":"10",":@computed_region_26cr_cadq":"7",":@computed_region_ajp5_b2md":"35",":@computed_region_bz92_g22m":"105"}},
{"type":"Feature","geometry":{"type":"Point","coordinates":[-122.40706236,37.793623924]},"properties":{"name":"Willie Woo Woo Wong Playground - Drinking Fountain/Cooler","uid":"4719512120181333693","resource_type":"drinking_water","water_fountain":"1","bottle_filler":"0","jug_filler":"0","dog_fountain":"0","latitude":"37.793623919999995","longitude":"-122.40706236","address":"850 Sacramento St","city":"San Francisco","state":"CA","zip_code":"94108","park":"Willie Woo Woo Wong Playground","access":"publicly_accessible","public_access_hours_open":"08:00:00","public_access_hours_close":"20:00:00","public_access_days":"Daily","notes":null,"source":"rec","supervisor_district":"3","analysis_neighborhood":"Chinatown","data_as_of":"2026-03-10T15:25:27.000","data_loaded_at":"2026-05-01T09:08:14.258",":id":"row-apan-qukr.u6x6",":version":"rv-9ma9~3xmr~yga8",":created_at":"2026-05-01T16:08:20.998Z",":updated_at":"2026-05-01T16:08:25.342Z",":@computed_region_jwn9_ihcz":"104",":@computed_region_qgnn_b9vv":"6",":@computed_region_26cr_cadq":"3",":@computed_region_ajp5_b2md":"6",":@computed_region_bz92_g22m":"92"}},
{"type":"Feature","geometry":{"type":"Point","coordinates":[-122.427105765,37.759471697]},"properties":{"name":"Mission Dolores Park - Drinking Fountain/Cooler","uid":"3577872362230082096","resource_type":"drinking_water","water_fountain":"1","bottle_filler":"0","jug_filler":"0","dog_fountain":"0","latitude":"37.7594717","longitude":"-122.42710577","address":"646 Dolores St","city":"San Francisco","state":"CA","zip_code":"94114","park":"Mission Dolores Park","access":"publicly_accessible","public_access_hours_open":"08:00:00","public_access_hours_close":"20:00:00","public_access_days":"Daily","notes":null,"source":"rec","supervisor_district":"8","analysis_neighborhood":"Castro/Upper Market","data_as_of":"2026-03-10T15:25:27.000","data_loaded_at":"2026-05-01T09:08:14.258",":id":"row-927w~d9qh.x4xs",":version":"rv-7pmf~wbip-my4u",":created_at":"2026-05-01T16:08:20.998Z",":updated_at":"2026-05-01T16:08:25.342Z",":@computed_region_jwn9_ihcz":"37",":@computed_region_qgnn_b9vv":"3",":@computed_region_26cr_cadq":"5",":@computed_region_ajp5_b2md":"5",":@computed_region_bz92_g22m":"213"}},
{"type":"Feature","geometry":{"type":"Point","coordinates":[-122.389769,37.776548]},"properties":{"name":"China Basin Park Water Fountain #1","uid":"676616995420367919","resource_type":"drinking_water","water_fountain":"1","bottle_filler":"1","jug_filler":"0","dog_fountain":"0","latitude":"37.776548","longitude":"-122.389769","address":"1 China Basin Park","city":"San Francisco","state":"CA","zip_code":"94107","park":null,"access":"publicly_accessible","public_access_hours_open":null,"public_access_hours_close":null,"public_access_days":"Daily","notes":"By the bridge","source":"port","supervisor_district":"6","analysis_neighborhood":"Mission Bay","data_as_of":"2024-10-04T13:51:23.000","data_loaded_at":"2026-05-01T09:08:14.258",":id":"row-zkuz~d5z4_y93r",":version":"rv-ys2f-fyze.84iw",":created_at":"2026-05-01T16:08:20.998Z",":updated_at":"2026-05-01T16:08:25.342Z",":@computed_region_jwn9_ihcz":"34",":@computed_region_qgnn_b9vv":"1",":@computed_region_26cr_cadq":"10",":@computed_region_ajp5_b2md":"4",":@computed_region_bz92_g22m":null}},
{"type":"Feature","geometry":{"type":"Point","coordinates":[-122.405384651,37.795084529]},"properties":{"name":"Portsmouth Square - Drinking Fountain/Cooler","uid":"4984182183816938138","resource_type":"drinking_water","water_fountain":"1","bottle_filler":"0","jug_filler":"0","dog_fountain":"0","latitude":"37.795084530000004","longitude":"-122.40538465","address":"745 Kearny St","city":"San Francisco","state":"CA","zip_code":"94108","park":"Portsmouth Square","access":"publicly_accessible","public_access_hours_open":"08:00:00","public_access_hours_close":"20:00:00","public_access_days":"Daily","notes":null,"source":"rec","supervisor_district":"3","analysis_neighborhood":"Chinatown","data_as_of":"2026-03-10T15:25:27.000","data_loaded_at":"2026-05-01T09:08:14.258",":id":"row-sy95.8pf3_qisp",":version":"rv-fhei~kftm-pceq",":created_at":"2026-05-01T16:08:20.998Z",":updated_at":"2026-05-01T16:08:25.342Z",":@computed_region_jwn9_ihcz":"104",":@computed_region_qgnn_b9vv":"6",":@computed_region_26cr_cadq":"3",":@computed_region_ajp5_b2md":"6",":@computed_region_bz92_g22m":"127"}},
{"type":"Feature","geometry":{"type":"Point","coordinates":[-122.410435617,37.795835696]},"properties":{"name":"Woh Hei Yuen Playground - Drinking Fountain/Cooler","uid":"2747594747649710730","resource_type":"drinking_water","water_fountain":"1","bottle_filler":"0","jug_filler":"0","dog_fountain":"0","latitude":"37.7958357","longitude":"-122.41043562","address":"922 Jackson St","city":"San Francisco","state":"CA","zip_code":"94133","park":"Woh Hei Yuen Playground","access":"publicly_accessible","public_access_hours_open":"08:00:00","public_access_hours_close":"20:00:00","public_access_days":"Daily","notes":null,"source":"rec","supervisor_district":"3","analysis_neighborhood":"Chinatown","data_as_of":"2026-03-20T14:12:27.000","data_loaded_at":"2026-05-01T09:08:14.258",":id":"row-9tsc~swki.gfrq",":version":"rv-grup_kzya.ques",":created_at":"2026-05-01T16:08:20.998Z",":updated_at":"2026-05-01T16:08:25.342Z",":@computed_region_jwn9_ihcz":"16",":@computed_region_qgnn_b9vv":"6",":@computed_region_26cr_cadq":"3",":@computed_region_ajp5_b2md":"6",":@computed_region_bz92_g22m":"91"}},
{"type":"Feature","geometry":{"type":"Point","coordinates":[-122.413256427,37.746860454]},"properties":{"name":"Precita Park - Drinking Fountain/Cooler","uid":"5177847223855817480","resource_type":"drinking_water","water_fountain":"1","bottle_filler":"0","jug_filler":"0","dog_fountain":"0","latitude":"37.74686045","longitude":"-122.41325643","address":"3200 Folsom St","city":"San Francisco","state":"CA","zip_code":"94110","park":"Precita Park","access":"publicly_accessible","public_access_hours_open":"08:00:00","public_access_hours_close":"20:00:00","public_access_days":"Daily","notes":null,"source":"rec","supervisor_district":"9","analysis_neighborhood":"Bernal Heights","data_as_of":"2026-03-10T15:25:27.000","data_loaded_at":"2026-05-01T09:08:14.258",":id":"row-nmxg~8hfr-gqbv",":version":"rv-5ina~4xh8~wmmz",":created_at":"2026-05-01T16:08:20.998Z",":updated_at":"2026-05-01T16:08:25.342Z",":@computed_region_jwn9_ihcz":"83",":@computed_region_qgnn_b9vv":"9",":@computed_region_26cr_cadq":"2",":@computed_region_ajp5_b2md":"2",":@computed_region_bz92_g22m":"6"}},
{"type":"Feature","geometry":{"type":"Point","coordinates":[-122.435090242,37.750228042]},"properties":{"name":"Noe Valley Branch Library","uid":"5439257887640776803","resource_type":"drinking_water","water_fountain":"1","bottle_filler":"0","jug_filler":"0","dog_fountain":"0","latitude":"37.75022804200006","longitude":"-122.43509024199994","address":"451 JERSEY ST","city":"San Francisco","state":"CA","zip_code":"94114","park":null,"access":"limited_access","public_access_hours_open":null,"public_access_hours_close":null,"public_access_days":"Daily","notes":"opening_hours = [\"Sunday:13:00-17:00\",\"Monday:12:00-18:00\",\"Tuesday:10:00-20:00\",\"Wednesday:12:00-20:00\",\"Thursday:10:00-18:00\",\"Friday:13:00-18:00\",\"Saturday:10:00-18:00\",\"Total Weekly Hours:49\"]","source":"library","supervisor_district":"8","analysis_neighborhood":"Noe Valley","data_as_of":"2026-03-25T15:20:00.000","data_loaded_at":"2026-05-01T09:08:14.258",":id":"row-cteq~7gza.4qvf",":version":"rv-baft-kv4p_82b6",":created_at":"2026-05-01T16:08:20.998Z",":updated_at":"2026-05-01T16:08:25.342Z",":@computed_region_jwn9_ihcz":"84",":@computed_region_qgnn_b9vv":"3",":@computed_region_26cr_cadq":"5",":@computed_region_ajp5_b2md":"22",":@computed_region_bz92_g22m":null}},
{"type":"Feature","geometry":{"type":"Point","coordinates":[-122.40301406,37.73258266]},"properties":{"name":"Silver Terrace Playground - Bottle filler","uid":"3949186364716070766","resource_type":"drinking_water","water_fountain":"1","bottle_filler":"1","jug_filler":"0","dog_fountain":"0","latitude":"37.73258266","longitude":"-122.40301406","address":"1700 Silver Ave","city":"San Francisco","state":"CA","zip_code":"94124","park":"Silver Terrace Playground","access":"publicly_accessible","public_access_hours_open":"08:00:00","public_access_hours_close":"20:00:00","public_access_days":"Daily","notes":null,"source":"rec","supervisor_district":"10","analysis_neighborhood":"Bayview Hunters Point","data_as_of":"2026-03-13T09:27:00.000","data_loaded_at":"2026-05-01T09:08:14.258",":id":"row-cccz.xh4t-5q74",":version":"rv-vziu-r2zz.3ayb",":created_at":"2026-05-01T16:08:20.998Z",":updated_at":"2026-05-01T16:08:25.342Z",":@computed_region_jwn9_ihcz":"87",":@computed_region_qgnn_b9vv":"2",":@computed_region_26cr_cadq":"9",":@computed_region_ajp5_b2md":"1",":@computed_region_bz92_g22m":"111"}},
{"type":"Feature","geometry":{"type":"Point","coordinates":[-122.42756989,37.76084194]},"properties":{"name":"Mission Dolores Park - Drinking Fountain/Cooler","uid":"3178659907447561992","resource_type":"drinking_water","water_fountain":"1","bottle_filler":"0","jug_filler":"0","dog_fountain":"0","latitude":"37.760841940000006","longitude":"-122.42756989","address":"646 Dolores St","city":"San Francisco","state":"CA","zip_code":"94114","park":"Mission Dolores Park","access":"publicly_accessible","public_access_hours_open":"08:00:00","public_access_hours_close":"20:00:00","public_access_days":"Daily","notes":null,"source":"rec","supervisor_district":"8","analysis_neighborhood":"Castro/Upper Market","data_as_of":"2026-03-10T15:25:27.000","data_loaded_at":"2026-05-01T09:08:14.258",":id":"row-6v8g~6dzd-zqm2",":version":"rv-2krc-fm5w.2drk",":created_at":"2026-05-01T16:08:20.998Z",":updated_at":"2026-05-01T16:08:25.342Z",":@computed_region_jwn9_ihcz":"37",":@computed_region_qgnn_b9vv":"3",":@computed_region_26cr_cadq":"5",":@computed_region_ajp5_b2md":"5",":@computed_region_bz92_g22m":"213"}},
{"type":"Feature","geometry":{"type":"Point","coordinates":[-122.446785646,37.70975597]},"properties":{"name":"Alice Chalmers Playground - Drinking Fountain","uid":"4622176902832824933","resource_type":"drinking_water","water_fountain":"1","bottle_filler":"0","jug_filler":"0","dog_fountain":"0","latitude":"37.709755969999996","longitude":"-122.44678565000001","address":"670 Brunswick St","city":"San Francisco","state":"CA","zip_code":"94112","park":"Alice Chalmers Playground","access":"publicly_accessible","public_access_hours_open":"08:00:00","public_access_hours_close":"20:00:00","public_access_days":"Daily","notes":null,"source":"rec","supervisor_district":"11","analysis_neighborhood":"Excelsior","data_as_of":"2026-03-10T15:25:27.000","data_loaded_at":"2026-05-01T09:08:14.258",":id":"row-qg6d~bnj3-jwfv",":version":"rv-shwr.csiz.scs3",":created_at":"2026-05-01T16:08:20.998Z",":updated_at":"2026-05-01T16:08:25.342Z",":@computed_region_jwn9_ihcz":"58",":@computed_region_qgnn_b9vv":"9",":@computed_region_26cr_cadq":"1",":@computed_region_ajp5_b2md":"7",":@computed_region_bz92_g22m":"68"}},
{"type":"Feature","geometry":{"type":"Point","coordinates":[-122.416993634,37.801178528]},"properties":{"name":"Michelangelo Playground - Drinking Fountain/Cooler","uid":"2608349350084867732","resource_type":"drinking_water","water_fountain":"1","bottle_filler":"0","jug_filler":"0","dog_fountain":"0","latitude":"37.80117853","longitude":"-122.41699363","address":"1055 Greenwich St","city":"San Francisco","state":"CA","zip_code":"94133","park":"Michelangelo Playground","access":"publicly_accessible","public_access_hours_open":"08:00:00","public_access_hours_close":"20:00:00","public_access_days":"Daily","notes":null,"source":"rec","supervisor_district":"3","analysis_neighborhood":"Russian Hill","data_as_of":"2026-03-10T15:25:27.000","data_loaded_at":"2026-05-01T09:08:14.258",":id":"row-e278_mq7b.bft2",":version":"rv-wi3h~kcyv~tkju",":created_at":"2026-05-01T16:08:20.998Z",":updated_at":"2026-05-01T16:08:25.342Z",":@computed_region_jwn9_ihcz":"107",":@computed_region_qgnn_b9vv":"6",":@computed_region_26cr_cadq":"6",":@computed_region_ajp5_b2md":"32",":@computed_region_bz92_g22m":"137"}},
{"type":"Feature","geometry":{"type":"Point","coordinates":[-119.853595573,37.882567189]},"properties":{"name":"Camp Mather - Horseshoe pits spigot","uid":"3541079403874979134","resource_type":"drinking_water","water_fountain":"1","bottle_filler":"0","jug_filler":"0","dog_fountain":"0","latitude":"37.88256719","longitude":"-119.85359557","address":"32560 Mather Road","city":"San Francisco","state":"CA","zip_code":"95321","park":"Camp Mather","access":"publicly_accessible","public_access_hours_open":"08:00:00","public_access_hours_close":"20:00:00","public_access_days":"Daily","notes":null,"source":"rec","supervisor_district":null,"analysis_neighborhood":null,"data_as_of":"2026-03-10T15:25:27.000","data_loaded_at":"2026-05-01T09:08:14.258",":id":"row-352m_d2gd_npuy",":version":"rv-2ijr.s8si.xcmd",":created_at":"2026-05-01T16:08:20.998Z",":updated_at":"2026-05-01T16:08:25.342Z",":@computed_region_jwn9_ihcz":null,":@computed_region_qgnn_b9vv":null,":@computed_region_26cr_cadq":null,":@computed_region_ajp5_b2md":null,":@computed_region_bz92_g22m":"50"}},
{"type":"Feature","geometry":{"type":"Point","coordinates":[-119.85403669,37.880632743]},"properties":{"name":"Camp Mather - Spigot","uid":"2416660450909964483","resource_type":"drinking_water","water_fountain":"1","bottle_filler":"0","jug_filler":"0","dog_fountain":"0","latitude":"37.88063274","longitude":"-119.85403669","address":"32560 Mather Road","city":"San Francisco","state":"CA","zip_code":"95321","park":"Camp Mather","access":"publicly_accessible","public_access_hours_open":"08:00:00","public_access_hours_close":"20:00:00","public_access_days":"Daily","notes":null,"source":"rec","supervisor_district":null,"analysis_neighborhood":null,"data_as_of":"2026-03-10T15:25:27.000","data_loaded_at":"2026-05-01T09:08:14.258",":id":"row-k6aa_ukgr.phse",":version":"rv-wu3x-38g4-7qdw",":created_at":"2026-05-01T16:08:20.998Z",":updated_at":"2026-05-01T16:08:25.342Z",":@computed_region_jwn9_ihcz":null,":@computed_region_qgnn_b9vv":null,":@computed_region_26cr_cadq":null,":@computed_region_ajp5_b2md":null,":@computed_region_bz92_g22m":"50"}},
{"type":"Feature","geometry":{"type":"Point","coordinates":[-122.49897683,37.770745487]},"properties":{"name":"Golden Gate Park - Section 5 - GGP 5 Dog Play Area Drinking Fountain","uid":"4727257813781792317","resource_type":"drinking_water","water_fountain":"1","bottle_filler":"0","jug_filler":"0","dog_fountain":"0","latitude":"37.770745489999996","longitude":"-122.49897683","address":"501 Stanyan St","city":"San Francisco","state":"CA","zip_code":"94122","park":"Golden Gate Park - Section 5","access":"publicly_accessible","public_access_hours_open":"08:00:00","public_access_hours_close":"20:00:00","public_access_days":"Daily","notes":null,"source":"rec","supervisor_district":"1","analysis_neighborhood":"Golden Gate Park","data_as_of":"2026-03-10T15:25:27.000","data_loaded_at":"2026-05-01T09:08:14.258",":id":"row-pg66-c3t6-w4kt",":version":"rv-5ijj~7vt3-2hsw",":created_at":"2026-05-01T16:08:20.998Z",":updated_at":"2026-05-01T16:08:25.342Z",":@computed_region_jwn9_ihcz":"9",":@computed_region_qgnn_b9vv":"8",":@computed_region_26cr_cadq":"4",":@computed_region_ajp5_b2md":"12",":@computed_region_bz92_g22m":"233"}},
{"type":"Feature","geometry":{"type":"Point","coordinates":[-122.38366,37.73328]},"properties":{"name":"Hilltop Park","uid":"5266853380894405697","resource_type":"drinking_water","water_fountain":"0","bottle_filler":"1","jug_filler":"1","dog_fountain":"0","latitude":"37.73328","longitude":"-122.38366","address":"45 Progress St","city":"San Francisco","state":"CA","zip_code":"94124","park":null,"access":"publicly_accessible","public_access_hours_open":null,"public_access_hours_close":null,"public_access_days":"Daily","notes":null,"source":"puc","supervisor_district":"10","analysis_neighborhood":"Bayview Hunters Point","data_as_of":"2024-06-27T13:43:12.000","data_loaded_at":"2026-05-01T09:08:14.258",":id":"row-x9t5-9f3n.qfxs",":version":"rv-3ngw-6hms~gtks",":created_at":"2026-05-01T16:08:20.998Z",":updated_at":"2026-05-01T16:08:25.342Z",":@computed_region_jwn9_ihcz":"86",":@computed_region_qgnn_b9vv":"2",":@computed_region_26cr_cadq":"9",":@computed_region_ajp5_b2md":"1",":@computed_region_bz92_g22m":null}},
{"type":"Feature","geometry":{"type":"Point","coordinates":[-122.383777258,37.730838793]},"properties":{"name":"Adam Rodgers Park - Drinking fountain","uid":"6195742171510388323","resource_type":"drinking_water","water_fountain":"1","bottle_filler":"0","jug_filler":"0","dog_fountain":"0","latitude":"37.73083879","longitude":"-122.38377726","address":"1215 Quesada Ave","city":"San Francisco","state":"CA","zip_code":"94124","park":"Adam Rodgers Park","access":"publicly_accessible","public_access_hours_open":"08:00:00","public_access_hours_close":"20:00:00","public_access_days":"Daily","notes":null,"source":"rec","supervisor_district":"10","analysis_neighborhood":"Bayview Hunters Point","data_as_of":"2026-03-10T15:25:27.000","data_loaded_at":"2026-05-01T09:08:14.258",":id":"row-prwh_4y92~qt2k",":version":"rv-izfe_424c.392v",":created_at":"2026-05-01T16:08:20.998Z",":updated_at":"2026-05-01T16:08:25.342Z",":@computed_region_jwn9_ihcz":"86",":@computed_region_qgnn_b9vv":"2",":@computed_region_26cr_cadq":"9",":@computed_region_ajp5_b2md":"1",":@computed_region_bz92_g22m":"146"}},
{"type":"Feature","geometry":{"type":"Point","coordinates":[-122.465189774,37.75154545]},"properties":{"name":"J.P. Murphy Playground - Drinking Fountain/Cooler","uid":"8972167931162373613","resource_type":"drinking_water","water_fountain":"1","bottle_filler":"0","jug_filler":"0","dog_fountain":"0","latitude":"37.75154545","longitude":"-122.46518977000001","address":"1960 9th Ave","city":"San Francisco","state":"CA","zip_code":"94116","park":"J.P. Murphy Playground","access":"publicly_accessible","public_access_hours_open":"08:00:00","public_access_hours_close":"20:00:00","public_access_days":"Daily","notes":null,"source":"rec","supervisor_district":"7","analysis_neighborhood":"Inner Sunset","data_as_of":"2026-03-10T15:25:27.000","data_loaded_at":"2026-05-01T09:08:14.258",":id":"row-gym9_gv4z_zw9i",":version":"rv-dtkq-q8g6-rgnb",":created_at":"2026-05-01T16:08:20.998Z",":updated_at":"2026-05-01T16:08:25.342Z",":@computed_region_jwn9_ihcz":"45",":@computed_region_qgnn_b9vv":"10",":@computed_region_26cr_cadq":"8",":@computed_region_ajp5_b2md":"14",":@computed_region_bz92_g22m":"178"}},
{"type":"Feature","geometry":{"type":"Point","coordinates":[-122.415946183,37.782668669]},"properties":{"name":"Turk & Hyde Mini Park - Drinking Fountain/Cooler","uid":"1366325257993660288","resource_type":"drinking_water","water_fountain":"1","bottle_filler":"1","jug_filler":"0","dog_fountain":"0","latitude":"37.78266867","longitude":"-122.41594617999999","address":"201 Hyde St","city":"San Francisco","state":"CA","zip_code":"94102","park":"Turk & Hyde Mini Park","access":"publicly_accessible","public_access_hours_open":"08:00:00","public_access_hours_close":"20:00:00","public_access_days":"Daily","notes":null,"source":"rec","supervisor_district":"5","analysis_neighborhood":"Tenderloin","data_as_of":"2026-03-17T14:46:18.000","data_loaded_at":"2026-05-01T09:08:14.258",":id":"row-y4px-72fd~pyit",":version":"rv-pqpf.s39b.9f85",":created_at":"2026-05-01T16:08:20.998Z",":updated_at":"2026-05-01T16:08:25.342Z",":@computed_region_jwn9_ihcz":"20",":@computed_region_qgnn_b9vv":"5",":@computed_region_26cr_cadq":"10",":@computed_region_ajp5_b2md":"36",":@computed_region_bz92_g22m":"101"}},
{"type":"Feature","geometry":{"type":"Point","coordinates":[-122.457048455,37.768453871]},"properties":{"name":"Golden Gate Park - Section 7 - Drinking Fountain","uid":"5125069681554452458","resource_type":"drinking_water","water_fountain":"1","bottle_filler":"0","jug_filler":"0","dog_fountain":"0","latitude":"37.76845387","longitude":"-122.45704844999999","address":"Golden Gate Park","city":"San Francisco","state":"CA","zip_code":"94122","park":"Golden Gate Park - Section 7","access":"publicly_accessible","public_access_hours_open":"08:00:00","public_access_hours_close":"20:00:00","public_access_days":"Daily","notes":null,"source":"rec","supervisor_district":"7","analysis_neighborhood":"Golden Gate Park","data_as_of":"2026-03-10T15:25:27.000","data_loaded_at":"2026-05-01T09:08:14.258",":id":"row-mj2z_tnux~2hc5",":version":"rv-9yai_yxc4_e5xf",":created_at":"2026-05-01T16:08:20.998Z",":updated_at":"2026-05-01T16:08:25.342Z",":@computed_region_jwn9_ihcz":"9",":@computed_region_qgnn_b9vv":"7",":@computed_region_26cr_cadq":"11",":@computed_region_ajp5_b2md":"12",":@computed_region_bz92_g22m":"228"}},
{"type":"Feature","geometry":{"type":"Point","coordinates":[-122.38634,37.74671]},"properties":{"name":"Bayview Gateway Park","uid":"6601007062272325826","resource_type":"drinking_water","water_fountain":"1","bottle_filler":"1","jug_filler":"0","dog_fountain":"0","latitude":"37.74671","longitude":"-122.38634","address":"3rd & Cargo Way","city":"San Francisco","state":"CA","zip_code":"94124","park":null,"access":"publicly_accessible","public_access_hours_open":null,"public_access_hours_close":null,"public_access_days":"Daily","notes":"Near benches","source":"port","supervisor_district":"10","analysis_neighborhood":"Bayview Hunters Point","data_as_of":"2024-10-04T13:51:23.000","data_loaded_at":"2026-05-01T09:08:14.258",":id":"row-uugu~9yz8.ty78",":version":"rv-mpn6-5yev.niwd",":created_at":"2026-05-01T16:08:20.998Z",":updated_at":"2026-05-01T16:08:25.342Z",":@computed_region_jwn9_ihcz":"56",":@computed_region_qgnn_b9vv":"2",":@computed_region_26cr_cadq":"9",":@computed_region_ajp5_b2md":"1",":@computed_region_bz92_g22m":null}},
{"type":"Feature","geometry":{"type":"Point","coordinates":[-122.409104268,37.764807222]},"properties":{"name":"Franklin Square - Drinking Fountain/Cooler","uid":"2475771779590483117","resource_type":"drinking_water","water_fountain":"1","bottle_filler":"1","jug_filler":"0","dog_fountain":"0","latitude":"37.76480722","longitude":"-122.40910427","address":"2500 17th St","city":"San Francisco","state":"CA","zip_code":"94110","park":"Franklin Square","access":"publicly_accessible","public_access_hours_open":"08:00:00","public_access_hours_close":"20:00:00","public_access_days":"Daily","notes":null,"source":"rec","supervisor_district":"9","analysis_neighborhood":"Mission","data_as_of":"2026-03-10T15:25:27.000","data_loaded_at":"2026-05-01T09:08:14.258",":id":"row-xmtm.trmt~36pp",":version":"rv-4m45-rbcc.8d6w",":created_at":"2026-05-01T16:08:20.998Z",":updated_at":"2026-05-01T16:08:25.342Z",":@computed_region_jwn9_ihcz":"53",":@computed_region_qgnn_b9vv":"3",":@computed_region_26cr_cadq":"9",":@computed_region_ajp5_b2md":"20",":@computed_region_bz92_g22m":"164"}},
{"type":"Feature","geometry":{"type":"Point","coordinates":[-122.508008204,37.767355406]},"properties":{"name":"Golden Gate Park - Section 6 - Drinking Fountain/Cooler","uid":"628197441678563301","resource_type":"drinking_water","water_fountain":"1","bottle_filler":"1","jug_filler":"0","dog_fountain":"0","latitude":"37.76735541","longitude":"-122.50800819999999","address":"501 Stanyan St","city":"San Francisco","state":"CA","zip_code":"94121","park":"Golden Gate Park - Section 6","access":"publicly_accessible","public_access_hours_open":"08:00:00","public_access_hours_close":"20:00:00","public_access_days":"Daily","notes":null,"source":"rec","supervisor_district":"4","analysis_neighborhood":"Golden Gate Park","data_as_of":"2026-03-10T15:25:27.000","data_loaded_at":"2026-05-01T09:08:14.258",":id":"row-2v9v-6huv.2q8g",":version":"rv-8d6z.hddr_vriu",":created_at":"2026-05-01T16:08:20.998Z",":updated_at":"2026-05-01T16:08:25.342Z",":@computed_region_jwn9_ihcz":"9",":@computed_region_qgnn_b9vv":"8",":@computed_region_26cr_cadq":"4",":@computed_region_ajp5_b2md":"12",":@computed_region_bz92_g22m":"234"}},
{"type":"Feature","geometry":{"type":"Point","coordinates":[-119.850813964,37.880799395]},"properties":{"name":"Camp Mather - Upper Shang spigot","uid":"7580789092189432981","resource_type":"drinking_water","water_fountain":"1","bottle_filler":"0","jug_filler":"0","dog_fountain":"0","latitude":"37.8807994","longitude":"-119.85081396000001","address":"32560 Mather Road","city":"San Francisco","state":"CA","zip_code":"95321","park":"Camp Mather","access":"publicly_accessible","public_access_hours_open":"08:00:00","public_access_hours_close":"20:00:00","public_access_days":"Daily","notes":null,"source":"rec","supervisor_district":null,"analysis_neighborhood":null,"data_as_of":"2026-03-10T15:25:27.000","data_loaded_at":"2026-05-01T09:08:14.258",":id":"row-aumj_r2px~5uk9",":version":"rv-9dqp.zwm5_ybpa",":created_at":"2026-05-01T16:08:20.998Z",":updated_at":"2026-05-01T16:08:25.342Z",":@computed_region_jwn9_ihcz":null,":@computed_region_qgnn_b9vv":null,":@computed_region_26cr_cadq":null,":@computed_region_ajp5_b2md":null,":@computed_region_bz92_g22m":"50"}},
{"type":"Feature","geometry":{"type":"Point","coordinates":[-122.499018599,37.770941176]},"properties":{"name":"Golden Gate Park - Section 5 - GGP 5 Dog Play Area Drinking Fountain","uid":"4701107503169569753","resource_type":"drinking_water","water_fountain":"1","bottle_filler":"1","jug_filler":"0","dog_fountain":"0","latitude":"37.770941179999994","longitude":"-122.4990186","address":"501 Stanyan St","city":"San Francisco","state":"CA","zip_code":"94122","park":"Golden Gate Park - Section 5","access":"publicly_accessible","public_access_hours_open":"08:00:00","public_access_hours_close":"20:00:00","public_access_days":"Daily","notes":null,"source":"rec","supervisor_district":"1","analysis_neighborhood":"Golden Gate Park","data_as_of":"2026-03-10T15:25:27.000","data_loaded_at":"2026-05-01T09:08:14.258",":id":"row-8sy3.4enq~b3fa",":version":"rv-ijsg.yiwi-bya5",":created_at":"2026-05-01T16:08:20.998Z",":updated_at":"2026-05-01T16:08:25.342Z",":@computed_region_jwn9_ihcz":"9",":@computed_region_qgnn_b9vv":"8",":@computed_region_26cr_cadq":"4",":@computed_region_ajp5_b2md":"12",":@computed_region_bz92_g22m":"233"}},
{"type":"Feature","geometry":{"type":"Point","coordinates":[-122.420647751,37.722096079]},"properties":{"name":"John McLaren Park - McLaren Redwood Grove Drinking Fountain","uid":"5749129038882289982","resource_type":"drinking_water","water_fountain":"1","bottle_filler":"1","jug_filler":"0","dog_fountain":"0","latitude":"37.72209608","longitude":"-122.42064774999999","address":"100 John F Shelley Dr","city":"San Francisco","state":"CA","zip_code":"94134","park":"John McLaren Park","access":"publicly_accessible","public_access_hours_open":"08:00:00","public_access_hours_close":"20:00:00","public_access_days":"Daily","notes":null,"source":"rec","supervisor_district":"9","analysis_neighborhood":"McLaren Park","data_as_of":"2026-03-10T15:25:27.000","data_loaded_at":"2026-05-01T09:08:14.258",":id":"row-xayi.hnma-r6wj",":version":"rv-nw79-bgpn.fjjp",":created_at":"2026-05-01T16:08:20.998Z",":updated_at":"2026-05-01T16:08:25.342Z",":@computed_region_jwn9_ihcz":"73",":@computed_region_qgnn_b9vv":"9",":@computed_region_26cr_cadq":"2",":@computed_region_ajp5_b2md":"19",":@computed_region_bz92_g22m":"7"}},
{"type":"Feature","geometry":{"type":"Point","coordinates":[-122.495518301,37.770232465]},"properties":{"name":"Golden Gate Park - Section 5 - Drinking Fountain/Cooler","uid":"8101432552027504605","resource_type":"drinking_water","water_fountain":"1","bottle_filler":"0","jug_filler":"0","dog_fountain":"0","latitude":"37.77023246","longitude":"-122.4955183","address":"Golden Gate Park","city":"San Francisco","state":"CA","zip_code":"94122","park":"Golden Gate Park - Section 5","access":"publicly_accessible","public_access_hours_open":"08:00:00","public_access_hours_close":"20:00:00","public_access_days":"Daily","notes":null,"source":"rec","supervisor_district":"1","analysis_neighborhood":"Golden Gate Park","data_as_of":"2026-03-10T15:25:27.000","data_loaded_at":"2026-05-01T09:08:14.258",":id":"row-kks4_jcjd~pq53",":version":"rv-33qi-8828.tu2w",":created_at":"2026-05-01T16:08:20.998Z",":updated_at":"2026-05-01T16:08:25.342Z",":@computed_region_jwn9_ihcz":"9",":@computed_region_qgnn_b9vv":"8",":@computed_region_26cr_cadq":"4",":@computed_region_ajp5_b2md":"12",":@computed_region_bz92_g22m":"233"}},
{"type":"Feature","geometry":{"type":"Point","coordinates":[-122.44949347,37.739104593]},"properties":{"name":"Miraloma Playground - Drinking Fountain/Cooler","uid":"7354663311810959560","resource_type":"drinking_water","water_fountain":"1","bottle_filler":"0","jug_filler":"0","dog_fountain":"0","latitude":"37.739104590000004","longitude":"-122.44949347","address":"25 Omar Way","city":"San Francisco","state":"CA","zip_code":"94127","park":"Miraloma Playground","access":"publicly_accessible","public_access_hours_open":"08:00:00","public_access_hours_close":"20:00:00","public_access_days":"Daily","notes":null,"source":"rec","supervisor_district":"7","analysis_neighborhood":"West of Twin Peaks","data_as_of":"2026-03-10T15:25:27.000","data_loaded_at":"2026-05-01T09:08:14.258",":id":"row-wu3t~c722~emwy",":version":"rv-wd5y.xeep-tvcm",":created_at":"2026-05-01T16:08:20.998Z",":updated_at":"2026-05-01T16:08:25.342Z",":@computed_region_jwn9_ihcz":"72",":@computed_region_qgnn_b9vv":"9",":@computed_region_26cr_cadq":"8",":@computed_region_ajp5_b2md":"41",":@computed_region_bz92_g22m":"136"}},
{"type":"Feature","geometry":{"type":"Point","coordinates":[-122.423150713,37.71402187]},"properties":{"name":"John McLaren Park - Bike Park Bottle Filling station","uid":"5997395563337755675","resource_type":"drinking_water","water_fountain":"1","bottle_filler":"1","jug_filler":"0","dog_fountain":"0","latitude":"37.714021869999996","longitude":"-122.42315071","address":"100 John F Shelley Dr","city":"San Francisco","state":"CA","zip_code":"94134","park":"John McLaren Park","access":"publicly_accessible","public_access_hours_open":"08:00:00","public_access_hours_close":"20:00:00","public_access_days":"Daily","notes":null,"source":"rec","supervisor_district":"10","analysis_neighborhood":"McLaren Park","data_as_of":"2026-03-12T10:19:36.000","data_loaded_at":"2026-05-01T09:08:14.258",":id":"row-ze2u.5cez.9ind",":version":"rv-egyf-5zbi~5frz",":created_at":"2026-05-01T16:08:20.998Z",":updated_at":"2026-05-01T16:08:25.342Z",":@computed_region_jwn9_ihcz":"73",":@computed_region_qgnn_b9vv":"9",":@computed_region_26cr_cadq":"9",":@computed_region_ajp5_b2md":"19",":@computed_region_bz92_g22m":null}},
{"type":"Feature","geometry":{"type":"Point","coordinates":[-122.438197336,37.791240039]},"properties":{"name":"Alta Plaza Park - Drinking Fountain/Cooler","uid":"3702859510335813216","resource_type":"drinking_water","water_fountain":"1","bottle_filler":"0","jug_filler":"0","dog_fountain":"0","latitude":"37.791240040000005","longitude":"-122.43819734","address":"2501 Jackson St","city":"San Francisco","state":"CA","zip_code":"94115","park":"Alta Plaza Park","access":"publicly_accessible","public_access_hours_open":"08:00:00","public_access_hours_close":"20:00:00","public_access_days":"Daily","notes":null,"source":"rec","supervisor_district":"2","analysis_neighborhood":"Pacific Heights","data_as_of":"2026-03-10T15:25:27.000","data_loaded_at":"2026-05-01T09:08:14.258",":id":"row-kba4_aeiz~pwfm",":version":"rv-rp33_9ehd~aakg",":created_at":"2026-05-01T16:08:20.998Z",":updated_at":"2026-05-01T16:08:25.342Z",":@computed_region_jwn9_ihcz":"102",":@computed_region_qgnn_b9vv":"4",":@computed_region_26cr_cadq":"6",":@computed_region_ajp5_b2md":"30",":@computed_region_bz92_g22m":"149"}},
{"type":"Feature","geometry":{"type":"Point","coordinates":[-122.406361724,37.727114209]},"properties":{"name":"Portola Library","uid":"7171405751874216522","resource_type":"drinking_water","water_fountain":"1","bottle_filler":"0","jug_filler":"0","dog_fountain":"0","latitude":"37.727114209000035","longitude":"-122.40636172399996","address":"380 BACON ST","city":"San Francisco","state":"CA","zip_code":"94112","park":null,"access":"limited_access","public_access_hours_open":null,"public_access_hours_close":null,"public_access_days":"Daily","notes":"opening_hours = [\"Sunday:13:00-17:00\",\"Monday:10:00-18:00\",\"Tuesday:10:00-18:00\",\"Wednesday:12:00-20:00\",\"Thursday:10:00-19:00\",\"Friday:13:00-18:00\",\"Saturday:10:00-18:00\",\"Total Weekly Hours:50\"]","source":"library","supervisor_district":"9","analysis_neighborhood":"Portola","data_as_of":"2026-03-25T15:20:00.000","data_loaded_at":"2026-05-01T09:08:14.258",":id":"row-sqzt.vtjp~27vw",":version":"rv-d4tj_dq7q~kbpr",":created_at":"2026-05-01T16:08:20.998Z",":updated_at":"2026-05-01T16:08:25.342Z",":@computed_region_jwn9_ihcz":"91",":@computed_region_qgnn_b9vv":"2",":@computed_region_26cr_cadq":"2",":@computed_region_ajp5_b2md":"25",":@computed_region_bz92_g22m":null}},
{"type":"Feature","geometry":{"type":"Point","coordinates":[-122.388254,37.765245]},"properties":{"name":"P24 - Mariposa Bay Park","uid":"368974553398901364","resource_type":"drinking_water","water_fountain":"1","bottle_filler":"1","jug_filler":"0","dog_fountain":"1","latitude":"37.765245","longitude":"-122.388254","address":"Illinois St, Mission Bay","city":"San Francisco","state":"CA","zip_code":"94158","park":null,"access":"publicly_accessible","public_access_hours_open":null,"public_access_hours_close":null,"public_access_days":"Daily","notes":null,"source":"port","supervisor_district":"6","analysis_neighborhood":"Potrero Hill","data_as_of":"2024-10-04T13:51:23.000","data_loaded_at":"2026-05-01T09:08:14.258",":id":"row-ax44-ji9q.qefy",":version":"rv-jtgj_9dqb-3wws",":created_at":"2026-05-01T16:08:20.998Z",":updated_at":"2026-05-01T16:08:25.342Z",":@computed_region_jwn9_ihcz":"34",":@computed_region_qgnn_b9vv":"1",":@computed_region_26cr_cadq":"10",":@computed_region_ajp5_b2md":"26",":@computed_region_bz92_g22m":null}},
{"type":"Feature","geometry":{"type":"Point","coordinates":[-122.412366,37.765617]},"properties":{"name":"SF SPCA","uid":"6928189952947179522","resource_type":"drinking_water","water_fountain":"0","bottle_filler":"1","jug_filler":"1","dog_fountain":"0","latitude":"37.765617","longitude":"-122.412366","address":"255 Alabama St","city":"San Francisco","state":"CA","zip_code":"94103","park":null,"access":"publicly_accessible","public_access_hours_open":null,"public_access_hours_close":null,"public_access_days":"Daily","notes":null,"source":"puc","supervisor_district":"9","analysis_neighborhood":"Mission","data_as_of":"2024-06-27T13:43:12.000","data_loaded_at":"2026-05-01T09:08:14.258",":id":"row-ssv3.xftk.bmkh",":version":"rv-2n5w-qdav.sqx8",":created_at":"2026-05-01T16:08:20.998Z",":updated_at":"2026-05-01T16:08:25.342Z",":@computed_region_jwn9_ihcz":"53",":@computed_region_qgnn_b9vv":"3",":@computed_region_26cr_cadq":"2",":@computed_region_ajp5_b2md":"20",":@computed_region_bz92_g22m":null}},
{"type":"Feature","geometry":{"type":"Point","coordinates":[-122.465057591,37.752094238]},"properties":{"name":"J.P. Murphy Playground - Drinking Fountain/Cooler","uid":"2433286473376299180","resource_type":"drinking_water","water_fountain":"1","bottle_filler":"0","jug_filler":"0","dog_fountain":"0","latitude":"37.752094240000005","longitude":"-122.46505759","address":"1960 9th Ave","city":"San Francisco","state":"CA","zip_code":"94116","park":"J.P. Murphy Playground","access":"publicly_accessible","public_access_hours_open":"08:00:00","public_access_hours_close":"20:00:00","public_access_days":"Daily","notes":null,"source":"rec","supervisor_district":"7","analysis_neighborhood":"Inner Sunset","data_as_of":"2026-03-10T15:25:27.000","data_loaded_at":"2026-05-01T09:08:14.258",":id":"row-2wtz~2e5c-3x84",":version":"rv-6i5r-77f3_7kfu",":created_at":"2026-05-01T16:08:20.998Z",":updated_at":"2026-05-01T16:08:25.342Z",":@computed_region_jwn9_ihcz":"45",":@computed_region_qgnn_b9vv":"10",":@computed_region_26cr_cadq":"8",":@computed_region_ajp5_b2md":"14",":@computed_region_bz92_g22m":"178"}},
{"type":"Feature","geometry":{"type":"Point","coordinates":[-122.470429057,37.786855058]},"properties":{"name":"Mountain Lake Park - Drinking Fountain/Cooler","uid":"2178033583573966877","resource_type":"drinking_water","water_fountain":"1","bottle_filler":"0","jug_filler":"0","dog_fountain":"0","latitude":"37.78685506","longitude":"-122.47042906","address":"1 11th Ave","city":"San Francisco","state":"CA","zip_code":"94118","park":"Mountain Lake Park","access":"publicly_accessible","public_access_hours_open":"08:00:00","public_access_hours_close":"20:00:00","public_access_days":"Daily","notes":null,"source":"rec","supervisor_district":"1","analysis_neighborhood":"Inner Richmond","data_as_of":"2026-03-10T15:25:27.000","data_loaded_at":"2026-05-01T09:08:14.258",":id":"row-86wk_rv76_mejp",":version":"rv-5rvp-hk87_5kav",":created_at":"2026-05-01T16:08:20.998Z",":updated_at":"2026-05-01T16:08:25.342Z",":@computed_region_jwn9_ihcz":"4",":@computed_region_qgnn_b9vv":null,":@computed_region_26cr_cadq":"6",":@computed_region_ajp5_b2md":"11",":@computed_region_bz92_g22m":"134"}},
{"type":"Feature","geometry":{"type":"Point","coordinates":[-122.417305897,37.77990307]},"properties":{"name":"Joseph L Alioto Performing Arts Piazza - Drinking Fountain/Cooler","uid":"1572285524039404203","resource_type":"drinking_water","water_fountain":"1","bottle_filler":"0","jug_filler":"0","dog_fountain":"0","latitude":"37.779903069999996","longitude":"-122.4173059","address":"355 McAllister St","city":"San Francisco","state":"CA","zip_code":"94102","park":"Joseph L Alioto Performing Arts Piazza","access":"limited_access","public_access_hours_open":"08:00:00","public_access_hours_close":"20:00:00","public_access_days":"Daily","notes":null,"source":"rec","supervisor_district":"5","analysis_neighborhood":"Tenderloin","data_as_of":"2026-03-10T15:25:27.000","data_loaded_at":"2026-05-01T09:08:14.258",":id":"row-rx2a~7gta-eea9",":version":"rv-ueun-d6na~mzw9",":created_at":"2026-05-01T16:08:20.998Z",":updated_at":"2026-05-01T16:08:25.342Z",":@computed_region_jwn9_ihcz":"21",":@computed_region_qgnn_b9vv":"4",":@computed_region_26cr_cadq":"10",":@computed_region_ajp5_b2md":"36",":@computed_region_bz92_g22m":"57"}},
{"type":"Feature","geometry":{"type":"Point","coordinates":[-122.405577901,37.79460922]},"properties":{"name":"Portsmouth Square - Drinking Fountain/Cooler","uid":"3034380096241212790","resource_type":"drinking_water","water_fountain":"1","bottle_filler":"0","jug_filler":"0","dog_fountain":"0","latitude":"37.794609220000005","longitude":"-122.4055779","address":"745 Kearny St","city":"San Francisco","state":"CA","zip_code":"94108","park":"Portsmouth Square","access":"publicly_accessible","public_access_hours_open":"08:00:00","public_access_hours_close":"20:00:00","public_access_days":"Daily","notes":null,"source":"rec","supervisor_district":"3","analysis_neighborhood":"Chinatown","data_as_of":"2026-03-10T15:25:27.000","data_loaded_at":"2026-05-01T09:08:14.258",":id":"row-itx3.bfg7_jibg",":version":"rv-qdb2.szq4~5tpj",":created_at":"2026-05-01T16:08:20.998Z",":updated_at":"2026-05-01T16:08:25.342Z",":@computed_region_jwn9_ihcz":"104",":@computed_region_qgnn_b9vv":"6",":@computed_region_26cr_cadq":"3",":@computed_region_ajp5_b2md":"6",":@computed_region_bz92_g22m":"127"}},
{"type":"Feature","geometry":{"type":"Point","coordinates":[-122.422740354,37.759595074]},"properties":{"name":"Mission Playground - Drinking Fountain/Cooler","uid":"5562224045497253564","resource_type":"drinking_water","water_fountain":"1","bottle_filler":"0","jug_filler":"0","dog_fountain":"0","latitude":"37.75959507","longitude":"-122.42274035000001","address":"3555 19th St","city":"San Francisco","state":"CA","zip_code":"94110","park":"Mission Playground","access":"publicly_accessible","public_access_hours_open":"08:00:00","public_access_hours_close":"20:00:00","public_access_days":"Daily","notes":null,"source":"rec","supervisor_district":"9","analysis_neighborhood":"Mission","data_as_of":"2026-03-10T15:25:27.000","data_loaded_at":"2026-05-01T09:08:14.258",":id":"row-hcv9~3rnh.8pgp",":version":"rv-aaju-cipq.2gkj",":created_at":"2026-05-01T16:08:20.998Z",":updated_at":"2026-05-01T16:08:25.342Z",":@computed_region_jwn9_ihcz":"37",":@computed_region_qgnn_b9vv":"3",":@computed_region_26cr_cadq":"5",":@computed_region_ajp5_b2md":"20",":@computed_region_bz92_g22m":"214"}},
{"type":"Feature","geometry":{"type":"Point","coordinates":[-119.851415291,37.880927314]},"properties":{"name":"Camp Mather - Ball field bath house Drinking Fountain","uid":"1391828046050193443","resource_type":"drinking_water","water_fountain":"1","bottle_filler":"0","jug_filler":"0","dog_fountain":"0","latitude":"37.88092731","longitude":"-119.85141528999999","address":"32560 Mather Road","city":"San Francisco","state":"CA","zip_code":"95321","park":"Camp Mather","access":"publicly_accessible","public_access_hours_open":"08:00:00","public_access_hours_close":"20:00:00","public_access_days":"Daily","notes":null,"source":"rec","supervisor_district":null,"analysis_neighborhood":null,"data_as_of":"2026-03-10T15:25:27.000","data_loaded_at":"2026-05-01T09:08:14.258",":id":"row-mm2h~mfhd_4pfc",":version":"rv-8b82~563b~8k7z",":created_at":"2026-05-01T16:08:20.998Z",":updated_at":"2026-05-01T16:08:25.342Z",":@computed_region_jwn9_ihcz":null,":@computed_region_qgnn_b9vv":null,":@computed_region_26cr_cadq":null,":@computed_region_ajp5_b2md":null,":@computed_region_bz92_g22m":"50"}},
{"type":"Feature","geometry":{"type":"Point","coordinates":[-122.43331541,37.727130521]},"properties":{"name":"Excelsior Branch Library","uid":"1134166097749066913","resource_type":"drinking_water","water_fountain":"1","bottle_filler":"0","jug_filler":"0","dog_fountain":"0","latitude":"37.72713052100005","longitude":"-122.43331540999998","address":"4400 MISSION ST","city":"San Francisco","state":"CA","zip_code":"94112","park":null,"access":"limited_access","public_access_hours_open":null,"public_access_hours_close":null,"public_access_days":"Daily","notes":"opening_hours = [\"Sunday:13:00-17:00\",\"Monday:13:00-18:00\",\"Tuesday:10:00-20:00\",\"Wednesday:10:00-20:00\",\"Thursday:10:00-18:00\",\"Friday:13:00-18:00\",\"Saturday:10:00-18:00\",\"Total Weekly Hours:50\"]","source":"library","supervisor_district":"11","analysis_neighborhood":"Outer Mission","data_as_of":"2026-03-25T15:20:00.000","data_loaded_at":"2026-05-01T09:08:14.258",":id":"row-bhtn.h94y~waaf",":version":"rv-7seg~mpcy~aqjf",":created_at":"2026-05-01T16:08:20.998Z",":updated_at":"2026-05-01T16:08:25.342Z",":@computed_region_jwn9_ihcz":"94",":@computed_region_qgnn_b9vv":"9",":@computed_region_26cr_cadq":"1",":@computed_region_ajp5_b2md":"28",":@computed_region_bz92_g22m":null}},
{"type":"Feature","geometry":{"type":"Point","coordinates":[-119.85477088,37.882368473]},"properties":{"name":"Camp Mather - Spigot","uid":"8598621991396437695","resource_type":"drinking_water","water_fountain":"1","bottle_filler":"0","jug_filler":"0","dog_fountain":"0","latitude":"37.88236847","longitude":"-119.85477087999999","address":"32560 Mather Road","city":"San Francisco","state":"CA","zip_code":"95321","park":"Camp Mather","access":"publicly_accessible","public_access_hours_open":"08:00:00","public_access_hours_close":"20:00:00","public_access_days":"Daily","notes":null,"source":"rec","supervisor_district":null,"analysis_neighborhood":null,"data_as_of":"2026-03-10T15:25:27.000","data_loaded_at":"2026-05-01T09:08:14.258",":id":"row-igti_y7nv_h5re",":version":"rv-iqec_nu5t.xi5q",":created_at":"2026-05-01T16:08:20.998Z",":updated_at":"2026-05-01T16:08:25.342Z",":@computed_region_jwn9_ihcz":null,":@computed_region_qgnn_b9vv":null,":@computed_region_26cr_cadq":null,":@computed_region_ajp5_b2md":null,":@computed_region_bz92_g22m":"50"}},
{"type":"Feature","geometry":{"type":"Point","coordinates":[-122.448199209,37.73385637]},"properties":{"name":"Sunnyside Playground - Drinking Fountain/Cooler","uid":"8708239296404196705","resource_type":"drinking_water","water_fountain":"1","bottle_filler":"0","jug_filler":"0","dog_fountain":"0","latitude":"37.733856370000005","longitude":"-122.44819921","address":"233 Melrose Avenue","city":"San Francisco","state":"CA","zip_code":"94127","park":"Sunnyside Playground","access":"publicly_accessible","public_access_hours_open":"08:00:00","public_access_hours_close":"20:00:00","public_access_days":"Daily","notes":null,"source":"rec","supervisor_district":"7","analysis_neighborhood":"West of Twin Peaks","data_as_of":"2026-03-10T15:25:27.000","data_loaded_at":"2026-05-01T09:08:14.258",":id":"row-gi98_rmub_h8eu",":version":"rv-663h-in4m~x6jy",":created_at":"2026-05-01T16:08:20.998Z",":updated_at":"2026-05-01T16:08:25.342Z",":@computed_region_jwn9_ihcz":"95",":@computed_region_qgnn_b9vv":"9",":@computed_region_26cr_cadq":"8",":@computed_region_ajp5_b2md":"41",":@computed_region_bz92_g22m":"222"}},
{"type":"Feature","geometry":{"type":"Point","coordinates":[-122.374759267,37.820749615]},"properties":{"name":"Cityside Park - Bottle filling station","uid":"237425124324111029","resource_type":"drinking_water","water_fountain":"1","bottle_filler":"1","jug_filler":"0","dog_fountain":"0","latitude":"37.820749615072465","longitude":"-122.37475926736613","address":null,"city":"San Francisco","state":"CA","zip_code":"94130","park":"Cityside Parks","access":"publicly_accessible","public_access_hours_open":"08:00:00","public_access_hours_close":"20:00:00","public_access_days":"Daily","notes":null,"source":"rec","supervisor_district":"6","analysis_neighborhood":"Treasure Island","data_as_of":"2026-03-23T15:26:40.000","data_loaded_at":"2026-05-01T09:08:14.258",":id":"row-ugfx.mhe4~dyix",":version":"rv-kczq_uirw~si2w",":created_at":"2026-05-01T16:08:20.998Z",":updated_at":"2026-05-01T16:08:25.342Z",":@computed_region_jwn9_ihcz":"36",":@computed_region_qgnn_b9vv":"1",":@computed_region_26cr_cadq":"10",":@computed_region_ajp5_b2md":"37",":@computed_region_bz92_g22m":null}},
{"type":"Feature","geometry":{"type":"Point","coordinates":[-122.413134859,37.802530815]},"properties":{"name":"North Beach Branch Library","uid":"7646533082011852694","resource_type":"drinking_water","water_fountain":"1","bottle_filler":"0","jug_filler":"0","dog_fountain":"0","latitude":"37.80253081500007","longitude":"-122.41313485899997","address":"850 COLUMBUS AVE","city":"San Francisco","state":"CA","zip_code":"94133","park":"Joe DiMaggio Playground","access":"limited_access","public_access_hours_open":null,"public_access_hours_close":null,"public_access_days":"Daily","notes":"opening_hours = [\"Sunday:13:00-17:00\",\"Monday:10:00-18:00\",\"Tuesday:10:00-20:00\",\"Wednesday:13:00-20:00\",\"Thursday:10:00-18:00\",\"Friday:13:00-18:00\",\"Saturday:10:00-18:00\",\"Total Weekly Hours:50\"]","source":"library","supervisor_district":"3","analysis_neighborhood":"North Beach","data_as_of":"2026-03-25T15:20:00.000","data_loaded_at":"2026-05-01T09:08:14.258",":id":"row-pjp5.qx6q~sgbv",":version":"rv-ps4z.enqq.9xht",":created_at":"2026-05-01T16:08:20.998Z",":updated_at":"2026-05-01T16:08:25.342Z",":@computed_region_jwn9_ihcz":"106",":@computed_region_qgnn_b9vv":"6",":@computed_region_26cr_cadq":"3",":@computed_region_ajp5_b2md":"23",":@computed_region_bz92_g22m":"195"}},
{"type":"Feature","geometry":{"type":"Point","coordinates":[-122.48072331,37.743363902]},"properties":{"name":"McCoppin Square - Drinking Fountain/Cooler","uid":"6559692620526371061","resource_type":"drinking_water","water_fountain":"1","bottle_filler":"0","jug_filler":"0","dog_fountain":"0","latitude":"37.7433639","longitude":"-122.48072331","address":"2354 24th Ave","city":"San Francisco","state":"CA","zip_code":"94116","park":"McCoppin Square","access":"publicly_accessible","public_access_hours_open":"08:00:00","public_access_hours_close":"20:00:00","public_access_days":"Daily","notes":null,"source":"rec","supervisor_district":"4","analysis_neighborhood":"Sunset/Parkside","data_as_of":"2026-03-10T15:25:27.000","data_loaded_at":"2026-05-01T09:08:14.258",":id":"row-bgdt-vj7y-4d3y",":version":"rv-gkyr~9qc8.sky2",":created_at":"2026-05-01T16:08:20.998Z",":updated_at":"2026-05-01T16:08:25.342Z",":@computed_region_jwn9_ihcz":"40",":@computed_region_qgnn_b9vv":"10",":@computed_region_26cr_cadq":"7",":@computed_region_ajp5_b2md":"35",":@computed_region_bz92_g22m":"139"}},
{"type":"Feature","geometry":{"type":"Point","coordinates":[-122.493741638,37.728901838]},"properties":{"name":"Lake Merced Park - Drinking fountain","uid":"803130842310487637","resource_type":"drinking_water","water_fountain":"1","bottle_filler":"1","jug_filler":"0","dog_fountain":"0","latitude":"37.728901840000006","longitude":"-122.49374164000001","address":"1 Harding Rd","city":"San Francisco","state":"CA","zip_code":"94132","park":"Lake Merced Park","access":"publicly_accessible","public_access_hours_open":"08:00:00","public_access_hours_close":"20:00:00","public_access_days":"Daily","notes":null,"source":"rec","supervisor_district":"7","analysis_neighborhood":"Lakeshore","data_as_of":"2026-03-10T15:25:27.000","data_loaded_at":"2026-05-01T09:08:14.258",":id":"row-mzv3~qp4t.s94i",":version":"rv-z4m8.uzpf~5gp8",":created_at":"2026-05-01T16:08:20.998Z",":updated_at":"2026-05-01T16:08:25.342Z",":@computed_region_jwn9_ihcz":"43",":@computed_region_qgnn_b9vv":"10",":@computed_region_26cr_cadq":"8",":@computed_region_ajp5_b2md":"16",":@computed_region_bz92_g22m":"2"}},
{"type":"Feature","geometry":{"type":"Point","coordinates":[-122.408691238,37.712719538]},"properties":{"name":"Yik Oi Huang Peace & Friendship Park - Drinking Fountain/Cooler","uid":"5334529936546061417","resource_type":"drinking_water","water_fountain":"1","bottle_filler":"0","jug_filler":"0","dog_fountain":"0","latitude":"37.712719539999995","longitude":"-122.40869124000001","address":"251 Leland Ave","city":"San Francisco","state":"CA","zip_code":"94134","park":"Yik Oi Huang Peace & Friendship Park","access":"publicly_accessible","public_access_hours_open":"08:00:00","public_access_hours_close":"20:00:00","public_access_days":"Daily","notes":null,"source":"rec","supervisor_district":"10","analysis_neighborhood":"Visitacion Valley","data_as_of":"2026-03-13T15:35:23.000","data_loaded_at":"2026-05-01T09:08:14.258",":id":"row-psg2.jnpz-sa3s",":version":"rv-xji2.b672.gpzm",":created_at":"2026-05-01T16:08:20.998Z",":updated_at":"2026-05-01T16:08:25.342Z",":@computed_region_jwn9_ihcz":"75",":@computed_region_qgnn_b9vv":"9",":@computed_region_26cr_cadq":"9",":@computed_region_ajp5_b2md":"40",":@computed_region_bz92_g22m":"97"}},
{"type":"Feature","geometry":{"type":"Point","coordinates":[-122.416366074,37.741980374]},"properties":{"name":"Bernal Heights Park - Bernal Heights Path Drinking Fountain","uid":"8479948381265294927","resource_type":"drinking_water","water_fountain":"1","bottle_filler":"1","jug_filler":"0","dog_fountain":"0","latitude":"37.74198175","longitude":"-122.41632773","address":null,"city":"San Francisco","state":"CA","zip_code":"94110","park":"Bernal Heights Park","access":"publicly_accessible","public_access_hours_open":"08:00:00","public_access_hours_close":"20:00:00","public_access_days":"Daily","notes":null,"source":"rec","supervisor_district":"9","analysis_neighborhood":"Bernal Heights","data_as_of":"2026-03-10T15:25:27.000","data_loaded_at":"2026-05-01T09:08:14.258",":id":"row-7a4k~sjfv.eujw",":version":"rv-pwvb~msaw~mmz8",":created_at":"2026-05-01T16:08:20.998Z",":updated_at":"2026-05-01T16:08:25.342Z",":@computed_region_jwn9_ihcz":"83",":@computed_region_qgnn_b9vv":"9",":@computed_region_26cr_cadq":"2",":@computed_region_ajp5_b2md":"2",":@computed_region_bz92_g22m":"31"}},
{"type":"Feature","geometry":{"type":"Point","coordinates":[-122.50832979,37.767421286]},"properties":{"name":"Golden Gate Park - Section 6 - Beach Chalet Soccer Bleacher","uid":"7700862739792543902","resource_type":"drinking_water","water_fountain":"1","bottle_filler":"0","jug_filler":"0","dog_fountain":"0","latitude":"37.76742129","longitude":"-122.50832979","address":"Golden Gate Park","city":"San Francisco","state":"CA","zip_code":"94132","park":"Golden Gate Park - Section 6","access":"publicly_accessible","public_access_hours_open":"08:00:00","public_access_hours_close":"20:00:00","public_access_days":"Daily","notes":null,"source":"rec","supervisor_district":"4","analysis_neighborhood":"Golden Gate Park","data_as_of":"2026-03-10T15:25:27.000","data_loaded_at":"2026-05-01T09:08:14.258",":id":"row-sqb9-ha93~9yfz",":version":"rv-r4x6-xcuk.b9hr",":created_at":"2026-05-01T16:08:20.998Z",":updated_at":"2026-05-01T16:08:25.342Z",":@computed_region_jwn9_ihcz":"9",":@computed_region_qgnn_b9vv":"8",":@computed_region_26cr_cadq":"4",":@computed_region_ajp5_b2md":"12",":@computed_region_bz92_g22m":"234"}},
{"type":"Feature","geometry":{"type":"Point","coordinates":[-122.388882,37.775397]},"properties":{"name":"China Basin Park Water Fountain #4","uid":"8637574682344270148","resource_type":"drinking_water","water_fountain":"0","bottle_filler":"1","jug_filler":"1","dog_fountain":"0","latitude":"37.775397","longitude":"-122.388882","address":"China Basin st, Mission Bay","city":"San Francisco","state":"CA","zip_code":"94158","park":null,"access":"publicly_accessible","public_access_hours_open":null,"public_access_hours_close":null,"public_access_days":"Daily","notes":"In the Toni Stone crossing","source":"port","supervisor_district":"6","analysis_neighborhood":"Mission Bay","data_as_of":"2024-10-04T13:51:23.000","data_loaded_at":"2026-05-01T09:08:14.258",":id":"row-3am9_32xd-aprn",":version":"rv-63wr_aqde-kkp8",":created_at":"2026-05-01T16:08:20.998Z",":updated_at":"2026-05-01T16:08:25.342Z",":@computed_region_jwn9_ihcz":"34",":@computed_region_qgnn_b9vv":"1",":@computed_region_26cr_cadq":"10",":@computed_region_ajp5_b2md":"4",":@computed_region_bz92_g22m":null}},
{"type":"Feature","geometry":{"type":"Point","coordinates":[-122.417430675,37.794032492]},"properties":{"name":"Washington & Hyde Mini Park - Drinking Fountain/Cooler","uid":"7829856307567203886","resource_type":"drinking_water","water_fountain":"1","bottle_filler":"0","jug_filler":"0","dog_fountain":"0","latitude":"37.79403249","longitude":"-122.41743067","address":"1470 Washington St","city":"San Francisco","state":"CA","zip_code":"94109","park":"Washington & Hyde Mini Park","access":"limited_access","public_access_hours_open":"08:00:00","public_access_hours_close":"20:00:00","public_access_days":"Daily","notes":null,"source":"rec","supervisor_district":"3","analysis_neighborhood":"Russian Hill","data_as_of":"2026-03-10T15:25:27.000","data_loaded_at":"2026-05-01T09:08:14.258",":id":"row-tngi~tjsx_m9cu",":version":"rv-g79v_agxw.87b4",":created_at":"2026-05-01T16:08:20.998Z",":updated_at":"2026-05-01T16:08:25.342Z",":@computed_region_jwn9_ihcz":"16",":@computed_region_qgnn_b9vv":"6",":@computed_region_26cr_cadq":"3",":@computed_region_ajp5_b2md":"32",":@computed_region_bz92_g22m":"95"}},
{"type":"Feature","geometry":{"type":"Point","coordinates":[-122.508443507,37.76609581]},"properties":{"name":"Golden Gate Park - Section 6 - Beach Chalet Soccer South Path","uid":"967821665568819401","resource_type":"drinking_water","water_fountain":"1","bottle_filler":"0","jug_filler":"0","dog_fountain":"0","latitude":"37.766095809999996","longitude":"-122.50844350999999","address":"501 Stanyan St","city":"San Francisco","state":"CA","zip_code":"94121","park":"Golden Gate Park - Section 6","access":"publicly_accessible","public_access_hours_open":"08:00:00","public_access_hours_close":"20:00:00","public_access_days":"Daily","notes":null,"source":"rec","supervisor_district":"4","analysis_neighborhood":"Golden Gate Park","data_as_of":"2026-03-10T15:25:27.000","data_loaded_at":"2026-05-01T09:08:14.258",":id":"row-5252-xbkt_uk5u",":version":"rv-6vw2~ptfi-84es",":created_at":"2026-05-01T16:08:20.998Z",":updated_at":"2026-05-01T16:08:25.342Z",":@computed_region_jwn9_ihcz":"9",":@computed_region_qgnn_b9vv":"8",":@computed_region_26cr_cadq":"4",":@computed_region_ajp5_b2md":"12",":@computed_region_bz92_g22m":"234"}},
{"type":"Feature","geometry":{"type":"Point","coordinates":[-122.415993516,37.764084549]},"properties":{"name":"In Chan Kaajal Park - In Chan KaJaal Path Drinking fountain","uid":"8875665792169084226","resource_type":"drinking_water","water_fountain":"1","bottle_filler":"0","jug_filler":"0","dog_fountain":"0","latitude":"37.76408455","longitude":"-122.41599351999999","address":"2080 Folsom St","city":"San Francisco","state":"CA","zip_code":"94110","park":"In Chan Kaajal Park","access":"publicly_accessible","public_access_hours_open":"08:00:00","public_access_hours_close":"20:00:00","public_access_days":"Daily","notes":null,"source":"rec","supervisor_district":"9","analysis_neighborhood":"Mission","data_as_of":"2026-03-16T11:46:00.000","data_loaded_at":"2026-05-01T09:08:14.258",":id":"row-d2a8~2v2r.g6fk",":version":"rv-wp47~yaqj~ng6k",":created_at":"2026-05-01T16:08:20.998Z",":updated_at":"2026-05-01T16:08:25.342Z",":@computed_region_jwn9_ihcz":"53",":@computed_region_qgnn_b9vv":"3",":@computed_region_26cr_cadq":"2",":@computed_region_ajp5_b2md":"20",":@computed_region_bz92_g22m":"203"}}
] }
