{ "type": "FeatureCollection", "features": [
{"type":"Feature","geometry":{"type":"Point","coordinates":[-122.412697,37.808738]},"properties":{"name":"Little Embarcadero, J C Decaux","uid":"2190890175057459878","resource_type":"restroom","water_fountain":"0","bottle_filler":"0","jug_filler":"0","dog_fountain":"0","latitude":"37.808738","longitude":"-122.412697","address":"The Embarcadero","city":"San Francisco","state":"CA","zip_code":"94133","park":null,"access":"publicly_accessible","public_access_hours_open":null,"public_access_hours_close":null,"public_access_days":"Daily","notes":"J C Decaux","source":"port","supervisor_district":"3","analysis_neighborhood":"North Beach","data_as_of":"2024-10-04T13:51:23.000","data_loaded_at":"2026-05-01T09:08:14.258",":id":"row-i3kh~ihy7.vqev",":version":"rv-ub2u.zg3e_g2kv",":created_at":"2026-05-01T16:08:20.998Z",":updated_at":"2026-05-01T16:08:25.342Z",":@computed_region_jwn9_ihcz":"99",":@computed_region_qgnn_b9vv":"6",":@computed_region_26cr_cadq":"3",":@computed_region_ajp5_b2md":"23",":@computed_region_bz92_g22m":null}},
{"type":"Feature","geometry":{"type":"Point","coordinates":[-122.4211539,37.7685148]},"properties":{"name":"Mission Pit Stop - 344 14th St.","uid":"2466058572733021801","resource_type":"restroom","water_fountain":"0","bottle_filler":"0","jug_filler":"0","dog_fountain":"0","latitude":"37.7685148","longitude":"-122.4211539","address":"344 14th St.","city":"San Francisco","state":"CA","zip_code":null,"park":null,"access":"publicly_accessible","public_access_hours_open":"07:00:00","public_access_hours_close":"15:00:00","public_access_days":"Daily","notes":null,"source":"pit_stop","supervisor_district":"9","analysis_neighborhood":"Mission","data_as_of":"2026-05-01T09:05:46.591","data_loaded_at":"2026-05-01T09:08:14.258",":id":"row-i8fy~7xk6-7yb7",":version":"rv-cyuh.qajn-xk7r",":created_at":"2026-05-01T16:08:20.998Z",":updated_at":"2026-05-01T16:08:25.342Z",":@computed_region_jwn9_ihcz":"53",":@computed_region_qgnn_b9vv":"3",":@computed_region_26cr_cadq":"2",":@computed_region_ajp5_b2md":"20",":@computed_region_bz92_g22m":null}},
{"type":"Feature","geometry":{"type":"Point","coordinates":[-122.39703,37.79897]},"properties":{"name":"Pier 7, J C Decaux","uid":"8712865930210385388","resource_type":"restroom","water_fountain":"0","bottle_filler":"0","jug_filler":"0","dog_fountain":"0","latitude":"37.79897","longitude":"-122.39703","address":"475 The Embarcadero","city":"San Francisco","state":"CA","zip_code":"94105","park":null,"access":"publicly_accessible","public_access_hours_open":null,"public_access_hours_close":null,"public_access_days":"Daily","notes":"J C Decaux","source":"port","supervisor_district":"3","analysis_neighborhood":"Financial District/South Beach","data_as_of":"2024-10-04T13:51:23.000","data_loaded_at":"2026-05-01T09:08:14.258",":id":"row-rya2-89nm-d5pf",":version":"rv-4i5p-j7ri.dmnj",":created_at":"2026-05-01T16:08:20.998Z",":updated_at":"2026-05-01T16:08:25.342Z",":@computed_region_jwn9_ihcz":"77",":@computed_region_qgnn_b9vv":"6",":@computed_region_26cr_cadq":"3",":@computed_region_ajp5_b2md":"8",":@computed_region_bz92_g22m":null}},
{"type":"Feature","geometry":{"type":"Point","coordinates":[-122.468651953,37.76980561]},"properties":{"name":"Bandshell Spreckels Temple of Music","uid":"1029444508238884088","resource_type":"restroom","water_fountain":"0","bottle_filler":"0","jug_filler":"0","dog_fountain":"0","latitude":"37.76980561017254","longitude":"-122.46865195284052","address":"501 Stanyan St","city":"San Francisco","state":"CA","zip_code":"94118","park":"Golden Gate Park - Section 2","access":"publicly_accessible","public_access_hours_open":"08:00:00","public_access_hours_close":"20:00:00","public_access_days":"Daily","notes":null,"source":"rec","supervisor_district":"7","analysis_neighborhood":"Golden Gate Park","data_as_of":"2025-12-08T11:45:05.000","data_loaded_at":"2026-05-01T09:08:14.258",":id":"row-f7q5~api9-bnm2",":version":"rv-8pun_musx.ru9x",":created_at":"2026-05-01T16:08:20.998Z",":updated_at":"2026-05-01T16:08:25.342Z",":@computed_region_jwn9_ihcz":"9",":@computed_region_qgnn_b9vv":"8",":@computed_region_26cr_cadq":"4",":@computed_region_ajp5_b2md":"12",":@computed_region_bz92_g22m":"235"}},
{"type":"Feature","geometry":{"type":"Point","coordinates":[-122.495592106,37.770201099]},"properties":{"name":"Model Yacht Clubhouse","uid":"6056527472595272594","resource_type":"restroom","water_fountain":"0","bottle_filler":"0","jug_filler":"0","dog_fountain":"0","latitude":"37.77020109930589","longitude":"-122.49559210558814","address":"501 Stanyan St","city":"San Francisco","state":"CA","zip_code":"94122","park":"Golden Gate Park - Section 5","access":"publicly_accessible","public_access_hours_open":"08:00:00","public_access_hours_close":"20:00:00","public_access_days":"Daily","notes":null,"source":"rec","supervisor_district":"1","analysis_neighborhood":"Golden Gate Park","data_as_of":"2026-02-05T12:11:25.000","data_loaded_at":"2026-05-01T09:08:14.258",":id":"row-h4sz-vygu.52ms",":version":"rv-hv4y-xm8s_humd",":created_at":"2026-05-01T16:08:20.998Z",":updated_at":"2026-05-01T16:08:25.342Z",":@computed_region_jwn9_ihcz":"9",":@computed_region_qgnn_b9vv":"8",":@computed_region_26cr_cadq":"4",":@computed_region_ajp5_b2md":"12",":@computed_region_bz92_g22m":"233"}},
{"type":"Feature","geometry":{"type":"Point","coordinates":[-122.4169278,37.7787317]},"properties":{"name":"Civic Center Pit Stop - Grove and Larkin streets (JCDecaux)","uid":"400838196920771509","resource_type":"restroom","water_fountain":"0","bottle_filler":"0","jug_filler":"0","dog_fountain":"0","latitude":"37.7787317","longitude":"-122.4169278","address":"Grove and Larkin streets (JCDecaux)","city":"San Francisco","state":"CA","zip_code":null,"park":null,"access":"publicly_accessible","public_access_hours_open":"07:00:00","public_access_hours_close":"19:00:00","public_access_days":"Daily","notes":null,"source":"pit_stop","supervisor_district":"5","analysis_neighborhood":"Tenderloin","data_as_of":"2026-05-01T09:05:46.591","data_loaded_at":"2026-05-01T09:08:14.258",":id":"row-izve~y45d_h64y",":version":"rv-rjxr~sba9~kpqk",":created_at":"2026-05-01T16:08:20.998Z",":updated_at":"2026-05-01T16:08:25.342Z",":@computed_region_jwn9_ihcz":"21",":@computed_region_qgnn_b9vv":"4",":@computed_region_26cr_cadq":"10",":@computed_region_ajp5_b2md":"36",":@computed_region_bz92_g22m":null}},
{"type":"Feature","geometry":{"type":"Point","coordinates":[-122.394598,37.7946278]},"properties":{"name":"Embarcadero Pit Stop - Embarcadero Plaza (JCDecaux)","uid":"7227832692528728198","resource_type":"restroom","water_fountain":"0","bottle_filler":"0","jug_filler":"0","dog_fountain":"0","latitude":"37.7946278","longitude":"-122.394598","address":"Embarcadero Plaza (JCDecaux)","city":"San Francisco","state":"CA","zip_code":null,"park":"Embarcadero Plaza","access":"publicly_accessible","public_access_hours_open":"09:00:00","public_access_hours_close":"17:00:00","public_access_days":"Daily","notes":null,"source":"pit_stop","supervisor_district":"3","analysis_neighborhood":"Financial District/South Beach","data_as_of":"2026-05-01T09:05:46.591","data_loaded_at":"2026-05-01T09:08:14.258",":id":"row-hbk7.reih_rj9s",":version":"rv-f6tg.embv_pp68",":created_at":"2026-05-01T16:08:20.998Z",":updated_at":"2026-05-01T16:08:25.342Z",":@computed_region_jwn9_ihcz":"108",":@computed_region_qgnn_b9vv":"6",":@computed_region_26cr_cadq":"3",":@computed_region_ajp5_b2md":"8",":@computed_region_bz92_g22m":"58"}},
{"type":"Feature","geometry":{"type":"Point","coordinates":[-122.445156093,37.726176269]},"properties":{"name":"Matthew Boxer Stadium","uid":"8899937437357167847","resource_type":"restroom","water_fountain":"0","bottle_filler":"0","jug_filler":"0","dog_fountain":"0","latitude":"37.72617626930865","longitude":"-122.44515609341228","address":"51 Havelock St","city":"San Francisco","state":"CA","zip_code":"94112","park":"Balboa Park","access":"publicly_accessible","public_access_hours_open":"08:00:00","public_access_hours_close":"20:00:00","public_access_days":"Daily","notes":null,"source":"rec","supervisor_district":"11","analysis_neighborhood":"Outer Mission","data_as_of":"2026-02-05T12:11:25.000","data_loaded_at":"2026-05-01T09:08:14.258",":id":"row-tgkc.m8fs-wime",":version":"rv-w6tu-jrrs-t2wi",":created_at":"2026-05-01T16:08:20.998Z",":updated_at":"2026-05-01T16:08:25.342Z",":@computed_region_jwn9_ihcz":"94",":@computed_region_qgnn_b9vv":"9",":@computed_region_26cr_cadq":"1",":@computed_region_ajp5_b2md":"28",":@computed_region_bz92_g22m":"76"}},
{"type":"Feature","geometry":{"type":"Point","coordinates":[-122.486908063,37.757060333]},"properties":{"name":"Sunset Rec Center","uid":"5857790688088800410","resource_type":"restroom","water_fountain":"0","bottle_filler":"0","jug_filler":"0","dog_fountain":"0","latitude":"37.75706033332613","longitude":"-122.48690806259866","address":"2201 Lawton St","city":"San Francisco","state":"CA","zip_code":"94122","park":"Sunset Rec Center","access":"publicly_accessible","public_access_hours_open":"08:00:00","public_access_hours_close":"20:00:00","public_access_days":"Daily","notes":null,"source":"rec","supervisor_district":"4","analysis_neighborhood":"Sunset/Parkside","data_as_of":"2026-02-05T12:11:25.000","data_loaded_at":"2026-05-01T09:08:14.258",":id":"row-hirr-psyn.ccfb",":version":"rv-9324~isi6~htvs",":created_at":"2026-05-01T16:08:20.998Z",":updated_at":"2026-05-01T16:08:25.342Z",":@computed_region_jwn9_ihcz":"39",":@computed_region_qgnn_b9vv":"10",":@computed_region_26cr_cadq":"7",":@computed_region_ajp5_b2md":"35",":@computed_region_bz92_g22m":"105"}},
{"type":"Feature","geometry":{"type":"Point","coordinates":[-122.438431682,37.747814936]},"properties":{"name":"Douglass Clubhouse","uid":"3198698486750945158","resource_type":"restroom","water_fountain":"0","bottle_filler":"0","jug_filler":"0","dog_fountain":"0","latitude":"37.747814936477354","longitude":"-122.43843168183056","address":"1098 Douglass St","city":"San Francisco","state":"CA","zip_code":"94131","park":"Douglass Playground","access":"publicly_accessible","public_access_hours_open":"08:00:00","public_access_hours_close":"20:00:00","public_access_days":"Daily","notes":null,"source":"rec","supervisor_district":"8","analysis_neighborhood":"Noe Valley","data_as_of":"2026-02-05T12:11:25.000","data_loaded_at":"2026-05-01T09:08:14.258",":id":"row-kwhe.8sb3~7b85",":version":"rv-ty2f_2fik-wq9d",":created_at":"2026-05-01T16:08:20.998Z",":updated_at":"2026-05-01T16:08:25.342Z",":@computed_region_jwn9_ihcz":"57",":@computed_region_qgnn_b9vv":"3",":@computed_region_26cr_cadq":"5",":@computed_region_ajp5_b2md":"22",":@computed_region_bz92_g22m":"206"}},
{"type":"Feature","geometry":{"type":"Point","coordinates":[-122.454051209,37.767450671]},"properties":{"name":"Kezar Pavilion","uid":"4761528511872076776","resource_type":"restroom","water_fountain":"0","bottle_filler":"0","jug_filler":"0","dog_fountain":"0","latitude":"37.76745067088342","longitude":"-122.45405120908764","address":"501 Stanyan St","city":"San Francisco","state":"CA","zip_code":"94117","park":"Golden Gate Park - Section 1","access":"publicly_accessible","public_access_hours_open":"08:00:00","public_access_hours_close":"20:00:00","public_access_days":"Daily","notes":null,"source":"rec","supervisor_district":"5","analysis_neighborhood":"Golden Gate Park","data_as_of":"2026-02-05T12:11:25.000","data_loaded_at":"2026-05-01T09:08:14.258",":id":"row-9nn3~envh.fnw3",":version":"rv-z79m.ztby_s4a7",":created_at":"2026-05-01T16:08:20.998Z",":updated_at":"2026-05-01T16:08:25.342Z",":@computed_region_jwn9_ihcz":"9",":@computed_region_qgnn_b9vv":"7",":@computed_region_26cr_cadq":"11",":@computed_region_ajp5_b2md":"12",":@computed_region_bz92_g22m":"229"}},
{"type":"Feature","geometry":{"type":"Point","coordinates":[-122.465222542,37.751564085]},"properties":{"name":"J. P. Murphy Clubhouse","uid":"5312098977276546560","resource_type":"restroom","water_fountain":"0","bottle_filler":"0","jug_filler":"0","dog_fountain":"0","latitude":"37.75156408525917","longitude":"-122.46522254205692","address":"1960 9th Ave","city":"San Francisco","state":"CA","zip_code":"94116","park":"J.P. Murphy Playground","access":"publicly_accessible","public_access_hours_open":"08:00:00","public_access_hours_close":"20:00:00","public_access_days":"Daily","notes":null,"source":"rec","supervisor_district":"7","analysis_neighborhood":"Inner Sunset","data_as_of":"2026-02-05T12:11:25.000","data_loaded_at":"2026-05-01T09:08:14.258",":id":"row-qknf_nny5_czjw",":version":"rv-bzn8_9bx5-nyk7",":created_at":"2026-05-01T16:08:20.998Z",":updated_at":"2026-05-01T16:08:25.342Z",":@computed_region_jwn9_ihcz":"45",":@computed_region_qgnn_b9vv":"10",":@computed_region_26cr_cadq":"8",":@computed_region_ajp5_b2md":"14",":@computed_region_bz92_g22m":"178"}},
{"type":"Feature","geometry":{"type":"Point","coordinates":[-122.409741837,37.729207066]},"properties":{"name":"Palega Rec Center","uid":"1380573470462414493","resource_type":"restroom","water_fountain":"0","bottle_filler":"0","jug_filler":"0","dog_fountain":"0","latitude":"37.72920706616029","longitude":"-122.40974183661156","address":"500 Felton St","city":"San Francisco","state":"CA","zip_code":"94134","park":"Palega Playground","access":"publicly_accessible","public_access_hours_open":"08:00:00","public_access_hours_close":"20:00:00","public_access_days":"Daily","notes":null,"source":"rec","supervisor_district":"9","analysis_neighborhood":"Portola","data_as_of":"2026-02-05T12:11:25.000","data_loaded_at":"2026-05-01T09:08:14.258",":id":"row-ppz9.zk9n-gkbe",":version":"rv-29jj.849e~czhk",":created_at":"2026-05-01T16:08:20.998Z",":updated_at":"2026-05-01T16:08:25.342Z",":@computed_region_jwn9_ihcz":"91",":@computed_region_qgnn_b9vv":"2",":@computed_region_26cr_cadq":"2",":@computed_region_ajp5_b2md":"25",":@computed_region_bz92_g22m":"130"}},
{"type":"Feature","geometry":{"type":"Point","coordinates":[-122.405862846,37.802444498]},"properties":{"name":"Coit Tower","uid":"1300996872573206948","resource_type":"restroom","water_fountain":"0","bottle_filler":"0","jug_filler":"0","dog_fountain":"0","latitude":"37.80244449791876","longitude":"-122.40586284550363","address":"1 Telegraph Hill Blvd","city":"San Francisco","state":"CA","zip_code":"94133","park":"Telegraph Hill - Pioneer Park","access":"publicly_accessible","public_access_hours_open":"08:00:00","public_access_hours_close":"20:00:00","public_access_days":"Daily","notes":null,"source":"rec","supervisor_district":"3","analysis_neighborhood":"North Beach","data_as_of":"2026-03-19T12:04:02.000","data_loaded_at":"2026-05-01T09:08:14.258",":id":"row-4bm7-5rih~f3tk",":version":"rv-7i2r.kw87_q6fy",":created_at":"2026-05-01T16:08:20.998Z",":updated_at":"2026-05-01T16:08:25.342Z",":@computed_region_jwn9_ihcz":"18",":@computed_region_qgnn_b9vv":"6",":@computed_region_26cr_cadq":"3",":@computed_region_ajp5_b2md":"23",":@computed_region_bz92_g22m":"227"}},
{"type":"Feature","geometry":{"type":"Point","coordinates":[-122.507665675,37.766890733]},"properties":{"name":"Beach Chalet Soccer Fields Maintenance Building","uid":"3608940722084040331","resource_type":"restroom","water_fountain":"0","bottle_filler":"0","jug_filler":"0","dog_fountain":"0","latitude":"37.76689073338755","longitude":"-122.50766567451895","address":"501 Stanyan St","city":"San Francisco","state":"CA","zip_code":"94121","park":"Golden Gate Park - Section 6","access":"publicly_accessible","public_access_hours_open":"08:00:00","public_access_hours_close":"20:00:00","public_access_days":"Daily","notes":null,"source":"rec","supervisor_district":"4","analysis_neighborhood":"Golden Gate Park","data_as_of":"2025-12-08T11:45:05.000","data_loaded_at":"2026-05-01T09:08:14.258",":id":"row-kecy~srj8-hrb8",":version":"rv-p7ap_xd2m.ac7n",":created_at":"2026-05-01T16:08:20.998Z",":updated_at":"2026-05-01T16:08:25.342Z",":@computed_region_jwn9_ihcz":"9",":@computed_region_qgnn_b9vv":"8",":@computed_region_26cr_cadq":"4",":@computed_region_ajp5_b2md":"12",":@computed_region_bz92_g22m":"234"}},
{"type":"Feature","geometry":{"type":"Point","coordinates":[-122.415964415,37.712746292]},"properties":{"name":"Herz Rec Center","uid":"3608248045663860281","resource_type":"restroom","water_fountain":"0","bottle_filler":"0","jug_filler":"0","dog_fountain":"0","latitude":"37.71274629245414","longitude":"-122.41596441461323","address":"1701 Visitacion Ave","city":"San Francisco","state":"CA","zip_code":"94134","park":"Herz Playground","access":"publicly_accessible","public_access_hours_open":"08:00:00","public_access_hours_close":"20:00:00","public_access_days":"Daily","notes":null,"source":"rec","supervisor_district":"10","analysis_neighborhood":"Visitacion Valley","data_as_of":"2026-03-23T13:24:28.000","data_loaded_at":"2026-05-01T09:08:14.258",":id":"row-gvst_x49i~t2by",":version":"rv-n4i2.38ht~6gjr",":created_at":"2026-05-01T16:08:20.998Z",":updated_at":"2026-05-01T16:08:25.342Z",":@computed_region_jwn9_ihcz":"73",":@computed_region_qgnn_b9vv":"9",":@computed_region_26cr_cadq":"9",":@computed_region_ajp5_b2md":"40",":@computed_region_bz92_g22m":"15"}},
{"type":"Feature","geometry":{"type":"Point","coordinates":[-122.406052497,37.802599433]},"properties":{"name":"Pioneer Park Restroom","uid":"598341934004717538","resource_type":"restroom","water_fountain":"0","bottle_filler":"0","jug_filler":"0","dog_fountain":"0","latitude":"37.80259943333159","longitude":"-122.40605249700832","address":"1 Telegraph Hill Blvd","city":"San Francisco","state":"CA","zip_code":"94133","park":"Telegraph Hill - Pioneer Park","access":"publicly_accessible","public_access_hours_open":"08:00:00","public_access_hours_close":"20:00:00","public_access_days":"Daily","notes":null,"source":"rec","supervisor_district":"3","analysis_neighborhood":"North Beach","data_as_of":"2025-12-08T11:45:05.000","data_loaded_at":"2026-05-01T09:08:14.258",":id":"row-8fhh-nvgg_vxzv",":version":"rv-5hwc.qft7_74yj",":created_at":"2026-05-01T16:08:20.998Z",":updated_at":"2026-05-01T16:08:25.342Z",":@computed_region_jwn9_ihcz":"18",":@computed_region_qgnn_b9vv":"6",":@computed_region_26cr_cadq":"3",":@computed_region_ajp5_b2md":"23",":@computed_region_bz92_g22m":"227"}},
{"type":"Feature","geometry":{"type":"Point","coordinates":[-122.45335105,37.766989235]},"properties":{"name":"Park Aid Station","uid":"2135114861101079118","resource_type":"restroom","water_fountain":"0","bottle_filler":"0","jug_filler":"0","dog_fountain":"0","latitude":"37.76698923530806","longitude":"-122.45335104971203","address":"501 Stanyan St","city":"San Francisco","state":"CA","zip_code":"94117","park":"Golden Gate Park - Section 1","access":"limited_access","public_access_hours_open":"08:00:00","public_access_hours_close":"20:00:00","public_access_days":"Daily","notes":null,"source":"rec","supervisor_district":"5","analysis_neighborhood":"Golden Gate Park","data_as_of":"2026-02-05T12:11:25.000","data_loaded_at":"2026-05-01T09:08:14.258",":id":"row-5acq~shvj-7zfh",":version":"rv-qmkc_zbkf~h8z6",":created_at":"2026-05-01T16:08:20.998Z",":updated_at":"2026-05-01T16:08:25.342Z",":@computed_region_jwn9_ihcz":"9",":@computed_region_qgnn_b9vv":"7",":@computed_region_26cr_cadq":"11",":@computed_region_ajp5_b2md":"12",":@computed_region_bz92_g22m":"229"}},
{"type":"Feature","geometry":{"type":"Point","coordinates":[-122.458375104,37.779064616]},"properties":{"name":"Rossi Pool","uid":"4992873192328291991","resource_type":"restroom","water_fountain":"0","bottle_filler":"0","jug_filler":"0","dog_fountain":"0","latitude":"37.779064615691766","longitude":"-122.45837510366988","address":"600 Arguello Blvd","city":"San Francisco","state":"CA","zip_code":"94118","park":"Angelo J. Rossi Playground","access":"publicly_accessible","public_access_hours_open":"08:00:00","public_access_hours_close":"20:00:00","public_access_days":"Daily","notes":null,"source":"rec","supervisor_district":"1","analysis_neighborhood":"Lone Mountain/USF","data_as_of":"2026-02-05T12:11:25.000","data_loaded_at":"2026-05-01T09:08:14.258",":id":"row-hrab_6knd.x4y4",":version":"rv-ua8e.8u6q-m3js",":created_at":"2026-05-01T16:08:20.998Z",":updated_at":"2026-05-01T16:08:25.342Z",":@computed_region_jwn9_ihcz":"12",":@computed_region_qgnn_b9vv":"8",":@computed_region_26cr_cadq":"4",":@computed_region_ajp5_b2md":"18",":@computed_region_bz92_g22m":"204"}},
{"type":"Feature","geometry":{"type":"Point","coordinates":[-122.42887877,37.751504315]},"properties":{"name":"Noe Square Restrooms","uid":"4386513455603161526","resource_type":"restroom","water_fountain":"0","bottle_filler":"0","jug_filler":"0","dog_fountain":"0","latitude":"37.751504315211285","longitude":"-122.42887877033294","address":"3861 24th St","city":"San Francisco","state":"CA","zip_code":"94114","park":"Noe Valley Town Square","access":"publicly_accessible","public_access_hours_open":"08:00:00","public_access_hours_close":"20:00:00","public_access_days":"Daily","notes":null,"source":"rec","supervisor_district":"8","analysis_neighborhood":"Noe Valley","data_as_of":"2025-12-08T11:45:05.000","data_loaded_at":"2026-05-01T09:08:14.258",":id":"row-awcq.trj3.pbj4",":version":"rv-nfs9-y3c7-pshb",":created_at":"2026-05-01T16:08:20.998Z",":updated_at":"2026-05-01T16:08:25.342Z",":@computed_region_jwn9_ihcz":"84",":@computed_region_qgnn_b9vv":"3",":@computed_region_26cr_cadq":"5",":@computed_region_ajp5_b2md":"22",":@computed_region_bz92_g22m":"191"}},
{"type":"Feature","geometry":{"type":"Point","coordinates":[-122.448262474,37.805673716]},"properties":{"name":"Marina Green West Restroom","uid":"2186057952105917473","resource_type":"restroom","water_fountain":"0","bottle_filler":"0","jug_filler":"0","dog_fountain":"0","latitude":"37.805673715612976","longitude":"-122.44826247437919","address":"1 Marina Green Dr","city":"San Francisco","state":"CA","zip_code":"94123","park":"Yacht Harbor and Marina Green","access":"publicly_accessible","public_access_hours_open":"08:00:00","public_access_hours_close":"20:00:00","public_access_days":"Daily","notes":null,"source":"rec","supervisor_district":"2","analysis_neighborhood":"Marina","data_as_of":"2025-12-08T11:45:05.000","data_loaded_at":"2026-05-01T09:08:14.258",":id":"row-8ecc-hkps~dkfm",":version":"rv-y7h9-u6js_9afn",":created_at":"2026-05-01T16:08:20.998Z",":updated_at":"2026-05-01T16:08:25.342Z",":@computed_region_jwn9_ihcz":"17",":@computed_region_qgnn_b9vv":"4",":@computed_region_26cr_cadq":"6",":@computed_region_ajp5_b2md":"13",":@computed_region_bz92_g22m":"90"}},
{"type":"Feature","geometry":{"type":"Point","coordinates":[-122.453713285,37.791269686]},"properties":{"name":"Presidio Wall Clubhouse","uid":"1155075361421330535","resource_type":"restroom","water_fountain":"0","bottle_filler":"0","jug_filler":"0","dog_fountain":"0","latitude":"37.79126968643694","longitude":"-122.45371328470065","address":"3550 Pacific Ave","city":"San Francisco","state":"CA","zip_code":"94118","park":"Presidio Wall Playground","access":"publicly_accessible","public_access_hours_open":"08:00:00","public_access_hours_close":"20:00:00","public_access_days":"Daily","notes":null,"source":"rec","supervisor_district":"2","analysis_neighborhood":"Presidio","data_as_of":"2026-02-05T12:11:25.000","data_loaded_at":"2026-05-01T09:08:14.258",":id":"row-taz4~vhvg_7kki",":version":"rv-2zhp-jhm6-5da7",":created_at":"2026-05-01T16:08:20.998Z",":updated_at":"2026-05-01T16:08:25.342Z",":@computed_region_jwn9_ihcz":"3",":@computed_region_qgnn_b9vv":null,":@computed_region_26cr_cadq":"6",":@computed_region_ajp5_b2md":"27",":@computed_region_bz92_g22m":"19"}},
{"type":"Feature","geometry":{"type":"Point","coordinates":[-122.455995418,37.773752593]},"properties":{"name":"Horseshoe Pits Restroom","uid":"659192472714749454","resource_type":"restroom","water_fountain":"0","bottle_filler":"0","jug_filler":"0","dog_fountain":"0","latitude":"37.77375259251097","longitude":"-122.45599541773689","address":"501 Stanyan St","city":"San Francisco","state":"CA","zip_code":"94117","park":"Golden Gate Park - Section 1","access":"publicly_accessible","public_access_hours_open":"08:00:00","public_access_hours_close":"20:00:00","public_access_days":"Daily","notes":null,"source":"rec","supervisor_district":"1","analysis_neighborhood":"Golden Gate Park","data_as_of":"2025-12-08T11:45:05.000","data_loaded_at":"2026-05-01T09:08:14.258",":id":"row-vi6m-iyqk-9wsm",":version":"rv-tzqv~8xe4~hrjk",":created_at":"2026-05-01T16:08:20.998Z",":updated_at":"2026-05-01T16:08:25.342Z",":@computed_region_jwn9_ihcz":"9",":@computed_region_qgnn_b9vv":"7",":@computed_region_26cr_cadq":"4",":@computed_region_ajp5_b2md":"12",":@computed_region_bz92_g22m":"229"}},
{"type":"Feature","geometry":{"type":"Point","coordinates":[-122.493654756,37.72466414]},"properties":{"name":"Harding Clubhouse (Sandy Tatum)","uid":"8116024243392034060","resource_type":"restroom","water_fountain":"0","bottle_filler":"0","jug_filler":"0","dog_fountain":"0","latitude":"37.724664139940444","longitude":"-122.49365475561976","address":"1 Harding Rd","city":"San Francisco","state":"CA","zip_code":"94132","park":"Lake Merced Park","access":"limited_access","public_access_hours_open":"08:00:00","public_access_hours_close":"20:00:00","public_access_days":"Daily","notes":null,"source":"rec","supervisor_district":"7","analysis_neighborhood":"Lakeshore","data_as_of":"2025-12-08T11:45:05.000","data_loaded_at":"2026-05-01T09:08:14.258",":id":"row-nrxa_kmhk_8394",":version":"rv-kbnj_vgu8~bs53",":created_at":"2026-05-01T16:08:20.998Z",":updated_at":"2026-05-01T16:08:25.342Z",":@computed_region_jwn9_ihcz":"43",":@computed_region_qgnn_b9vv":"10",":@computed_region_26cr_cadq":"8",":@computed_region_ajp5_b2md":"16",":@computed_region_bz92_g22m":"2"}},
{"type":"Feature","geometry":{"type":"Point","coordinates":[-122.41769,37.783353]},"properties":{"name":"Tenderloin Pit Stop - Eddy and Larkin streets","uid":"4120272628029297521","resource_type":"restroom","water_fountain":"0","bottle_filler":"0","jug_filler":"0","dog_fountain":"0","latitude":"37.783353","longitude":"-122.41769","address":"Eddy and Larkin streets","city":"San Francisco","state":"CA","zip_code":null,"park":null,"access":"publicly_accessible","public_access_hours_open":"18:00:00","public_access_hours_close":"06:00:00","public_access_days":"Daily","notes":null,"source":"pit_stop","supervisor_district":"5","analysis_neighborhood":"Tenderloin","data_as_of":"2026-05-01T09:05:46.591","data_loaded_at":"2026-05-01T09:08:14.258",":id":"row-7xrm~cvvb.ez9y",":version":"rv-2hdc_yv57_vdqs",":created_at":"2026-05-01T16:08:20.998Z",":updated_at":"2026-05-01T16:08:25.342Z",":@computed_region_jwn9_ihcz":"20",":@computed_region_qgnn_b9vv":"5",":@computed_region_26cr_cadq":"10",":@computed_region_ajp5_b2md":"36",":@computed_region_bz92_g22m":null}},
{"type":"Feature","geometry":{"type":"Point","coordinates":[-122.478895776,37.735598214]},"properties":{"name":"Goldman Restrooms","uid":"5975078172278772254","resource_type":"restroom","water_fountain":"0","bottle_filler":"0","jug_filler":"0","dog_fountain":"0","latitude":"37.73559821440544","longitude":"-122.47889577631095","address":"2899 19th Ave","city":"San Francisco","state":"CA","zip_code":"94132","park":"Sigmund Stern Recreation Grove","access":"publicly_accessible","public_access_hours_open":"08:00:00","public_access_hours_close":"20:00:00","public_access_days":"Daily","notes":null,"source":"rec","supervisor_district":"4","analysis_neighborhood":"Sunset/Parkside","data_as_of":"2025-12-08T11:45:05.000","data_loaded_at":"2026-05-01T09:08:14.258",":id":"row-scgt.yrx2_ibt3",":version":"rv-rr78_2thv~x932",":created_at":"2026-05-01T16:08:20.998Z",":updated_at":"2026-05-01T16:08:25.342Z",":@computed_region_jwn9_ihcz":"40",":@computed_region_qgnn_b9vv":"10",":@computed_region_26cr_cadq":"7",":@computed_region_ajp5_b2md":"35",":@computed_region_bz92_g22m":"112"}},
{"type":"Feature","geometry":{"type":"Point","coordinates":[-122.393378227,37.725393444]},"properties":{"name":"MLK Pool","uid":"4890791811696538934","resource_type":"restroom","water_fountain":"0","bottle_filler":"0","jug_filler":"0","dog_fountain":"0","latitude":"37.725393444045885","longitude":"-122.39337822699898","address":"5701 3rd St","city":"San Francisco","state":"CA","zip_code":"94124","park":"Bayview K.C. Jones Playground","access":"publicly_accessible","public_access_hours_open":"08:00:00","public_access_hours_close":"20:00:00","public_access_days":"Daily","notes":null,"source":"rec","supervisor_district":"10","analysis_neighborhood":"Bayview Hunters Point","data_as_of":"2026-02-05T12:11:25.000","data_loaded_at":"2026-05-01T09:08:14.258",":id":"row-ht7v~admd.yinn",":version":"rv-4qhu_hkpm~qnqj",":created_at":"2026-05-01T16:08:20.998Z",":updated_at":"2026-05-01T16:08:25.342Z",":@computed_region_jwn9_ihcz":"86",":@computed_region_qgnn_b9vv":"2",":@computed_region_26cr_cadq":"9",":@computed_region_ajp5_b2md":"1",":@computed_region_bz92_g22m":"77"}},
{"type":"Feature","geometry":{"type":"Point","coordinates":[-122.499528299,37.725608299]},"properties":{"name":"Lake Merced Boathouse","uid":"4000040349104825380","resource_type":"restroom","water_fountain":"0","bottle_filler":"0","jug_filler":"0","dog_fountain":"0","latitude":"37.72560829903569","longitude":"-122.4995282990481","address":"1 Harding Rd","city":"San Francisco","state":"CA","zip_code":"94132","park":"Lake Merced Park","access":"limited_access","public_access_hours_open":"08:00:00","public_access_hours_close":"20:00:00","public_access_days":"Daily","notes":null,"source":"rec","supervisor_district":"7","analysis_neighborhood":"Lakeshore","data_as_of":"2025-12-08T11:45:05.000","data_loaded_at":"2026-05-01T09:08:14.258",":id":"row-u3gg~gbew.b95c",":version":"rv-y8xe~iswi_exzf",":created_at":"2026-05-01T16:08:20.998Z",":updated_at":"2026-05-01T16:08:25.342Z",":@computed_region_jwn9_ihcz":"43",":@computed_region_qgnn_b9vv":"10",":@computed_region_26cr_cadq":"8",":@computed_region_ajp5_b2md":"16",":@computed_region_bz92_g22m":"2"}},
{"type":"Feature","geometry":{"type":"Point","coordinates":[-122.388354982,37.716801116]},"properties":{"name":"Gilman Clubhouse","uid":"5040493411167008693","resource_type":"restroom","water_fountain":"0","bottle_filler":"0","jug_filler":"0","dog_fountain":"0","latitude":"37.7168011155543","longitude":"-122.38835498219412","address":"993 Gilman Ave","city":"San Francisco","state":"CA","zip_code":"94124","park":"Gilman Playground","access":"publicly_accessible","public_access_hours_open":"08:00:00","public_access_hours_close":"20:00:00","public_access_days":"Daily","notes":null,"source":"rec","supervisor_district":"10","analysis_neighborhood":"Bayview Hunters Point","data_as_of":"2026-02-05T12:11:25.000","data_loaded_at":"2026-05-01T09:08:14.258",":id":"row-ej4z.qvq3.52si",":version":"rv-z9y3~it4s.xtrs",":created_at":"2026-05-01T16:08:20.998Z",":updated_at":"2026-05-01T16:08:25.342Z",":@computed_region_jwn9_ihcz":"88",":@computed_region_qgnn_b9vv":"2",":@computed_region_26cr_cadq":"9",":@computed_region_ajp5_b2md":"1",":@computed_region_bz92_g22m":"169"}},
{"type":"Feature","geometry":{"type":"Point","coordinates":[-122.4157402,37.7825365]},"properties":{"name":"Tenderloin Pit Stop - Turk and Hyde streets","uid":"4596080096965280480","resource_type":"restroom","water_fountain":"0","bottle_filler":"0","jug_filler":"0","dog_fountain":"0","latitude":"37.7825365","longitude":"-122.4157402","address":"Turk and Hyde streets","city":"San Francisco","state":"CA","zip_code":null,"park":null,"access":"publicly_accessible","public_access_hours_open":"08:00:00","public_access_hours_close":"20:00:00","public_access_days":"Daily","notes":null,"source":"pit_stop","supervisor_district":"5","analysis_neighborhood":"Tenderloin","data_as_of":"2026-05-01T09:05:46.591","data_loaded_at":"2026-05-01T09:08:14.258",":id":"row-pf5y~tri7_ya8i",":version":"rv-erde-kimw-esyz",":created_at":"2026-05-01T16:08:20.998Z",":updated_at":"2026-05-01T16:08:25.342Z",":@computed_region_jwn9_ihcz":"20",":@computed_region_qgnn_b9vv":"5",":@computed_region_26cr_cadq":"10",":@computed_region_ajp5_b2md":"36",":@computed_region_bz92_g22m":null}},
{"type":"Feature","geometry":{"type":"Point","coordinates":[-122.438167719,37.791246676]},"properties":{"name":"Restrooms","uid":"8500089597454184419","resource_type":"restroom","water_fountain":"0","bottle_filler":"0","jug_filler":"0","dog_fountain":"0","latitude":"37.791246676322935","longitude":"-122.43816771879783","address":"2501 Jackson St","city":"San Francisco","state":"CA","zip_code":"94115","park":"Alta Plaza Park","access":"publicly_accessible","public_access_hours_open":"08:00:00","public_access_hours_close":"20:00:00","public_access_days":"Daily","notes":null,"source":"rec","supervisor_district":"2","analysis_neighborhood":"Pacific Heights","data_as_of":"2025-12-08T11:45:05.000","data_loaded_at":"2026-05-01T09:08:14.258",":id":"row-nb38~5dbm.weyh",":version":"rv-mvdr.xtfd~3i54",":created_at":"2026-05-01T16:08:20.998Z",":updated_at":"2026-05-01T16:08:25.342Z",":@computed_region_jwn9_ihcz":"102",":@computed_region_qgnn_b9vv":"4",":@computed_region_26cr_cadq":"6",":@computed_region_ajp5_b2md":"30",":@computed_region_bz92_g22m":"149"}},
{"type":"Feature","geometry":{"type":"Point","coordinates":[-122.416377893,37.713943316]},"properties":{"name":"Herz Playground Clubhouse","uid":"7366075405665591286","resource_type":"restroom","water_fountain":"0","bottle_filler":"0","jug_filler":"0","dog_fountain":"0","latitude":"37.71394331638006","longitude":"-122.41637789348134","address":"1701 Visitacion Ave","city":"San Francisco","state":"CA","zip_code":"94134","park":"Herz Playground","access":"publicly_accessible","public_access_hours_open":"08:00:00","public_access_hours_close":"20:00:00","public_access_days":"Daily","notes":null,"source":"rec","supervisor_district":"10","analysis_neighborhood":"McLaren Park","data_as_of":"2026-02-05T12:11:25.000","data_loaded_at":"2026-05-01T09:08:14.258",":id":"row-6pt8_pyfw.einc",":version":"rv-v8gm.d6a6~yreu",":created_at":"2026-05-01T16:08:20.998Z",":updated_at":"2026-05-01T16:08:25.342Z",":@computed_region_jwn9_ihcz":"73",":@computed_region_qgnn_b9vv":"9",":@computed_region_26cr_cadq":"9",":@computed_region_ajp5_b2md":"19",":@computed_region_bz92_g22m":"15"}},
{"type":"Feature","geometry":{"type":"Point","coordinates":[-122.4119361,37.7858991]},"properties":{"name":"Tenderloin Pit Stop - 474 O'Farrell St.","uid":"3505190812937180651","resource_type":"restroom","water_fountain":"0","bottle_filler":"0","jug_filler":"0","dog_fountain":"0","latitude":"37.7858991","longitude":"-122.4119361","address":"474 O'Farrell St.","city":"San Francisco","state":"CA","zip_code":null,"park":null,"access":"publicly_accessible","public_access_hours_open":"00:00:00","public_access_hours_close":"24:00:00","public_access_days":"Daily","notes":null,"source":"pit_stop","supervisor_district":"5","analysis_neighborhood":"Tenderloin","data_as_of":"2026-05-01T09:05:46.591","data_loaded_at":"2026-05-01T09:08:14.258",":id":"row-85bp.j7cd.vket",":version":"rv-k9nz_ssv6.378v",":created_at":"2026-05-01T16:08:20.998Z",":updated_at":"2026-05-01T16:08:25.342Z",":@computed_region_jwn9_ihcz":"20",":@computed_region_qgnn_b9vv":"5",":@computed_region_26cr_cadq":"10",":@computed_region_ajp5_b2md":"36",":@computed_region_bz92_g22m":null}},
{"type":"Feature","geometry":{"type":"Point","coordinates":[-122.410559,37.811076]},"properties":{"name":"Pier 40","uid":"4462729660452543366","resource_type":"restroom","water_fountain":"0","bottle_filler":"0","jug_filler":"0","dog_fountain":"0","latitude":"37.811076","longitude":"-122.410559","address":"2 Beach st","city":"San Francisco","state":"CA","zip_code":"94133","park":null,"access":"publicly_accessible","public_access_hours_open":"07:00:00","public_access_hours_close":"22:00:00","public_access_days":"Daily","notes":"Level 1 by Players Sports Grill & Arcade","source":"port","supervisor_district":"3","analysis_neighborhood":"North Beach","data_as_of":"2024-10-04T13:51:23.000","data_loaded_at":"2026-05-01T09:08:14.258",":id":"row-jv2w~vj62-z2jq",":version":"rv-miz3_n86y-f6qv",":created_at":"2026-05-01T16:08:20.998Z",":updated_at":"2026-05-01T16:08:25.342Z",":@computed_region_jwn9_ihcz":"99",":@computed_region_qgnn_b9vv":"6",":@computed_region_26cr_cadq":"3",":@computed_region_ajp5_b2md":"23",":@computed_region_bz92_g22m":null}},
{"type":"Feature","geometry":{"type":"Point","coordinates":[-122.43968177,37.746283221]},"properties":{"name":"Restroom","uid":"7640662122747861266","resource_type":"restroom","water_fountain":"0","bottle_filler":"0","jug_filler":"0","dog_fountain":"0","latitude":"37.746283220704726","longitude":"-122.439681769834","address":"1098 Douglass St","city":"San Francisco","state":"CA","zip_code":"94131","park":"Douglass Playground","access":"publicly_accessible","public_access_hours_open":"08:00:00","public_access_hours_close":"20:00:00","public_access_days":"Daily","notes":null,"source":"rec","supervisor_district":"8","analysis_neighborhood":"Noe Valley","data_as_of":"2025-12-08T11:45:05.000","data_loaded_at":"2026-05-01T09:08:14.258",":id":"row-2txb-ten4.wvp2",":version":"rv-7x2p_y2wh~trpt",":created_at":"2026-05-01T16:08:20.998Z",":updated_at":"2026-05-01T16:08:25.342Z",":@computed_region_jwn9_ihcz":"57",":@computed_region_qgnn_b9vv":"3",":@computed_region_26cr_cadq":"5",":@computed_region_ajp5_b2md":"22",":@computed_region_bz92_g22m":"206"}},
{"type":"Feature","geometry":{"type":"Point","coordinates":[-122.411813766,37.784313368]},"properties":{"name":"Boeddeker Clubhouse","uid":"6509048567539336556","resource_type":"restroom","water_fountain":"0","bottle_filler":"0","jug_filler":"0","dog_fountain":"0","latitude":"37.78431336786683","longitude":"-122.41181376631955","address":"246 Eddy St","city":"San Francisco","state":"CA","zip_code":"94102","park":"Father Alfred Boeddeker Park","access":"publicly_accessible","public_access_hours_open":"08:00:00","public_access_hours_close":"20:00:00","public_access_days":"Daily","notes":null,"source":"rec","supervisor_district":"5","analysis_neighborhood":"Tenderloin","data_as_of":"2026-02-05T12:11:25.000","data_loaded_at":"2026-05-01T09:08:14.258",":id":"row-gfb8-j57i~r85t",":version":"rv-vc4i_8wy9_xb7t",":created_at":"2026-05-01T16:08:20.998Z",":updated_at":"2026-05-01T16:08:25.342Z",":@computed_region_jwn9_ihcz":"20",":@computed_region_qgnn_b9vv":"5",":@computed_region_26cr_cadq":"10",":@computed_region_ajp5_b2md":"36",":@computed_region_bz92_g22m":"162"}},
{"type":"Feature","geometry":{"type":"Point","coordinates":[-122.468358477,37.7668052]},"properties":{"name":"South Restrooms","uid":"709146778819532938","resource_type":"restroom","water_fountain":"0","bottle_filler":"0","jug_filler":"0","dog_fountain":"0","latitude":"37.76680520015098","longitude":"-122.4683584765777","address":"501 Stanyan St","city":"San Francisco","state":"CA","zip_code":"94122","park":"Golden Gate Park - Section 3","access":"publicly_accessible","public_access_hours_open":"08:00:00","public_access_hours_close":"20:00:00","public_access_days":"Daily","notes":null,"source":"rec","supervisor_district":"7","analysis_neighborhood":"Golden Gate Park","data_as_of":"2025-12-08T11:45:05.000","data_loaded_at":"2026-05-01T09:08:14.258",":id":"row-x7ij_qyz9_5miq",":version":"rv-7ydg-8j9q-n9f6",":created_at":"2026-05-01T16:08:20.998Z",":updated_at":"2026-05-01T16:08:25.342Z",":@computed_region_jwn9_ihcz":"9",":@computed_region_qgnn_b9vv":"8",":@computed_region_26cr_cadq":"11",":@computed_region_ajp5_b2md":"12",":@computed_region_bz92_g22m":"231"}},
{"type":"Feature","geometry":{"type":"Point","coordinates":[-122.43182548,37.715219262]},"properties":{"name":"Crocker Amazon Clubhouse","uid":"7495279004308334249","resource_type":"restroom","water_fountain":"0","bottle_filler":"0","jug_filler":"0","dog_fountain":"0","latitude":"37.715219262285814","longitude":"-122.43182547973997","address":"799 Moscow St","city":"San Francisco","state":"CA","zip_code":"94134","park":"Crocker Amazon Playground","access":"publicly_accessible","public_access_hours_open":"08:00:00","public_access_hours_close":"20:00:00","public_access_days":"Daily","notes":null,"source":"rec","supervisor_district":"11","analysis_neighborhood":"Excelsior","data_as_of":"2026-02-05T12:11:25.000","data_loaded_at":"2026-05-01T09:08:14.258",":id":"row-vh6d_9cp4_wxbd",":version":"rv-9zaj~fsut.gh7x",":created_at":"2026-05-01T16:08:20.998Z",":updated_at":"2026-05-01T16:08:25.342Z",":@computed_region_jwn9_ihcz":"58",":@computed_region_qgnn_b9vv":"9",":@computed_region_26cr_cadq":"1",":@computed_region_ajp5_b2md":"7",":@computed_region_bz92_g22m":"158"}},
{"type":"Feature","geometry":{"type":"Point","coordinates":[-122.387319,37.7428]},"properties":{"name":"Southeast Community Center Restroom","uid":"2641768654156405405","resource_type":"restroom","water_fountain":"0","bottle_filler":"0","jug_filler":"0","dog_fountain":"0","latitude":"37.7428","longitude":"-122.387319","address":"1550 Evans Ave","city":"San Francisco","state":"CA","zip_code":"94124","park":null,"access":"limited_access","public_access_hours_open":"07:00:00","public_access_hours_close":"19:00:00","public_access_days":"Weekdays","notes":null,"source":"puc","supervisor_district":"10","analysis_neighborhood":"Bayview Hunters Point","data_as_of":"2024-06-27T13:43:12.000","data_loaded_at":"2026-05-01T09:08:14.258",":id":"row-uatr~v6hd-a5z8",":version":"rv-bhqr~53s3-67eg",":created_at":"2026-05-01T16:08:20.998Z",":updated_at":"2026-05-01T16:08:25.342Z",":@computed_region_jwn9_ihcz":"76",":@computed_region_qgnn_b9vv":"2",":@computed_region_26cr_cadq":"9",":@computed_region_ajp5_b2md":"1",":@computed_region_bz92_g22m":null}},
{"type":"Feature","geometry":{"type":"Point","coordinates":[-122.440790235,37.731975542]},"properties":{"name":"Sunnyside Conservatory","uid":"3755932850212164196","resource_type":"restroom","water_fountain":"0","bottle_filler":"0","jug_filler":"0","dog_fountain":"0","latitude":"37.73197554183897","longitude":"-122.44079023510649","address":"236 Monterey Blvd","city":"San Francisco","state":"CA","zip_code":"94131","park":"Sunnyside Conservatory","access":"publicly_accessible","public_access_hours_open":"08:00:00","public_access_hours_close":"20:00:00","public_access_days":"Daily","notes":null,"source":"rec","supervisor_district":"7","analysis_neighborhood":"West of Twin Peaks","data_as_of":"2026-02-05T12:11:25.000","data_loaded_at":"2026-05-01T09:08:14.258",":id":"row-sabc-cnn3_qt75",":version":"rv-karf_jvb9_z5w8",":created_at":"2026-05-01T16:08:20.998Z",":updated_at":"2026-05-01T16:08:25.342Z",":@computed_region_jwn9_ihcz":"95",":@computed_region_qgnn_b9vv":"9",":@computed_region_26cr_cadq":"8",":@computed_region_ajp5_b2md":"41",":@computed_region_bz92_g22m":"106"}},
{"type":"Feature","geometry":{"type":"Point","coordinates":[-122.425854152,37.780618192]},"properties":{"name":"Hayward Clubhouse","uid":"5112131760554097764","resource_type":"restroom","water_fountain":"0","bottle_filler":"0","jug_filler":"0","dog_fountain":"0","latitude":"37.7806181921801","longitude":"-122.4258541523236","address":"1016 Laguna St","city":"San Francisco","state":"CA","zip_code":"94102","park":"Margaret S Hayward Playground","access":"publicly_accessible","public_access_hours_open":"08:00:00","public_access_hours_close":"20:00:00","public_access_days":"Daily","notes":null,"source":"rec","supervisor_district":"5","analysis_neighborhood":"Western Addition","data_as_of":"2026-02-05T12:11:25.000","data_loaded_at":"2026-05-01T09:08:14.258",":id":"row-jj6h-mvqd~crz9",":version":"rv-jxt9~d49q_v8uz",":created_at":"2026-05-01T16:08:20.998Z",":updated_at":"2026-05-01T16:08:25.342Z",":@computed_region_jwn9_ihcz":"100",":@computed_region_qgnn_b9vv":"4",":@computed_region_26cr_cadq":"11",":@computed_region_ajp5_b2md":"39",":@computed_region_bz92_g22m":"140"}},
{"type":"Feature","geometry":{"type":"Point","coordinates":[-122.458248055,37.768256254]},"properties":{"name":"Sahron Arts Studio","uid":"6775229894670070201","resource_type":"restroom","water_fountain":"0","bottle_filler":"0","jug_filler":"0","dog_fountain":"0","latitude":"37.76825625447837","longitude":"-122.45824805500096","address":"501 Stanyan St","city":"San Francisco","state":"CA","zip_code":"94122","park":"Golden Gate Park - Section 7","access":"publicly_accessible","public_access_hours_open":"08:00:00","public_access_hours_close":"20:00:00","public_access_days":"Daily","notes":null,"source":"rec","supervisor_district":"7","analysis_neighborhood":"Golden Gate Park","data_as_of":"2026-02-05T12:11:25.000","data_loaded_at":"2026-05-01T09:08:14.258",":id":"row-7x58~gxma~ifu5",":version":"rv-9wrf.nq4q-nimq",":created_at":"2026-05-01T16:08:20.998Z",":updated_at":"2026-05-01T16:08:25.342Z",":@computed_region_jwn9_ihcz":"9",":@computed_region_qgnn_b9vv":"7",":@computed_region_26cr_cadq":"11",":@computed_region_ajp5_b2md":"12",":@computed_region_bz92_g22m":"228"}},
{"type":"Feature","geometry":{"type":"Point","coordinates":[-122.393033276,37.72556151]},"properties":{"name":"Restrooms","uid":"3716887207824175655","resource_type":"restroom","water_fountain":"0","bottle_filler":"0","jug_filler":"0","dog_fountain":"0","latitude":"37.72556151016532","longitude":"-122.3930332763541","address":"5701 3rd St","city":"San Francisco","state":"CA","zip_code":"94124","park":"Bayview K.C. Jones Playground","access":"publicly_accessible","public_access_hours_open":"08:00:00","public_access_hours_close":"20:00:00","public_access_days":"Daily","notes":null,"source":"rec","supervisor_district":"10","analysis_neighborhood":"Bayview Hunters Point","data_as_of":"2025-12-08T11:45:05.000","data_loaded_at":"2026-05-01T09:08:14.258",":id":"row-4ccz.3t9a_nysz",":version":"rv-8h24_9853.xnb4",":created_at":"2026-05-01T16:08:20.998Z",":updated_at":"2026-05-01T16:08:25.342Z",":@computed_region_jwn9_ihcz":"86",":@computed_region_qgnn_b9vv":"2",":@computed_region_26cr_cadq":"9",":@computed_region_ajp5_b2md":"1",":@computed_region_bz92_g22m":"77"}},
{"type":"Feature","geometry":{"type":"Point","coordinates":[-122.406339175,37.778786898]},"properties":{"name":"Gene Friend Rec Center","uid":"3955966375932038830","resource_type":"restroom","water_fountain":"0","bottle_filler":"0","jug_filler":"0","dog_fountain":"0","latitude":"37.77878689761464","longitude":"-122.40633917526318","address":"270 6th St","city":"San Francisco","state":"CA","zip_code":"94103","park":"Eugene Friend Rec Center","access":"publicly_accessible","public_access_hours_open":"08:00:00","public_access_hours_close":"20:00:00","public_access_days":"Daily","notes":null,"source":"rec","supervisor_district":"6","analysis_neighborhood":"South of Market","data_as_of":"2026-02-05T12:11:25.000","data_loaded_at":"2026-05-01T09:08:14.258",":id":"row-vgr6~urpq-cmif",":version":"rv-aupw_9tt8_rua3",":created_at":"2026-05-01T16:08:20.998Z",":updated_at":"2026-05-01T16:08:25.342Z",":@computed_region_jwn9_ihcz":"32",":@computed_region_qgnn_b9vv":"1",":@computed_region_26cr_cadq":"10",":@computed_region_ajp5_b2md":"34",":@computed_region_bz92_g22m":"166"}},
{"type":"Feature","geometry":{"type":"Point","coordinates":[-122.420633275,37.722121818]},"properties":{"name":"Picnic Restrooms","uid":"6482105904994530634","resource_type":"restroom","water_fountain":"0","bottle_filler":"0","jug_filler":"0","dog_fountain":"0","latitude":"37.72212181783648","longitude":"-122.42063327508882","address":"100 John F Shelley Dr","city":"San Francisco","state":"CA","zip_code":"94134","park":null,"access":"publicly_accessible","public_access_hours_open":"08:00:00","public_access_hours_close":"20:00:00","public_access_days":"Daily","notes":null,"source":"rec","supervisor_district":"9","analysis_neighborhood":"McLaren Park","data_as_of":"2026-03-11T15:18:39.000","data_loaded_at":"2026-05-01T09:08:14.258",":id":"row-9f7t_nhkd_i2ic",":version":"rv-a4wx~ttyu~e8m4",":created_at":"2026-05-01T16:08:20.998Z",":updated_at":"2026-05-01T16:08:25.342Z",":@computed_region_jwn9_ihcz":"73",":@computed_region_qgnn_b9vv":"9",":@computed_region_26cr_cadq":"2",":@computed_region_ajp5_b2md":"19",":@computed_region_bz92_g22m":"7"}},
{"type":"Feature","geometry":{"type":"Point","coordinates":[-122.420586695,37.737122693]},"properties":{"name":"Restrooms","uid":"4224576772754543358","resource_type":"restroom","water_fountain":"0","bottle_filler":"0","jug_filler":"0","dog_fountain":"0","latitude":"37.73712269269158","longitude":"-122.4205866946751","address":null,"city":"San Francisco","state":"CA","zip_code":"94110","park":"Holly Park","access":"publicly_accessible","public_access_hours_open":"08:00:00","public_access_hours_close":"20:00:00","public_access_days":"Daily","notes":null,"source":"rec","supervisor_district":"9","analysis_neighborhood":"Bernal Heights","data_as_of":"2025-12-08T11:45:05.000","data_loaded_at":"2026-05-01T09:08:14.258",":id":"row-cib6-p6et.9knv",":version":"rv-37sd.gfvk_9pcs",":created_at":"2026-05-01T16:08:20.998Z",":updated_at":"2026-05-01T16:08:25.342Z",":@computed_region_jwn9_ihcz":"61",":@computed_region_qgnn_b9vv":"9",":@computed_region_26cr_cadq":"2",":@computed_region_ajp5_b2md":"2",":@computed_region_bz92_g22m":"47"}},
{"type":"Feature","geometry":{"type":"Point","coordinates":[-122.388785868,37.717183487]},"properties":{"name":"Restrooms","uid":"1329247805289178642","resource_type":"restroom","water_fountain":"0","bottle_filler":"0","jug_filler":"0","dog_fountain":"0","latitude":"37.71718348711116","longitude":"-122.38878586806764","address":"993 Gilman Ave","city":"San Francisco","state":"CA","zip_code":"94124","park":"Gilman Playground","access":"publicly_accessible","public_access_hours_open":"08:00:00","public_access_hours_close":"20:00:00","public_access_days":"Daily","notes":null,"source":"rec","supervisor_district":"10","analysis_neighborhood":"Bayview Hunters Point","data_as_of":"2025-12-08T11:45:05.000","data_loaded_at":"2026-05-01T09:08:14.258",":id":"row-z3g2_kk87.epjg",":version":"rv-3s8b.dqcb_pq38",":created_at":"2026-05-01T16:08:20.998Z",":updated_at":"2026-05-01T16:08:25.342Z",":@computed_region_jwn9_ihcz":"88",":@computed_region_qgnn_b9vv":"2",":@computed_region_26cr_cadq":"9",":@computed_region_ajp5_b2md":"1",":@computed_region_bz92_g22m":"169"}},
{"type":"Feature","geometry":{"type":"Point","coordinates":[-122.412696225,37.719149575]},"properties":{"name":"McLaren Mansell Clubhouse","uid":"4653891988982245606","resource_type":"restroom","water_fountain":"0","bottle_filler":"0","jug_filler":"0","dog_fountain":"0","latitude":"37.719149575290196","longitude":"-122.41269622530474","address":null,"city":"San Francisco","state":"CA","zip_code":"94134","park":"John McLaren Park","access":"publicly_accessible","public_access_hours_open":"08:00:00","public_access_hours_close":"20:00:00","public_access_days":"Daily","notes":null,"source":"rec","supervisor_district":"9","analysis_neighborhood":"McLaren Park","data_as_of":"2026-02-05T12:11:25.000","data_loaded_at":"2026-05-01T09:08:14.258",":id":"row-uvmz.7y2f_syix",":version":"rv-3u3k_zbm2_2rcv",":created_at":"2026-05-01T16:08:20.998Z",":updated_at":"2026-05-01T16:08:25.342Z",":@computed_region_jwn9_ihcz":"73",":@computed_region_qgnn_b9vv":"9",":@computed_region_26cr_cadq":"2",":@computed_region_ajp5_b2md":"19",":@computed_region_bz92_g22m":"7"}},
{"type":"Feature","geometry":{"type":"Point","coordinates":[-122.405338983,37.795020583]},"properties":{"name":"Portsmouth Square Clubhouse","uid":"5076840125778629956","resource_type":"restroom","water_fountain":"0","bottle_filler":"0","jug_filler":"0","dog_fountain":"0","latitude":"37.79502058335492","longitude":"-122.4053389832496","address":"745 Kearny St","city":"San Francisco","state":"CA","zip_code":"94108","park":"Portsmouth Square","access":"publicly_accessible","public_access_hours_open":"08:00:00","public_access_hours_close":"20:00:00","public_access_days":"Daily","notes":null,"source":"rec","supervisor_district":"3","analysis_neighborhood":"Chinatown","data_as_of":"2026-02-05T12:11:25.000","data_loaded_at":"2026-05-01T09:08:14.258",":id":"row-ub4r~eequ~tmzk",":version":"rv-xshw~5mp3-a9zh",":created_at":"2026-05-01T16:08:20.998Z",":updated_at":"2026-05-01T16:08:25.342Z",":@computed_region_jwn9_ihcz":"104",":@computed_region_qgnn_b9vv":"6",":@computed_region_26cr_cadq":"3",":@computed_region_ajp5_b2md":"6",":@computed_region_bz92_g22m":"127"}},
{"type":"Feature","geometry":{"type":"Point","coordinates":[-122.5091618,37.7603081]},"properties":{"name":"Outer Sunset Pit Stop - Judah and La Playa streets (Rec Park)","uid":"6773564667651549547","resource_type":"restroom","water_fountain":"0","bottle_filler":"0","jug_filler":"0","dog_fountain":"0","latitude":"37.7603081","longitude":"-122.5091618","address":"Judah and La Playa streets (Rec Park)","city":"San Francisco","state":"CA","zip_code":null,"park":null,"access":"publicly_accessible","public_access_hours_open":"08:00:00","public_access_hours_close":"20:00:00","public_access_days":"Daily","notes":null,"source":"pit_stop","supervisor_district":"4","analysis_neighborhood":"Sunset/Parkside","data_as_of":"2026-05-01T09:05:46.591","data_loaded_at":"2026-05-01T09:08:14.258",":id":"row-udie~de3p_2pjp",":version":"rv-n9e7.av6q-gn9i",":created_at":"2026-05-01T16:08:20.998Z",":updated_at":"2026-05-01T16:08:25.342Z",":@computed_region_jwn9_ihcz":"39",":@computed_region_qgnn_b9vv":"10",":@computed_region_26cr_cadq":"7",":@computed_region_ajp5_b2md":"35",":@computed_region_bz92_g22m":null}},
{"type":"Feature","geometry":{"type":"Point","coordinates":[-122.411970715,37.749976627]},"properties":{"name":"Garfield Pool","uid":"1317162167191443388","resource_type":"restroom","water_fountain":"0","bottle_filler":"0","jug_filler":"0","dog_fountain":"0","latitude":"37.74997662698289","longitude":"-122.41197071538717","address":"3100 26th St","city":"San Francisco","state":"CA","zip_code":"94110","park":"Garfield Square","access":"publicly_accessible","public_access_hours_open":"08:00:00","public_access_hours_close":"20:00:00","public_access_days":"Daily","notes":null,"source":"rec","supervisor_district":"9","analysis_neighborhood":"Mission","data_as_of":"2026-02-05T12:11:25.000","data_loaded_at":"2026-05-01T09:08:14.258",":id":"row-5i99.3hxx~2y3x",":version":"rv-gbvw_q3fy_sxcv",":created_at":"2026-05-01T16:08:20.998Z",":updated_at":"2026-05-01T16:08:25.342Z",":@computed_region_jwn9_ihcz":"53",":@computed_region_qgnn_b9vv":"3",":@computed_region_26cr_cadq":"2",":@computed_region_ajp5_b2md":"20",":@computed_region_bz92_g22m":"165"}},
{"type":"Feature","geometry":{"type":"Point","coordinates":[-122.478093445,37.783405582]},"properties":{"name":"Richmond Rec Center","uid":"6492148637033534034","resource_type":"restroom","water_fountain":"0","bottle_filler":"0","jug_filler":"0","dog_fountain":"0","latitude":"37.78340558211029","longitude":"-122.47809344482836","address":"251 18th Ave","city":"San Francisco","state":"CA","zip_code":"94121","park":"Richmond Rec Center","access":"publicly_accessible","public_access_hours_open":"08:00:00","public_access_hours_close":"20:00:00","public_access_days":"Daily","notes":null,"source":"rec","supervisor_district":"1","analysis_neighborhood":"Outer Richmond","data_as_of":"2026-02-05T12:11:25.000","data_loaded_at":"2026-05-01T09:08:14.258",":id":"row-6efm_y4z5~7dzt",":version":"rv-mbtt.xudz~a9yu",":created_at":"2026-05-01T16:08:20.998Z",":updated_at":"2026-05-01T16:08:25.342Z",":@computed_region_jwn9_ihcz":"5",":@computed_region_qgnn_b9vv":"8",":@computed_region_26cr_cadq":"4",":@computed_region_ajp5_b2md":"29",":@computed_region_bz92_g22m":"121"}},
{"type":"Feature","geometry":{"type":"Point","coordinates":[-122.447662966,37.772367086]},"properties":{"name":"Restrooms","uid":"4704538265672570801","resource_type":"restroom","water_fountain":"0","bottle_filler":"0","jug_filler":"0","dog_fountain":"0","latitude":"37.77236708615375","longitude":"-122.44766296625346","address":"501 Stanyan St","city":"San Francisco","state":"CA","zip_code":"94117","park":"Golden Gate Park - Section 1","access":"publicly_accessible","public_access_hours_open":"08:00:00","public_access_hours_close":"20:00:00","public_access_days":"Daily","notes":null,"source":"rec","supervisor_district":"5","analysis_neighborhood":"Golden Gate Park","data_as_of":"2025-12-08T11:45:05.000","data_loaded_at":"2026-05-01T09:08:14.258",":id":"row-9zf6~axdr-dc8d",":version":"rv-pzdb.e6ah-e4nk",":created_at":"2026-05-01T16:08:20.998Z",":updated_at":"2026-05-01T16:08:25.342Z",":@computed_region_jwn9_ihcz":"24",":@computed_region_qgnn_b9vv":"7",":@computed_region_26cr_cadq":"11",":@computed_region_ajp5_b2md":"12",":@computed_region_bz92_g22m":"229"}},
{"type":"Feature","geometry":{"type":"Point","coordinates":[-122.410821,37.810489]},"properties":{"name":"Pier 41","uid":"5833182095630630815","resource_type":"restroom","water_fountain":"0","bottle_filler":"0","jug_filler":"0","dog_fountain":"0","latitude":"37.810489","longitude":"-122.410821","address":"Fishermans's Wharf","city":"San Francisco","state":"CA","zip_code":"94133","park":null,"access":"publicly_accessible","public_access_hours_open":"07:00:00","public_access_hours_close":"22:00:00","public_access_days":"Daily","notes":"Level 2 behind Swiss Louis","source":"port","supervisor_district":"3","analysis_neighborhood":"North Beach","data_as_of":"2024-10-04T13:51:23.000","data_loaded_at":"2026-05-01T09:08:14.258",":id":"row-ty93_zzfd~4xc6",":version":"rv-sjy3.u2xe.zth8",":created_at":"2026-05-01T16:08:20.998Z",":updated_at":"2026-05-01T16:08:25.342Z",":@computed_region_jwn9_ihcz":"99",":@computed_region_qgnn_b9vv":"6",":@computed_region_26cr_cadq":"3",":@computed_region_ajp5_b2md":"23",":@computed_region_bz92_g22m":null}},
{"type":"Feature","geometry":{"type":"Point","coordinates":[-122.41391608,37.754352429]},"properties":{"name":"Parque Ninos Unidos Clubhouse","uid":"423313379263490907","resource_type":"restroom","water_fountain":"0","bottle_filler":"0","jug_filler":"0","dog_fountain":"0","latitude":"37.7543524293949","longitude":"-122.41391608032227","address":"3070 23rd St","city":"San Francisco","state":"CA","zip_code":"94110","park":"Parque Ninos Unidos","access":"publicly_accessible","public_access_hours_open":"08:00:00","public_access_hours_close":"20:00:00","public_access_days":"Daily","notes":null,"source":"rec","supervisor_district":"9","analysis_neighborhood":"Mission","data_as_of":"2026-02-05T12:11:25.000","data_loaded_at":"2026-05-01T09:08:14.258",":id":"row-sstq_gv2x_wxph",":version":"rv-gyuj_2i44_4hsf",":created_at":"2026-05-01T16:08:20.998Z",":updated_at":"2026-05-01T16:08:25.342Z",":@computed_region_jwn9_ihcz":"53",":@computed_region_qgnn_b9vv":"3",":@computed_region_26cr_cadq":"2",":@computed_region_ajp5_b2md":"20",":@computed_region_bz92_g22m":null}},
{"type":"Feature","geometry":{"type":"Point","coordinates":[-122.38563,37.76059]},"properties":{"name":"Pier 70","uid":"2941591578252748830","resource_type":"restroom","water_fountain":"0","bottle_filler":"0","jug_filler":"0","dog_fountain":"0","latitude":"37.76059","longitude":"-122.38563","address":"525 20th St","city":"San Francisco","state":"CA","zip_code":"94107","park":null,"access":"limited_access","public_access_hours_open":"09:00:00","public_access_hours_close":"17:00:00","public_access_days":"Daily","notes":"Inside building","source":"port","supervisor_district":"10","analysis_neighborhood":"Potrero Hill","data_as_of":"2024-10-04T13:51:23.000","data_loaded_at":"2026-05-01T09:08:14.258",":id":"row-ucwu-h5ru.r4kz",":version":"rv-rmnt_2zn5_sbsq",":created_at":"2026-05-01T16:08:20.998Z",":updated_at":"2026-05-01T16:08:25.342Z",":@computed_region_jwn9_ihcz":"56",":@computed_region_qgnn_b9vv":"2",":@computed_region_26cr_cadq":"9",":@computed_region_ajp5_b2md":"26",":@computed_region_bz92_g22m":null}},
{"type":"Feature","geometry":{"type":"Point","coordinates":[-122.457461308,37.716307712]},"properties":{"name":"Minnie & Lovie Ward Rec Center","uid":"7200183235575193233","resource_type":"restroom","water_fountain":"0","bottle_filler":"0","jug_filler":"0","dog_fountain":"0","latitude":"37.71630771203264","longitude":"-122.4574613083233","address":"650 Capitol Ave","city":"San Francisco","state":"CA","zip_code":"94112","park":"Minnie and Lovie Ward Rec Center","access":"publicly_accessible","public_access_hours_open":"08:00:00","public_access_hours_close":"20:00:00","public_access_days":"Daily","notes":null,"source":"rec","supervisor_district":"11","analysis_neighborhood":"Oceanview/Merced/Ingleside","data_as_of":"2026-02-05T12:11:25.000","data_loaded_at":"2026-05-01T09:08:14.258",":id":"row-fyj5_acm2-uxa3",":version":"rv-wpat.cme9~ftwq",":created_at":"2026-05-01T16:08:20.998Z",":updated_at":"2026-05-01T16:08:25.342Z",":@computed_region_jwn9_ihcz":"81",":@computed_region_qgnn_b9vv":"10",":@computed_region_26cr_cadq":"1",":@computed_region_ajp5_b2md":"24",":@computed_region_bz92_g22m":"89"}},
{"type":"Feature","geometry":{"type":"Point","coordinates":[-122.405092109,37.791719801]},"properties":{"name":"Restrooms","uid":"7629794751538283355","resource_type":"restroom","water_fountain":"0","bottle_filler":"0","jug_filler":"0","dog_fountain":"0","latitude":"37.79171980104914","longitude":"-122.40509210942714","address":"633 California St","city":"San Francisco","state":"CA","zip_code":"94108","park":"St. Mary's Square","access":"publicly_accessible","public_access_hours_open":"08:00:00","public_access_hours_close":"20:00:00","public_access_days":"Daily","notes":null,"source":"rec","supervisor_district":"3","analysis_neighborhood":"Financial District/South Beach","data_as_of":"2025-12-08T11:45:05.000","data_loaded_at":"2026-05-01T09:08:14.258",":id":"row-qxuj-rsri-jsxw",":version":"rv-qzvv_axbc-atc7",":created_at":"2026-05-01T16:08:20.998Z",":updated_at":"2026-05-01T16:08:25.342Z",":@computed_region_jwn9_ihcz":"104",":@computed_region_qgnn_b9vv":"6",":@computed_region_26cr_cadq":"3",":@computed_region_ajp5_b2md":"8",":@computed_region_bz92_g22m":"108"}},
{"type":"Feature","geometry":{"type":"Point","coordinates":[-122.470155968,37.717739327]},"properties":{"name":"Merced Heights Clubhouse","uid":"9220700351671859647","resource_type":"restroom","water_fountain":"0","bottle_filler":"0","jug_filler":"0","dog_fountain":"0","latitude":"37.71773932662759","longitude":"-122.47015596822261","address":"801 Shields St","city":"San Francisco","state":"CA","zip_code":"94132","park":"Merced Heights Playground","access":"publicly_accessible","public_access_hours_open":"08:00:00","public_access_hours_close":"20:00:00","public_access_days":"Daily","notes":null,"source":"rec","supervisor_district":"11","analysis_neighborhood":"Oceanview/Merced/Ingleside","data_as_of":"2026-02-05T12:11:25.000","data_loaded_at":"2026-05-01T09:08:14.258",":id":"row-9dgx-iyf9~aitt",":version":"rv-wjdd_cgzi.4sxc",":created_at":"2026-05-01T16:08:20.998Z",":updated_at":"2026-05-01T16:08:25.342Z",":@computed_region_jwn9_ihcz":"65",":@computed_region_qgnn_b9vv":"10",":@computed_region_26cr_cadq":"1",":@computed_region_ajp5_b2md":"24",":@computed_region_bz92_g22m":"138"}},
{"type":"Feature","geometry":{"type":"Point","coordinates":[-122.43000619,37.713562754]},"properties":{"name":"Crocker Amazon Fieldhouse","uid":"903276712678038185","resource_type":"restroom","water_fountain":"0","bottle_filler":"0","jug_filler":"0","dog_fountain":"0","latitude":"37.71356275380563","longitude":"-122.43000618981287","address":"799 Moscow St","city":"San Francisco","state":"CA","zip_code":"94134","park":"Crocker Amazon Playground","access":"publicly_accessible","public_access_hours_open":"08:00:00","public_access_hours_close":"20:00:00","public_access_days":"Daily","notes":null,"source":"rec","supervisor_district":"11","analysis_neighborhood":"Excelsior","data_as_of":"2026-02-05T12:11:25.000","data_loaded_at":"2026-05-01T09:08:14.258",":id":"row-zk2s_h5me_kyk4",":version":"rv-q9zs_jew4.ipy4",":created_at":"2026-05-01T16:08:20.998Z",":updated_at":"2026-05-01T16:08:25.342Z",":@computed_region_jwn9_ihcz":"58",":@computed_region_qgnn_b9vv":"9",":@computed_region_26cr_cadq":"1",":@computed_region_ajp5_b2md":"7",":@computed_region_bz92_g22m":"158"}},
{"type":"Feature","geometry":{"type":"Point","coordinates":[-122.414386867,37.722389931]},"properties":{"name":"Jerry Garcia Amphitheatre Restroom","uid":"4378564667613058963","resource_type":"restroom","water_fountain":"0","bottle_filler":"0","jug_filler":"0","dog_fountain":"0","latitude":"37.722389931123374","longitude":"-122.41438686696337","address":null,"city":"San Francisco","state":"CA","zip_code":"94134","park":"John McLaren Park","access":"publicly_accessible","public_access_hours_open":"08:00:00","public_access_hours_close":"20:00:00","public_access_days":"Daily","notes":null,"source":"rec","supervisor_district":"9","analysis_neighborhood":"McLaren Park","data_as_of":"2025-12-08T11:45:05.000","data_loaded_at":"2026-05-01T09:08:14.258",":id":"row-vq4c_7dyc~z77e",":version":"rv-fmec-e3ej.6qmt",":created_at":"2026-05-01T16:08:20.998Z",":updated_at":"2026-05-01T16:08:25.342Z",":@computed_region_jwn9_ihcz":"73",":@computed_region_qgnn_b9vv":"2",":@computed_region_26cr_cadq":"2",":@computed_region_ajp5_b2md":"19",":@computed_region_bz92_g22m":"10"}},
{"type":"Feature","geometry":{"type":"Point","coordinates":[-122.427710001,37.760811958]},"properties":{"name":"Mission Dolores North Restrooms","uid":"6020738412176969080","resource_type":"restroom","water_fountain":"0","bottle_filler":"0","jug_filler":"0","dog_fountain":"0","latitude":"37.76081195755972","longitude":"-122.42771000101482","address":"646 Dolores St","city":"San Francisco","state":"CA","zip_code":"94114","park":"Mission Dolores Park","access":"publicly_accessible","public_access_hours_open":"08:00:00","public_access_hours_close":"20:00:00","public_access_days":"Daily","notes":null,"source":"rec","supervisor_district":"8","analysis_neighborhood":"Castro/Upper Market","data_as_of":"2025-12-08T11:45:05.000","data_loaded_at":"2026-05-01T09:08:14.258",":id":"row-6ihf-rv44-qqe5",":version":"rv-3d49.xrkv_mygu",":created_at":"2026-05-01T16:08:20.998Z",":updated_at":"2026-05-01T16:08:25.342Z",":@computed_region_jwn9_ihcz":"37",":@computed_region_qgnn_b9vv":"3",":@computed_region_26cr_cadq":"5",":@computed_region_ajp5_b2md":"5",":@computed_region_bz92_g22m":"213"}},
{"type":"Feature","geometry":{"type":"Point","coordinates":[-122.476170421,37.739596534]},"properties":{"name":"Restrooms","uid":"320724989229576998","resource_type":"restroom","water_fountain":"0","bottle_filler":"0","jug_filler":"0","dog_fountain":"0","latitude":"37.739596533968175","longitude":"-122.47617042080778","address":"2695 19th Ave","city":"San Francisco","state":"CA","zip_code":"94116","park":"Carl Larsen Park","access":"publicly_accessible","public_access_hours_open":"08:00:00","public_access_hours_close":"20:00:00","public_access_days":"Daily","notes":null,"source":"rec","supervisor_district":"4","analysis_neighborhood":"Sunset/Parkside","data_as_of":"2025-12-08T11:45:05.000","data_loaded_at":"2026-05-01T09:08:14.258",":id":"row-6nha-w63d-vmbe",":version":"rv-72h3.wmqt_u634",":created_at":"2026-05-01T16:08:20.998Z",":updated_at":"2026-05-01T16:08:25.342Z",":@computed_region_jwn9_ihcz":"40",":@computed_region_qgnn_b9vv":"10",":@computed_region_26cr_cadq":"7",":@computed_region_ajp5_b2md":"35",":@computed_region_bz92_g22m":"154"}},
{"type":"Feature","geometry":{"type":"Point","coordinates":[-122.412220865,37.802780917]},"properties":{"name":"Joe Dimaggio Clubhouse","uid":"7055108542277832038","resource_type":"restroom","water_fountain":"0","bottle_filler":"0","jug_filler":"0","dog_fountain":"0","latitude":"37.80278091734608","longitude":"-122.41222086487947","address":"651 Lombard Street","city":"San Francisco","state":"CA","zip_code":"94133","park":"Joe DiMaggio Playground","access":"publicly_accessible","public_access_hours_open":"08:00:00","public_access_hours_close":"20:00:00","public_access_days":"Daily","notes":null,"source":"rec","supervisor_district":"3","analysis_neighborhood":"North Beach","data_as_of":"2026-02-05T12:11:25.000","data_loaded_at":"2026-05-01T09:08:14.258",":id":"row-t3y6.2n2t.gpje",":version":"rv-vnbz.a5un.sbba",":created_at":"2026-05-01T16:08:20.998Z",":updated_at":"2026-05-01T16:08:25.342Z",":@computed_region_jwn9_ihcz":"106",":@computed_region_qgnn_b9vv":"6",":@computed_region_26cr_cadq":"3",":@computed_region_ajp5_b2md":"23",":@computed_region_bz92_g22m":"195"}},
{"type":"Feature","geometry":{"type":"Point","coordinates":[-122.504958266,37.764480233]},"properties":{"name":"Boat Children's Play Area Restroom","uid":"7770145530081648003","resource_type":"restroom","water_fountain":"0","bottle_filler":"0","jug_filler":"0","dog_fountain":"0","latitude":"37.764480232773266","longitude":"-122.50495826649227","address":"501 Stanyan St","city":"San Francisco","state":"CA","zip_code":"94121","park":"Golden Gate Park - Section 6","access":"publicly_accessible","public_access_hours_open":"08:00:00","public_access_hours_close":"20:00:00","public_access_days":"Daily","notes":null,"source":"rec","supervisor_district":"4","analysis_neighborhood":"Golden Gate Park","data_as_of":"2025-12-08T11:45:05.000","data_loaded_at":"2026-05-01T09:08:14.258",":id":"row-z6tq~6vfc-vk84",":version":"rv-ksec_6h3t_2v3v",":created_at":"2026-05-01T16:08:20.998Z",":updated_at":"2026-05-01T16:08:25.342Z",":@computed_region_jwn9_ihcz":"9",":@computed_region_qgnn_b9vv":"8",":@computed_region_26cr_cadq":"4",":@computed_region_ajp5_b2md":"12",":@computed_region_bz92_g22m":"234"}},
{"type":"Feature","geometry":{"type":"Point","coordinates":[-122.426419005,37.758563381]},"properties":{"name":"Mission Dolores South Restrooms","uid":"6914552669529225689","resource_type":"restroom","water_fountain":"0","bottle_filler":"0","jug_filler":"0","dog_fountain":"0","latitude":"37.75856338120582","longitude":"-122.4264190054687","address":"646 Dolores St","city":"San Francisco","state":"CA","zip_code":"94114","park":"Mission Dolores Park","access":"publicly_accessible","public_access_hours_open":"08:00:00","public_access_hours_close":"20:00:00","public_access_days":"Daily","notes":null,"source":"rec","supervisor_district":"8","analysis_neighborhood":"Castro/Upper Market","data_as_of":"2025-12-08T11:45:05.000","data_loaded_at":"2026-05-01T09:08:14.258",":id":"row-mjap~n4wc~zsxn",":version":"rv-fbxp_swet.tj9e",":created_at":"2026-05-01T16:08:20.998Z",":updated_at":"2026-05-01T16:08:25.342Z",":@computed_region_jwn9_ihcz":"37",":@computed_region_qgnn_b9vv":"3",":@computed_region_26cr_cadq":"5",":@computed_region_ajp5_b2md":"5",":@computed_region_bz92_g22m":"213"}},
{"type":"Feature","geometry":{"type":"Point","coordinates":[-122.44467454,37.797387393]},"properties":{"name":"Cow Hollow Clubhouse","uid":"268193261574787356","resource_type":"restroom","water_fountain":"0","bottle_filler":"0","jug_filler":"0","dog_fountain":"0","latitude":"37.797387393000605","longitude":"-122.44467453967957","address":"1 Miley St","city":"San Francisco","state":"CA","zip_code":"94123","park":"Cow Hollow Playground","access":"publicly_accessible","public_access_hours_open":"08:00:00","public_access_hours_close":"20:00:00","public_access_days":"Daily","notes":null,"source":"rec","supervisor_district":"2","analysis_neighborhood":"Marina","data_as_of":"2026-02-05T12:11:25.000","data_loaded_at":"2026-05-01T09:08:14.258",":id":"row-2p54-tfhq.nsec",":version":"rv-i4z8-ikcs-tyn6",":created_at":"2026-05-01T16:08:20.998Z",":updated_at":"2026-05-01T16:08:25.342Z",":@computed_region_jwn9_ihcz":"14",":@computed_region_qgnn_b9vv":"4",":@computed_region_26cr_cadq":"6",":@computed_region_ajp5_b2md":"13",":@computed_region_bz92_g22m":"13"}},
{"type":"Feature","geometry":{"type":"Point","coordinates":[-122.388767,37.790166]},"properties":{"name":"SFFD, J C Decaux","uid":"4912770129684159724","resource_type":"restroom","water_fountain":"0","bottle_filler":"0","jug_filler":"0","dog_fountain":"0","latitude":"37.790166","longitude":"-122.388767","address":"389 The Embarcadero S","city":"San Francisco","state":"CA","zip_code":"94105","park":null,"access":"publicly_accessible","public_access_hours_open":null,"public_access_hours_close":null,"public_access_days":"Daily","notes":"J C Decaux","source":"port","supervisor_district":"6","analysis_neighborhood":"Financial District/South Beach","data_as_of":"2024-10-04T13:51:23.000","data_loaded_at":"2026-05-01T09:08:14.258",":id":"row-nv9a-knbr.jy86",":version":"rv-upec.3rz7_5nt3",":created_at":"2026-05-01T16:08:20.998Z",":updated_at":"2026-05-01T16:08:25.342Z",":@computed_region_jwn9_ihcz":"30",":@computed_region_qgnn_b9vv":"1",":@computed_region_26cr_cadq":"10",":@computed_region_ajp5_b2md":"8",":@computed_region_bz92_g22m":null}},
{"type":"Feature","geometry":{"type":"Point","coordinates":[-122.406600896,37.750032175]},"properties":{"name":"James Rolph Jr Clubhouse","uid":"8648877855879303740","resource_type":"restroom","water_fountain":"0","bottle_filler":"0","jug_filler":"0","dog_fountain":"0","latitude":"37.750032174883856","longitude":"-122.40660089563436","address":"1451 Hampshire St","city":"San Francisco","state":"CA","zip_code":"94110","park":"James Rolph Jr Playground","access":"publicly_accessible","public_access_hours_open":"08:00:00","public_access_hours_close":"20:00:00","public_access_days":"Daily","notes":null,"source":"rec","supervisor_district":"9","analysis_neighborhood":"Mission","data_as_of":"2026-02-05T12:11:25.000","data_loaded_at":"2026-05-01T09:08:14.258",":id":"row-h8ch-8dy5.wiv6",":version":"rv-xzd9_siz8.hj6i",":created_at":"2026-05-01T16:08:20.998Z",":updated_at":"2026-05-01T16:08:25.342Z",":@computed_region_jwn9_ihcz":"53",":@computed_region_qgnn_b9vv":"3",":@computed_region_26cr_cadq":"2",":@computed_region_ajp5_b2md":"20",":@computed_region_bz92_g22m":"226"}},
{"type":"Feature","geometry":{"type":"Point","coordinates":[-122.465599537,37.76851887]},"properties":{"name":"Big Rec Restroom","uid":"5469953919666759262","resource_type":"restroom","water_fountain":"0","bottle_filler":"0","jug_filler":"0","dog_fountain":"0","latitude":"37.768518870211636","longitude":"-122.46559953693256","address":"501 Stanyan St","city":"San Francisco","state":"CA","zip_code":"94122","park":"Golden Gate Park - Section 7","access":"publicly_accessible","public_access_hours_open":"08:00:00","public_access_hours_close":"20:00:00","public_access_days":"Daily","notes":null,"source":"rec","supervisor_district":"7","analysis_neighborhood":"Golden Gate Park","data_as_of":"2025-12-08T11:45:05.000","data_loaded_at":"2026-05-01T09:08:14.258",":id":"row-3rv2_h6f5.df47",":version":"rv-tke9_fyc6-s8qd",":created_at":"2026-05-01T16:08:20.998Z",":updated_at":"2026-05-01T16:08:25.342Z",":@computed_region_jwn9_ihcz":"9",":@computed_region_qgnn_b9vv":"8",":@computed_region_26cr_cadq":"11",":@computed_region_ajp5_b2md":"12",":@computed_region_bz92_g22m":"228"}},
{"type":"Feature","geometry":{"type":"Point","coordinates":[-122.436461121,37.76025861]},"properties":{"name":"Eureka Rec Center","uid":"1493804388340657669","resource_type":"restroom","water_fountain":"0","bottle_filler":"0","jug_filler":"0","dog_fountain":"0","latitude":"37.7602586103714","longitude":"-122.43646112118793","address":"100 Collingwood St","city":"San Francisco","state":"CA","zip_code":"94114","park":"Eureka Valley Rec Center","access":"publicly_accessible","public_access_hours_open":"08:00:00","public_access_hours_close":"20:00:00","public_access_days":"Daily","notes":null,"source":"rec","supervisor_district":"8","analysis_neighborhood":"Castro/Upper Market","data_as_of":"2026-02-05T12:11:25.000","data_loaded_at":"2026-05-01T09:08:14.258",":id":"row-m6g3_mcdv.8v6v",":version":"rv-pyrt.ufs9_bchg",":created_at":"2026-05-01T16:08:20.998Z",":updated_at":"2026-05-01T16:08:25.342Z",":@computed_region_jwn9_ihcz":"38",":@computed_region_qgnn_b9vv":"3",":@computed_region_26cr_cadq":"5",":@computed_region_ajp5_b2md":"5",":@computed_region_bz92_g22m":"208"}},
{"type":"Feature","geometry":{"type":"Point","coordinates":[-122.456005471,37.766711834]},"properties":{"name":"Kezar Stadium","uid":"3662962683842392263","resource_type":"restroom","water_fountain":"0","bottle_filler":"0","jug_filler":"0","dog_fountain":"0","latitude":"37.76671183394069","longitude":"-122.45600547069438","address":"501 Stanyan St","city":"San Francisco","state":"CA","zip_code":"94117","park":"Golden Gate Park - Section 1","access":"publicly_accessible","public_access_hours_open":"08:00:00","public_access_hours_close":"20:00:00","public_access_days":"Daily","notes":null,"source":"rec","supervisor_district":"5","analysis_neighborhood":"Golden Gate Park","data_as_of":"2026-02-05T12:11:25.000","data_loaded_at":"2026-05-01T09:08:14.258",":id":"row-mc28-8m6f-6t7q",":version":"rv-2258-apx7.ifgz",":created_at":"2026-05-01T16:08:20.998Z",":updated_at":"2026-05-01T16:08:25.342Z",":@computed_region_jwn9_ihcz":"9",":@computed_region_qgnn_b9vv":"7",":@computed_region_26cr_cadq":"11",":@computed_region_ajp5_b2md":"12",":@computed_region_bz92_g22m":"229"}},
{"type":"Feature","geometry":{"type":"Point","coordinates":[-122.415997535,37.738312918]},"properties":{"name":"Bernal Heights Rec Center","uid":"3195322800649596575","resource_type":"restroom","water_fountain":"0","bottle_filler":"0","jug_filler":"0","dog_fountain":"0","latitude":"37.7383129179173","longitude":"-122.41599753455385","address":"500 Moultrie St","city":"San Francisco","state":"CA","zip_code":"94110","park":"Bernal Heights Rec Center","access":"publicly_accessible","public_access_hours_open":"08:00:00","public_access_hours_close":"20:00:00","public_access_days":"Daily","notes":null,"source":"rec","supervisor_district":"9","analysis_neighborhood":"Bernal Heights","data_as_of":"2026-02-05T12:11:25.000","data_loaded_at":"2026-05-01T09:08:14.258",":id":"row-veua_5ckt_mbe4",":version":"rv-ezb4_tfvb.bzkx",":created_at":"2026-05-01T16:08:20.998Z",":updated_at":"2026-05-01T16:08:25.342Z",":@computed_region_jwn9_ihcz":"83",":@computed_region_qgnn_b9vv":"9",":@computed_region_26cr_cadq":"2",":@computed_region_ajp5_b2md":"2",":@computed_region_bz92_g22m":"79"}},
{"type":"Feature","geometry":{"type":"Point","coordinates":[-122.433910646,37.776620498]},"properties":{"name":"Restrooms","uid":"4096326676840378758","resource_type":"restroom","water_fountain":"0","bottle_filler":"0","jug_filler":"0","dog_fountain":"0","latitude":"37.77662049761686","longitude":"-122.43391064633447","address":"1081 Fulton St","city":"San Francisco","state":"CA","zip_code":"94117","park":"Alamo Square","access":"publicly_accessible","public_access_hours_open":"08:00:00","public_access_hours_close":"20:00:00","public_access_days":"Daily","notes":null,"source":"rec","supervisor_district":"5","analysis_neighborhood":"Hayes Valley","data_as_of":"2025-12-08T11:45:05.000","data_loaded_at":"2026-05-01T09:08:14.258",":id":"row-e8t4.nv6y-caic",":version":"rv-eqmn_vtue~k6d9",":created_at":"2026-05-01T16:08:20.998Z",":updated_at":"2026-05-01T16:08:25.342Z",":@computed_region_jwn9_ihcz":"23",":@computed_region_qgnn_b9vv":"4",":@computed_region_26cr_cadq":"11",":@computed_region_ajp5_b2md":"9",":@computed_region_bz92_g22m":"67"}},
{"type":"Feature","geometry":{"type":"Point","coordinates":[-122.45428183,37.769905524]},"properties":{"name":"Stanyan Kiosk","uid":"7899757755738897929","resource_type":"restroom","water_fountain":"0","bottle_filler":"0","jug_filler":"0","dog_fountain":"0","latitude":"37.769905523521444","longitude":"-122.4542818297846","address":"501 Stanyan St","city":"San Francisco","state":"CA","zip_code":"94117","park":"Golden Gate Park - Section 1","access":"limited_access","public_access_hours_open":"08:00:00","public_access_hours_close":"20:00:00","public_access_days":"Daily","notes":null,"source":"rec","supervisor_district":"5","analysis_neighborhood":"Golden Gate Park","data_as_of":"2025-12-08T11:45:05.000","data_loaded_at":"2026-05-01T09:08:14.258",":id":"row-4uau-fp7f~vvdn",":version":"rv-4zby_mvqa.23iz",":created_at":"2026-05-01T16:08:20.998Z",":updated_at":"2026-05-01T16:08:25.342Z",":@computed_region_jwn9_ihcz":"9",":@computed_region_qgnn_b9vv":"7",":@computed_region_26cr_cadq":"11",":@computed_region_ajp5_b2md":"12",":@computed_region_bz92_g22m":"229"}},
{"type":"Feature","geometry":{"type":"Point","coordinates":[-122.410634276,37.801064295]},"properties":{"name":"Washington Square Restrooms","uid":"6250308910410204931","resource_type":"restroom","water_fountain":"0","bottle_filler":"0","jug_filler":"0","dog_fountain":"0","latitude":"37.80106429464512","longitude":"-122.41063427620298","address":"600 Columbus Ave","city":"San Francisco","state":"CA","zip_code":"94133","park":"Washington Square","access":"publicly_accessible","public_access_hours_open":"08:00:00","public_access_hours_close":"20:00:00","public_access_days":"Daily","notes":null,"source":"rec","supervisor_district":"3","analysis_neighborhood":"North Beach","data_as_of":"2025-12-08T11:45:05.000","data_loaded_at":"2026-05-01T09:08:14.258",":id":"row-755m_ai29-nauv",":version":"rv-zbb8-ryh4.i9kv",":created_at":"2026-05-01T16:08:20.998Z",":updated_at":"2026-05-01T16:08:25.342Z",":@computed_region_jwn9_ihcz":"106",":@computed_region_qgnn_b9vv":"6",":@computed_region_26cr_cadq":"3",":@computed_region_ajp5_b2md":"23",":@computed_region_bz92_g22m":"94"}},
{"type":"Feature","geometry":{"type":"Point","coordinates":[-122.416784299,37.801291435]},"properties":{"name":"Restrooms","uid":"6586654064421355590","resource_type":"restroom","water_fountain":"0","bottle_filler":"0","jug_filler":"0","dog_fountain":"0","latitude":"37.8012914348232","longitude":"-122.41678429901562","address":"1055 Greenwich St","city":"San Francisco","state":"CA","zip_code":"94133","park":"Michelangelo Playground","access":"publicly_accessible","public_access_hours_open":"08:00:00","public_access_hours_close":"20:00:00","public_access_days":"Daily","notes":null,"source":"rec","supervisor_district":"3","analysis_neighborhood":"Russian Hill","data_as_of":"2025-12-08T11:45:05.000","data_loaded_at":"2026-05-01T09:08:14.258",":id":"row-jg65_499b_5a9x",":version":"rv-rica-ivfj.6gsj",":created_at":"2026-05-01T16:08:20.998Z",":updated_at":"2026-05-01T16:08:25.342Z",":@computed_region_jwn9_ihcz":"107",":@computed_region_qgnn_b9vv":"6",":@computed_region_26cr_cadq":"6",":@computed_region_ajp5_b2md":"32",":@computed_region_bz92_g22m":"137"}},
{"type":"Feature","geometry":{"type":"Point","coordinates":[-122.454819474,37.771878739]},"properties":{"name":"McLaren Lodge","uid":"8095369868838085841","resource_type":"restroom","water_fountain":"0","bottle_filler":"0","jug_filler":"0","dog_fountain":"0","latitude":"37.771878738789844","longitude":"-122.45481947388004","address":"501 Stanyan St","city":"San Francisco","state":"CA","zip_code":"94117","park":"Golden Gate Park - Section 1","access":"limited_access","public_access_hours_open":"08:00:00","public_access_hours_close":"20:00:00","public_access_days":"Daily","notes":null,"source":"rec","supervisor_district":"1","analysis_neighborhood":"Golden Gate Park","data_as_of":"2026-02-05T12:11:25.000","data_loaded_at":"2026-05-01T09:08:14.258",":id":"row-iba6-38nd_a4gx",":version":"rv-as3v~mddy-dtck",":created_at":"2026-05-01T16:08:20.998Z",":updated_at":"2026-05-01T16:08:25.342Z",":@computed_region_jwn9_ihcz":"9",":@computed_region_qgnn_b9vv":"7",":@computed_region_26cr_cadq":"4",":@computed_region_ajp5_b2md":"12",":@computed_region_bz92_g22m":"229"}},
{"type":"Feature","geometry":{"type":"Point","coordinates":[-122.415689077,37.784741596]},"properties":{"name":"Tenderloin Rec Center","uid":"6002601376018621454","resource_type":"restroom","water_fountain":"0","bottle_filler":"0","jug_filler":"0","dog_fountain":"0","latitude":"37.78474159596227","longitude":"-122.41568907714796","address":"570 Ellis St","city":"San Francisco","state":"CA","zip_code":"94109","park":"Tenderloin Rec Center","access":"publicly_accessible","public_access_hours_open":"08:00:00","public_access_hours_close":"20:00:00","public_access_days":"Daily","notes":null,"source":"rec","supervisor_district":"5","analysis_neighborhood":"Tenderloin","data_as_of":"2026-02-05T12:11:25.000","data_loaded_at":"2026-05-01T09:08:14.258",":id":"row-tbiw-rvrw.t9fm",":version":"rv-uasx~qaq9.zxqe",":created_at":"2026-05-01T16:08:20.998Z",":updated_at":"2026-05-01T16:08:25.342Z",":@computed_region_jwn9_ihcz":"20",":@computed_region_qgnn_b9vv":"5",":@computed_region_26cr_cadq":"10",":@computed_region_ajp5_b2md":"36",":@computed_region_bz92_g22m":"103"}},
{"type":"Feature","geometry":{"type":"Point","coordinates":[-122.388505,37.776348]},"properties":{"name":"China Basin Park Restroom","uid":"3688811934706178804","resource_type":"restroom","water_fountain":"0","bottle_filler":"0","jug_filler":"0","dog_fountain":"0","latitude":"37.776348","longitude":"-122.388505","address":"1 China Basin Park","city":"San Francisco","state":"CA","zip_code":"94107","park":null,"access":"publicly_accessible","public_access_hours_open":null,"public_access_hours_close":null,"public_access_days":"Daily","notes":"In central plaza","source":"port","supervisor_district":"6","analysis_neighborhood":"Mission Bay","data_as_of":"2024-10-04T13:51:23.000","data_loaded_at":"2026-05-01T09:08:14.258",":id":"row-aa6c~qpqi-35yz",":version":"rv-rp69~xy2y.8f6k",":created_at":"2026-05-01T16:08:20.998Z",":updated_at":"2026-05-01T16:08:25.342Z",":@computed_region_jwn9_ihcz":"34",":@computed_region_qgnn_b9vv":"1",":@computed_region_26cr_cadq":"10",":@computed_region_ajp5_b2md":"4",":@computed_region_bz92_g22m":null}},
{"type":"Feature","geometry":{"type":"Point","coordinates":[-122.501818649,37.767975542]},"properties":{"name":"Chain of Lakes Restroom","uid":"6919291330605723233","resource_type":"restroom","water_fountain":"0","bottle_filler":"0","jug_filler":"0","dog_fountain":"0","latitude":"37.76797554187896","longitude":"-122.50181864934217","address":"501 Stanyan St","city":"San Francisco","state":"CA","zip_code":"94121","park":"Golden Gate Park - Section 6","access":"publicly_accessible","public_access_hours_open":"08:00:00","public_access_hours_close":"20:00:00","public_access_days":"Daily","notes":null,"source":"rec","supervisor_district":"1","analysis_neighborhood":"Golden Gate Park","data_as_of":"2025-12-08T11:45:05.000","data_loaded_at":"2026-05-01T09:08:14.258",":id":"row-6f8i~b5k3_gs79",":version":"rv-wtdx-v9f8~qy6j",":created_at":"2026-05-01T16:08:20.998Z",":updated_at":"2026-05-01T16:08:25.342Z",":@computed_region_jwn9_ihcz":"9",":@computed_region_qgnn_b9vv":"8",":@computed_region_26cr_cadq":"4",":@computed_region_ajp5_b2md":"12",":@computed_region_bz92_g22m":"234"}},
{"type":"Feature","geometry":{"type":"Point","coordinates":[-122.412343936,37.74990579]},"properties":{"name":"Garfield Square Clubhouse","uid":"2120452437850770345","resource_type":"restroom","water_fountain":"0","bottle_filler":"0","jug_filler":"0","dog_fountain":"0","latitude":"37.74990579048037","longitude":"-122.41234393595946","address":"3100 26th St","city":"San Francisco","state":"CA","zip_code":"94110","park":"Garfield Square","access":"publicly_accessible","public_access_hours_open":"08:00:00","public_access_hours_close":"20:00:00","public_access_days":"Daily","notes":null,"source":"rec","supervisor_district":"9","analysis_neighborhood":"Mission","data_as_of":"2026-02-05T12:11:25.000","data_loaded_at":"2026-05-01T09:08:14.258",":id":"row-2xmf~qxui-x4qi",":version":"rv-w6ni_4sdx.73w4",":created_at":"2026-05-01T16:08:20.998Z",":updated_at":"2026-05-01T16:08:25.342Z",":@computed_region_jwn9_ihcz":"53",":@computed_region_qgnn_b9vv":"3",":@computed_region_26cr_cadq":"2",":@computed_region_ajp5_b2md":"20",":@computed_region_bz92_g22m":"165"}},
{"type":"Feature","geometry":{"type":"Point","coordinates":[-122.465307942,37.741683463]},"properties":{"name":"West Portal Clubhouse","uid":"1152567663852889285","resource_type":"restroom","water_fountain":"0","bottle_filler":"0","jug_filler":"0","dog_fountain":"0","latitude":"37.741683462542404","longitude":"-122.46530794152793","address":"131 Lenox Way","city":"San Francisco","state":"CA","zip_code":"94127","park":"West Portal Playground","access":"publicly_accessible","public_access_hours_open":"08:00:00","public_access_hours_close":"20:00:00","public_access_days":"Daily","notes":null,"source":"rec","supervisor_district":"7","analysis_neighborhood":"West of Twin Peaks","data_as_of":"2026-02-05T12:11:25.000","data_loaded_at":"2026-05-01T09:08:14.258",":id":"row-3udi.jiwj_hjth",":version":"rv-qx7f_2zmy~v5qc",":created_at":"2026-05-01T16:08:20.998Z",":updated_at":"2026-05-01T16:08:25.342Z",":@computed_region_jwn9_ihcz":"46",":@computed_region_qgnn_b9vv":"10",":@computed_region_26cr_cadq":"8",":@computed_region_ajp5_b2md":"41",":@computed_region_bz92_g22m":"223"}},
{"type":"Feature","geometry":{"type":"Point","coordinates":[-122.442621447,37.806636389]},"properties":{"name":"Harbormasters Office (Old)","uid":"7962380904655295790","resource_type":"restroom","water_fountain":"0","bottle_filler":"0","jug_filler":"0","dog_fountain":"0","latitude":"37.806636388938436","longitude":"-122.44262144692874","address":"1 Marina Green Dr","city":"San Francisco","state":"CA","zip_code":"94123","park":"Yacht Harbor and Marina Green","access":"limited_access","public_access_hours_open":"08:00:00","public_access_hours_close":"20:00:00","public_access_days":"Daily","notes":null,"source":"rec","supervisor_district":null,"analysis_neighborhood":"Marina","data_as_of":"2026-02-05T12:11:25.000","data_loaded_at":"2026-05-01T09:08:14.258",":id":"row-9wyq.myh3-nb4i",":version":"rv-kn7i~wedj.gn98",":created_at":"2026-05-01T16:08:20.998Z",":updated_at":"2026-05-01T16:08:25.342Z",":@computed_region_jwn9_ihcz":"17",":@computed_region_qgnn_b9vv":"4",":@computed_region_26cr_cadq":"6",":@computed_region_ajp5_b2md":"13",":@computed_region_bz92_g22m":"90"}},
{"type":"Feature","geometry":{"type":"Point","coordinates":[-122.428433863,37.742446524]},"properties":{"name":"Upper Noe Rec Center","uid":"2337624681975054897","resource_type":"restroom","water_fountain":"0","bottle_filler":"0","jug_filler":"0","dog_fountain":"0","latitude":"37.74244652370009","longitude":"-122.42843386309029","address":"295 Day St","city":"San Francisco","state":"CA","zip_code":"94131","park":"Upper Noe Rec Center","access":"publicly_accessible","public_access_hours_open":"08:00:00","public_access_hours_close":"20:00:00","public_access_days":"Daily","notes":null,"source":"rec","supervisor_district":"8","analysis_neighborhood":"Noe Valley","data_as_of":"2026-02-05T12:11:25.000","data_loaded_at":"2026-05-01T09:08:14.258",":id":"row-5sbr-i6fg-wmdq",":version":"rv-359g-bchd~fd3m",":created_at":"2026-05-01T16:08:20.998Z",":updated_at":"2026-05-01T16:08:25.342Z",":@computed_region_jwn9_ihcz":"84",":@computed_region_qgnn_b9vv":"9",":@computed_region_26cr_cadq":"5",":@computed_region_ajp5_b2md":"22",":@computed_region_bz92_g22m":"100"}},
{"type":"Feature","geometry":{"type":"Point","coordinates":[-122.438582488,37.763769865]},"properties":{"name":"Restrooms","uid":"650686414796429012","resource_type":"restroom","water_fountain":"0","bottle_filler":"0","jug_filler":"0","dog_fountain":"0","latitude":"37.763769864982415","longitude":"-122.43858248767906","address":"122 States St","city":"San Francisco","state":"CA","zip_code":"94114","park":"States Street Playground","access":"publicly_accessible","public_access_hours_open":"08:00:00","public_access_hours_close":"20:00:00","public_access_days":"Daily","notes":null,"source":"rec","supervisor_district":"8","analysis_neighborhood":"Castro/Upper Market","data_as_of":"2025-12-08T11:45:05.000","data_loaded_at":"2026-05-01T09:08:14.258",":id":"row-wdys.t5wv_qihn",":version":"rv-rggb-hmm5-wqr3",":created_at":"2026-05-01T16:08:20.998Z",":updated_at":"2026-05-01T16:08:25.342Z",":@computed_region_jwn9_ihcz":"113",":@computed_region_qgnn_b9vv":"7",":@computed_region_26cr_cadq":"5",":@computed_region_ajp5_b2md":"5",":@computed_region_bz92_g22m":"107"}},
{"type":"Feature","geometry":{"type":"Point","coordinates":[-122.47669708,37.766384755]},"properties":{"name":"Mother's Meadow Restroom - Male Restroom","uid":"6180309375448842345","resource_type":"restroom","water_fountain":"0","bottle_filler":"0","jug_filler":"0","dog_fountain":"0","latitude":"37.76638475471972","longitude":"-122.47669708044113","address":null,"city":"San Francisco","state":"CA","zip_code":"94122","park":"Golden Gate Park - Section 4","access":"publicly_accessible","public_access_hours_open":"08:00:00","public_access_hours_close":"20:00:00","public_access_days":"Daily","notes":null,"source":"rec","supervisor_district":"7","analysis_neighborhood":"Golden Gate Park","data_as_of":"2025-12-08T11:45:05.000","data_loaded_at":"2026-05-01T09:08:14.258",":id":"row-hbt4.qmvq_vsqj",":version":"rv-8kam_dmmm-aju7",":created_at":"2026-05-01T16:08:20.998Z",":updated_at":"2026-05-01T16:08:25.342Z",":@computed_region_jwn9_ihcz":"9",":@computed_region_qgnn_b9vv":"8",":@computed_region_26cr_cadq":"4",":@computed_region_ajp5_b2md":"12",":@computed_region_bz92_g22m":"232"}},
{"type":"Feature","geometry":{"type":"Point","coordinates":[-122.433185762,37.801484598]},"properties":{"name":"Moscone Rec Center","uid":"4678029647536132904","resource_type":"restroom","water_fountain":"0","bottle_filler":"0","jug_filler":"0","dog_fountain":"0","latitude":"37.8014845982279","longitude":"-122.4331857617238","address":"1800 Chestnut St","city":"San Francisco","state":"CA","zip_code":"94123","park":"Moscone Rec Center","access":"publicly_accessible","public_access_hours_open":"08:00:00","public_access_hours_close":"20:00:00","public_access_days":"Daily","notes":null,"source":"rec","supervisor_district":"2","analysis_neighborhood":"Marina","data_as_of":"2026-02-05T12:11:25.000","data_loaded_at":"2026-05-01T09:08:14.258",":id":"row-97y2_9hak~37gj",":version":"rv-855m~mmuc.ubfy",":created_at":"2026-05-01T16:08:20.998Z",":updated_at":"2026-05-01T16:08:25.342Z",":@computed_region_jwn9_ihcz":"17",":@computed_region_qgnn_b9vv":"4",":@computed_region_26cr_cadq":"6",":@computed_region_ajp5_b2md":"13",":@computed_region_bz92_g22m":"135"}},
{"type":"Feature","geometry":{"type":"Point","coordinates":[-122.477772749,37.779601603]},"properties":{"name":"Argonne Clubhouse","uid":"5166102027712093118","resource_type":"restroom","water_fountain":"0","bottle_filler":"0","jug_filler":"0","dog_fountain":"0","latitude":"37.779601602561826","longitude":"-122.47777274877915","address":"455 18th Ave","city":"San Francisco","state":"CA","zip_code":"94121","park":"Argonne Playground","access":"publicly_accessible","public_access_hours_open":"08:00:00","public_access_hours_close":"20:00:00","public_access_days":"Daily","notes":null,"source":"rec","supervisor_district":"1","analysis_neighborhood":"Outer Richmond","data_as_of":"2026-02-05T12:11:25.000","data_loaded_at":"2026-05-01T09:08:14.258",":id":"row-4k7r-n2fw-aszx",":version":"rv-ksvp.sduq-7hza",":created_at":"2026-05-01T16:08:20.998Z",":updated_at":"2026-05-01T16:08:25.342Z",":@computed_region_jwn9_ihcz":"5",":@computed_region_qgnn_b9vv":"8",":@computed_region_26cr_cadq":"4",":@computed_region_ajp5_b2md":"29",":@computed_region_bz92_g22m":"71"}},
{"type":"Feature","geometry":{"type":"Point","coordinates":[-122.449838951,37.714340752]},"properties":{"name":"Cayuga Clubhouse","uid":"3958142903091328013","resource_type":"restroom","water_fountain":"0","bottle_filler":"0","jug_filler":"0","dog_fountain":"0","latitude":"37.714340751972784","longitude":"-122.4498389509651","address":"301 Naglee Ave","city":"San Francisco","state":"CA","zip_code":"94112","park":"Cayuga Playground","access":"publicly_accessible","public_access_hours_open":"08:00:00","public_access_hours_close":"20:00:00","public_access_days":"Daily","notes":null,"source":"rec","supervisor_district":"11","analysis_neighborhood":"Outer Mission","data_as_of":"2026-02-05T12:11:25.000","data_loaded_at":"2026-05-01T09:08:14.258",":id":"row-jgi2~f3ma.pxbu",":version":"rv-7s47~qe9a.azyg",":created_at":"2026-05-01T16:08:20.998Z",":updated_at":"2026-05-01T16:08:25.342Z",":@computed_region_jwn9_ihcz":"66",":@computed_region_qgnn_b9vv":"9",":@computed_region_26cr_cadq":"1",":@computed_region_ajp5_b2md":"28",":@computed_region_bz92_g22m":"205"}},
{"type":"Feature","geometry":{"type":"Point","coordinates":[-122.449830212,37.788483204]},"properties":{"name":"Presidio Heights Clubhouse","uid":"4289748452748884379","resource_type":"restroom","water_fountain":"0","bottle_filler":"0","jug_filler":"0","dog_fountain":"0","latitude":"37.788483204276154","longitude":"-122.44983021215194","address":"3437 Clay St","city":"San Francisco","state":"CA","zip_code":"94118","park":"Presidio Heights Playground","access":"publicly_accessible","public_access_hours_open":"08:00:00","public_access_hours_close":"20:00:00","public_access_days":"Daily","notes":null,"source":"rec","supervisor_district":"2","analysis_neighborhood":"Presidio Heights","data_as_of":"2026-02-05T12:11:25.000","data_loaded_at":"2026-05-01T09:08:14.258",":id":"row-hgvp-9mn9~7i76",":version":"rv-9gbx_5e9v.bh46",":created_at":"2026-05-01T16:08:20.998Z",":updated_at":"2026-05-01T16:08:25.342Z",":@computed_region_jwn9_ihcz":"10",":@computed_region_qgnn_b9vv":"8",":@computed_region_26cr_cadq":"6",":@computed_region_ajp5_b2md":"31",":@computed_region_bz92_g22m":"125"}},
{"type":"Feature","geometry":{"type":"Point","coordinates":[-122.469470143,37.770514687]},"properties":{"name":"Japanese Tea Garden Female Restroom","uid":"1976174855844772049","resource_type":"restroom","water_fountain":"0","bottle_filler":"0","jug_filler":"0","dog_fountain":"0","latitude":"37.770514687161516","longitude":"-122.4694701427762","address":"501 Stanyan St","city":"San Francisco","state":"CA","zip_code":"94118","park":"Golden Gate Park - Section 2","access":"publicly_accessible","public_access_hours_open":"08:00:00","public_access_hours_close":"20:00:00","public_access_days":"Daily","notes":null,"source":"rec","supervisor_district":"7","analysis_neighborhood":"Golden Gate Park","data_as_of":"2025-12-08T11:45:05.000","data_loaded_at":"2026-05-01T09:08:14.258",":id":"row-ng3y.ia8z.gtmg",":version":"rv-7kjc.ktaj.zisu",":created_at":"2026-05-01T16:08:20.998Z",":updated_at":"2026-05-01T16:08:25.342Z",":@computed_region_jwn9_ihcz":"9",":@computed_region_qgnn_b9vv":"8",":@computed_region_26cr_cadq":"4",":@computed_region_ajp5_b2md":"12",":@computed_region_bz92_g22m":"235"}},
{"type":"Feature","geometry":{"type":"Point","coordinates":[-122.434533985,37.806483444]},"properties":{"name":"Marina Green East Restroom","uid":"2159070112314827563","resource_type":"restroom","water_fountain":"0","bottle_filler":"0","jug_filler":"0","dog_fountain":"0","latitude":"37.80648344394455","longitude":"-122.43453398466328","address":"1 Marina Green Dr","city":"San Francisco","state":"CA","zip_code":"94123","park":"Yacht Harbor and Marina Green","access":"publicly_accessible","public_access_hours_open":"08:00:00","public_access_hours_close":"20:00:00","public_access_days":"Daily","notes":null,"source":"rec","supervisor_district":"2","analysis_neighborhood":"Marina","data_as_of":"2025-12-08T11:45:05.000","data_loaded_at":"2026-05-01T09:08:14.258",":id":"row-r84d-34jz~2v33",":version":"rv-ueke_4igd.ihfp",":created_at":"2026-05-01T16:08:20.998Z",":updated_at":"2026-05-01T16:08:25.342Z",":@computed_region_jwn9_ihcz":"17",":@computed_region_qgnn_b9vv":"4",":@computed_region_26cr_cadq":"6",":@computed_region_ajp5_b2md":"13",":@computed_region_bz92_g22m":"90"}},
{"type":"Feature","geometry":{"type":"Point","coordinates":[-122.431898171,37.714968284]},"properties":{"name":"Ball Diamond 1 Grandstand","uid":"4785327987590003465","resource_type":"restroom","water_fountain":"0","bottle_filler":"0","jug_filler":"0","dog_fountain":"0","latitude":"37.71496828363188","longitude":"-122.43189817149161","address":"799 Moscow St","city":"San Francisco","state":"CA","zip_code":"94134","park":"Crocker Amazon Playground","access":"publicly_accessible","public_access_hours_open":"08:00:00","public_access_hours_close":"20:00:00","public_access_days":"Daily","notes":null,"source":"rec","supervisor_district":"11","analysis_neighborhood":"Excelsior","data_as_of":"2026-02-05T12:11:25.000","data_loaded_at":"2026-05-01T09:08:14.258",":id":"row-6r6e_326p.vp68",":version":"rv-pcxh~89xj-webx",":created_at":"2026-05-01T16:08:20.998Z",":updated_at":"2026-05-01T16:08:25.342Z",":@computed_region_jwn9_ihcz":"58",":@computed_region_qgnn_b9vv":"9",":@computed_region_26cr_cadq":"1",":@computed_region_ajp5_b2md":"7",":@computed_region_bz92_g22m":"158"}},
{"type":"Feature","geometry":{"type":"Point","coordinates":[-122.406057788,37.776770412]},"properties":{"name":"Restroom","uid":"5493916297522311485","resource_type":"restroom","water_fountain":"0","bottle_filler":"0","jug_filler":"0","dog_fountain":"0","latitude":"37.77677041211298","longitude":"-122.4060577880927","address":"55 Sherman St","city":"San Francisco","state":"CA","zip_code":"94103","park":"Victoria Manalo Draves Park","access":"publicly_accessible","public_access_hours_open":"08:00:00","public_access_hours_close":"20:00:00","public_access_days":"Daily","notes":null,"source":"rec","supervisor_district":"6","analysis_neighborhood":"South of Market","data_as_of":"2025-12-08T11:45:05.000","data_loaded_at":"2026-05-01T09:08:14.258",":id":"row-ziqf_6e9j~jy4m",":version":"rv-5j7e_vtbc.evh7",":created_at":"2026-05-01T16:08:20.998Z",":updated_at":"2026-05-01T16:08:25.342Z",":@computed_region_jwn9_ihcz":"32",":@computed_region_qgnn_b9vv":"1",":@computed_region_26cr_cadq":"10",":@computed_region_ajp5_b2md":"34",":@computed_region_bz92_g22m":"98"}},
{"type":"Feature","geometry":{"type":"Point","coordinates":[-122.393684445,37.773136382]},"properties":{"name":"Mission Creek Pavilion","uid":"1697454832649394634","resource_type":"restroom","water_fountain":"0","bottle_filler":"0","jug_filler":"0","dog_fountain":"0","latitude":"37.77313638189699","longitude":"-122.39368444544196","address":"290 Channel St","city":"San Francisco","state":"CA","zip_code":"94158","park":"Mission Creek Park","access":"publicly_accessible","public_access_hours_open":"08:00:00","public_access_hours_close":"20:00:00","public_access_days":"Daily","notes":null,"source":"rec","supervisor_district":"6","analysis_neighborhood":"Mission Bay","data_as_of":"2026-03-19T12:12:47.000","data_loaded_at":"2026-05-01T09:08:14.258",":id":"row-adh2~z523_mbjf",":version":"rv-im9d-qkqk~ekyn",":created_at":"2026-05-01T16:08:20.998Z",":updated_at":"2026-05-01T16:08:25.342Z",":@computed_region_jwn9_ihcz":"34",":@computed_region_qgnn_b9vv":"1",":@computed_region_26cr_cadq":"10",":@computed_region_ajp5_b2md":"4",":@computed_region_bz92_g22m":null}},
{"type":"Feature","geometry":{"type":"Point","coordinates":[-122.415103029,37.757741393]},"properties":{"name":"Jose Coronado Clubhouse","uid":"2650616189117355099","resource_type":"restroom","water_fountain":"0","bottle_filler":"0","jug_filler":"0","dog_fountain":"0","latitude":"37.75774139291192","longitude":"-122.41510302901709","address":"2498 Folsom St","city":"San Francisco","state":"CA","zip_code":"94110","park":"Jose Coronado Playground","access":"publicly_accessible","public_access_hours_open":"08:00:00","public_access_hours_close":"20:00:00","public_access_days":"Daily","notes":null,"source":"rec","supervisor_district":"9","analysis_neighborhood":"Mission","data_as_of":"2026-02-05T12:11:25.000","data_loaded_at":"2026-05-01T09:08:14.258",":id":"row-xh94~fttf~ppp9",":version":"rv-2tna-bw3x_8a8u",":created_at":"2026-05-01T16:08:20.998Z",":updated_at":"2026-05-01T16:08:25.342Z",":@computed_region_jwn9_ihcz":"53",":@computed_region_qgnn_b9vv":"3",":@computed_region_26cr_cadq":"2",":@computed_region_ajp5_b2md":"20",":@computed_region_bz92_g22m":"181"}},
{"type":"Feature","geometry":{"type":"Point","coordinates":[-122.4200173,37.7649465]},"properties":{"name":"Mission Pit Stop - 16th and Mission streets (JCDecaux)","uid":"1226175465277442641","resource_type":"restroom","water_fountain":"0","bottle_filler":"0","jug_filler":"0","dog_fountain":"0","latitude":"37.7649465","longitude":"-122.4200173","address":"16th and Mission streets (JCDecaux)","city":"San Francisco","state":"CA","zip_code":null,"park":null,"access":"publicly_accessible","public_access_hours_open":"00:00:00","public_access_hours_close":"24:00:00","public_access_days":"Daily","notes":null,"source":"pit_stop","supervisor_district":"9","analysis_neighborhood":"Mission","data_as_of":"2026-05-01T09:05:46.591","data_loaded_at":"2026-05-01T09:08:14.258",":id":"row-ttec_y3pa-d8hm",":version":"rv-h2ia_2fg9-e5q8",":created_at":"2026-05-01T16:08:20.998Z",":updated_at":"2026-05-01T16:08:25.342Z",":@computed_region_jwn9_ihcz":"53",":@computed_region_qgnn_b9vv":"3",":@computed_region_26cr_cadq":"2",":@computed_region_ajp5_b2md":"20",":@computed_region_bz92_g22m":null}},
{"type":"Feature","geometry":{"type":"Point","coordinates":[-122.421706617,37.734068545]},"properties":{"name":"St Mary's Rec Center","uid":"3427043505677543567","resource_type":"restroom","water_fountain":"0","bottle_filler":"0","jug_filler":"0","dog_fountain":"0","latitude":"37.73406854450763","longitude":"-122.42170661681787","address":"95 Justin Dr","city":"San Francisco","state":"CA","zip_code":"94110","park":"St. Mary's Rec Center","access":"publicly_accessible","public_access_hours_open":"08:00:00","public_access_hours_close":"20:00:00","public_access_days":"Daily","notes":null,"source":"rec","supervisor_district":"9","analysis_neighborhood":"Bernal Heights","data_as_of":"2026-02-05T12:11:25.000","data_loaded_at":"2026-05-01T09:08:14.258",":id":"row-5nk3-8eve~kfq8",":version":"rv-cj7w_ckwj_yczn",":created_at":"2026-05-01T16:08:20.998Z",":updated_at":"2026-05-01T16:08:25.342Z",":@computed_region_jwn9_ihcz":"93",":@computed_region_qgnn_b9vv":"9",":@computed_region_26cr_cadq":"2",":@computed_region_ajp5_b2md":"2",":@computed_region_bz92_g22m":"109"}},
{"type":"Feature","geometry":{"type":"Point","coordinates":[-122.4130822,37.7801432]},"properties":{"name":"Mid-Market Pit Stop - U.N. Plaza (JCDecaux)","uid":"3807932607898650381","resource_type":"restroom","water_fountain":"0","bottle_filler":"0","jug_filler":"0","dog_fountain":"0","latitude":"37.7801432","longitude":"-122.4130822","address":"U.N. Plaza (JCDecaux)","city":"San Francisco","state":"CA","zip_code":null,"park":null,"access":"publicly_accessible","public_access_hours_open":"00:00:00","public_access_hours_close":"24:00:00","public_access_days":"Daily","notes":null,"source":"pit_stop","supervisor_district":"5","analysis_neighborhood":"Tenderloin","data_as_of":"2026-05-01T09:05:46.591","data_loaded_at":"2026-05-01T09:08:14.258",":id":"row-et2h-cj9j_m82y",":version":"rv-jafw~fc4w~nxsn",":created_at":"2026-05-01T16:08:20.998Z",":updated_at":"2026-05-01T16:08:25.342Z",":@computed_region_jwn9_ihcz":"21",":@computed_region_qgnn_b9vv":"5",":@computed_region_26cr_cadq":"10",":@computed_region_ajp5_b2md":"36",":@computed_region_bz92_g22m":null}},
{"type":"Feature","geometry":{"type":"Point","coordinates":[-122.387639,37.778694]},"properties":{"name":"Oracle Park","uid":"4973141222634535716","resource_type":"restroom","water_fountain":"1","bottle_filler":"0","jug_filler":"0","dog_fountain":"0","latitude":"37.778694","longitude":"-122.387639","address":"Giants Promenade, 24 Willie Mays Plaza","city":"San Francisco","state":"CA","zip_code":"94107","park":null,"access":"publicly_accessible","public_access_hours_open":null,"public_access_hours_close":null,"public_access_days":"Special Events","notes":"Outside Seal Plaza","source":"port","supervisor_district":"6","analysis_neighborhood":"Mission Bay","data_as_of":"2024-10-04T13:51:23.000","data_loaded_at":"2026-05-01T09:08:14.258",":id":"row-qy7k-aqgp-et8q",":version":"rv-8dpp-jnf7~kivk",":created_at":"2026-05-01T16:08:20.998Z",":updated_at":"2026-05-01T16:08:25.342Z",":@computed_region_jwn9_ihcz":"31",":@computed_region_qgnn_b9vv":"1",":@computed_region_26cr_cadq":"10",":@computed_region_ajp5_b2md":"4",":@computed_region_bz92_g22m":null}},
{"type":"Feature","geometry":{"type":"Point","coordinates":[-122.396963586,37.756119316]},"properties":{"name":"Potrero Hill Rec Center","uid":"5068999930283866876","resource_type":"restroom","water_fountain":"0","bottle_filler":"0","jug_filler":"0","dog_fountain":"0","latitude":"37.75611931617202","longitude":"-122.39696358586629","address":"801 Arkansas St","city":"San Francisco","state":"CA","zip_code":"94107","park":"Potrero Hill Rec Center","access":"publicly_accessible","public_access_hours_open":"08:00:00","public_access_hours_close":"20:00:00","public_access_days":"Daily","notes":null,"source":"rec","supervisor_district":"10","analysis_neighborhood":"Potrero Hill","data_as_of":"2026-02-05T12:11:25.000","data_loaded_at":"2026-05-01T09:08:14.258",":id":"row-f7ws.syke.uqh6",":version":"rv-s4az_q4t3_ympw",":created_at":"2026-05-01T16:08:20.998Z",":updated_at":"2026-05-01T16:08:25.342Z",":@computed_region_jwn9_ihcz":"54",":@computed_region_qgnn_b9vv":"2",":@computed_region_26cr_cadq":"9",":@computed_region_ajp5_b2md":"26",":@computed_region_bz92_g22m":"64"}},
{"type":"Feature","geometry":{"type":"Point","coordinates":[-122.49647617,37.76800132]},"properties":{"name":"Anglers Lodge","uid":"2320304234735625477","resource_type":"restroom","water_fountain":"0","bottle_filler":"0","jug_filler":"0","dog_fountain":"0","latitude":"37.76800131961908","longitude":"-122.49647616987956","address":"501 Stanyan St","city":"San Francisco","state":"CA","zip_code":"94122","park":"Golden Gate Park - Section 5","access":"publicly_accessible","public_access_hours_open":"08:00:00","public_access_hours_close":"20:00:00","public_access_days":"Daily","notes":null,"source":"rec","supervisor_district":"4","analysis_neighborhood":"Golden Gate Park","data_as_of":"2026-02-05T12:11:25.000","data_loaded_at":"2026-05-01T09:08:14.258",":id":"row-nx2k~hnnw_4if2",":version":"rv-naas~uapq~d4cs",":created_at":"2026-05-01T16:08:20.998Z",":updated_at":"2026-05-01T16:08:25.342Z",":@computed_region_jwn9_ihcz":"9",":@computed_region_qgnn_b9vv":"8",":@computed_region_26cr_cadq":"4",":@computed_region_ajp5_b2md":"12",":@computed_region_bz92_g22m":"233"}},
{"type":"Feature","geometry":{"type":"Point","coordinates":[-122.447065695,37.709504077]},"properties":{"name":"Alice Chalmers Clubhouse","uid":"4826729406713278563","resource_type":"restroom","water_fountain":"0","bottle_filler":"0","jug_filler":"0","dog_fountain":"0","latitude":"37.7095040767972","longitude":"-122.44706569537567","address":"670 Brunswick St","city":"San Francisco","state":"CA","zip_code":"94112","park":"Alice Chalmers Playground","access":"publicly_accessible","public_access_hours_open":"08:00:00","public_access_hours_close":"20:00:00","public_access_days":"Daily","notes":null,"source":"rec","supervisor_district":"11","analysis_neighborhood":"Excelsior","data_as_of":"2026-02-05T12:11:25.000","data_loaded_at":"2026-05-01T09:08:14.258",":id":"row-42af.5b2b-pdsv",":version":"rv-pipz~agij_tyrt",":created_at":"2026-05-01T16:08:20.998Z",":updated_at":"2026-05-01T16:08:25.342Z",":@computed_region_jwn9_ihcz":"58",":@computed_region_qgnn_b9vv":"9",":@computed_region_26cr_cadq":"1",":@computed_region_ajp5_b2md":"7",":@computed_region_bz92_g22m":"68"}},
{"type":"Feature","geometry":{"type":"Point","coordinates":[-122.46214572,37.768230466]},"properties":{"name":"Nursery Restrooms","uid":"4544891072889627791","resource_type":"restroom","water_fountain":"0","bottle_filler":"0","jug_filler":"0","dog_fountain":"0","latitude":"37.768230465943866","longitude":"-122.46214572009697","address":"501 Stanyan St","city":"San Francisco","state":"CA","zip_code":"94122","park":"Golden Gate Park - Section 7","access":"publicly_accessible","public_access_hours_open":"08:00:00","public_access_hours_close":"20:00:00","public_access_days":"Daily","notes":null,"source":"rec","supervisor_district":"7","analysis_neighborhood":"Golden Gate Park","data_as_of":"2025-12-08T11:45:05.000","data_loaded_at":"2026-05-01T09:08:14.258",":id":"row-sm8q_ab53~k9mb",":version":"rv-5zdx_hf6y_rbdf",":created_at":"2026-05-01T16:08:20.998Z",":updated_at":"2026-05-01T16:08:25.342Z",":@computed_region_jwn9_ihcz":"9",":@computed_region_qgnn_b9vv":"8",":@computed_region_26cr_cadq":"11",":@computed_region_ajp5_b2md":"12",":@computed_region_bz92_g22m":"228"}},
{"type":"Feature","geometry":{"type":"Point","coordinates":[-122.460789146,37.772607162]},"properties":{"name":"Conservatory Restrooms","uid":"1863141825000065385","resource_type":"restroom","water_fountain":"0","bottle_filler":"0","jug_filler":"0","dog_fountain":"0","latitude":"37.772607162293966","longitude":"-122.46078914623408","address":"501 Stanyan St","city":"San Francisco","state":"CA","zip_code":"94122","park":"Golden Gate Park - Section 3","access":"publicly_accessible","public_access_hours_open":"08:00:00","public_access_hours_close":"20:00:00","public_access_days":"Daily","notes":null,"source":"rec","supervisor_district":"1","analysis_neighborhood":"Golden Gate Park","data_as_of":"2025-12-08T11:45:05.000","data_loaded_at":"2026-05-01T09:08:14.258",":id":"row-tbub-wt36_fyvf",":version":"rv-2kpe.xgca_h3re",":created_at":"2026-05-01T16:08:20.998Z",":updated_at":"2026-05-01T16:08:25.342Z",":@computed_region_jwn9_ihcz":"9",":@computed_region_qgnn_b9vv":"7",":@computed_region_26cr_cadq":"4",":@computed_region_ajp5_b2md":"12",":@computed_region_bz92_g22m":"231"}},
{"type":"Feature","geometry":{"type":"Point","coordinates":[-122.4155803,37.8087256]},"properties":{"name":"Chowder Hut","uid":"1529365743775458966","resource_type":"restroom","water_fountain":"0","bottle_filler":"0","jug_filler":"0","dog_fountain":"0","latitude":"37.8087256","longitude":"-122.4155803","address":"2890 Taylor St","city":"San Francisco","state":"CA","zip_code":"94133","park":null,"access":"publicly_accessible","public_access_hours_open":"08:00:00","public_access_hours_close":"20:00:00","public_access_days":"Daily","notes":null,"source":"port","supervisor_district":"3","analysis_neighborhood":"North Beach","data_as_of":"2024-10-04T13:51:23.000","data_loaded_at":"2026-05-01T09:08:14.258",":id":"row-4zmf.uefw~8nau",":version":"rv-kmgd.m42e-kkxc",":created_at":"2026-05-01T16:08:20.998Z",":updated_at":"2026-05-01T16:08:25.342Z",":@computed_region_jwn9_ihcz":"99",":@computed_region_qgnn_b9vv":"6",":@computed_region_26cr_cadq":"3",":@computed_region_ajp5_b2md":"23",":@computed_region_bz92_g22m":null}},
{"type":"Feature","geometry":{"type":"Point","coordinates":[-122.37597,37.740119]},"properties":{"name":"Heron's Head Park, Eo Center","uid":"3577349118403171998","resource_type":"restroom","water_fountain":"0","bottle_filler":"0","jug_filler":"0","dog_fountain":"0","latitude":"37.740119","longitude":"-122.37597","address":"32 Jennings Street","city":"San Francisco","state":"CA","zip_code":"94124","park":null,"access":"publicly_accessible","public_access_hours_open":"08:00:00","public_access_hours_close":"17:30:00","public_access_days":"Daily","notes":null,"source":"port","supervisor_district":"10","analysis_neighborhood":"Bayview Hunters Point","data_as_of":"2024-10-04T13:51:23.000","data_loaded_at":"2026-05-01T09:08:14.258",":id":"row-jjg2-mfc9_w5xs",":version":"rv-juj6.giyf~88tz",":created_at":"2026-05-01T16:08:20.998Z",":updated_at":"2026-05-01T16:08:25.342Z",":@computed_region_jwn9_ihcz":"56",":@computed_region_qgnn_b9vv":"2",":@computed_region_26cr_cadq":"9",":@computed_region_ajp5_b2md":"1",":@computed_region_bz92_g22m":null}},
{"type":"Feature","geometry":{"type":"Point","coordinates":[-122.444223167,37.725180183]},"properties":{"name":"East Restroom","uid":"2202206770714678822","resource_type":"restroom","water_fountain":"0","bottle_filler":"0","jug_filler":"0","dog_fountain":"0","latitude":"37.7251801830117","longitude":"-122.44422316712797","address":"51 Havelock St","city":"San Francisco","state":"CA","zip_code":"94112","park":"Balboa Park","access":"publicly_accessible","public_access_hours_open":"08:00:00","public_access_hours_close":"20:00:00","public_access_days":"Daily","notes":null,"source":"rec","supervisor_district":"11","analysis_neighborhood":"Outer Mission","data_as_of":"2025-12-08T11:45:05.000","data_loaded_at":"2026-05-01T09:08:14.258",":id":"row-63jm~xxtm_ufj2",":version":"rv-yg3i_fujk-n6vb",":created_at":"2026-05-01T16:08:20.998Z",":updated_at":"2026-05-01T16:08:25.342Z",":@computed_region_jwn9_ihcz":"94",":@computed_region_qgnn_b9vv":"9",":@computed_region_26cr_cadq":"1",":@computed_region_ajp5_b2md":"28",":@computed_region_bz92_g22m":"76"}},
{"type":"Feature","geometry":{"type":"Point","coordinates":[-122.4083365,37.765187]},"properties":{"name":"Mission Pit Stop - Franklin Square Park in the parking lot adjacent to 300 Hampshire St.","uid":"7195330164682834754","resource_type":"restroom","water_fountain":"0","bottle_filler":"0","jug_filler":"0","dog_fountain":"0","latitude":"37.765187","longitude":"-122.4083365","address":"Franklin Square Park in the parking lot adjacent to 300 Hampshire St.","city":"San Francisco","state":"CA","zip_code":null,"park":null,"access":"publicly_accessible","public_access_hours_open":"07:00:00","public_access_hours_close":"19:00:00","public_access_days":"Daily","notes":null,"source":"pit_stop","supervisor_district":"9","analysis_neighborhood":"Mission","data_as_of":"2026-05-01T09:05:46.591","data_loaded_at":"2026-05-01T09:08:14.258",":id":"row-6hq9.vcad_xy47",":version":"rv-n8wh-7yfq~9iae",":created_at":"2026-05-01T16:08:20.998Z",":updated_at":"2026-05-01T16:08:25.342Z",":@computed_region_jwn9_ihcz":"53",":@computed_region_qgnn_b9vv":"3",":@computed_region_26cr_cadq":"9",":@computed_region_ajp5_b2md":"20",":@computed_region_bz92_g22m":null}},
{"type":"Feature","geometry":{"type":"Point","coordinates":[-122.48454452,37.78501376]},"properties":{"name":"Rochambeau Clubhouse","uid":"3542277325770407957","resource_type":"restroom","water_fountain":"0","bottle_filler":"0","jug_filler":"0","dog_fountain":"0","latitude":"37.78501375996518","longitude":"-122.48454452020017","address":"250 25th Ave","city":"San Francisco","state":"CA","zip_code":"94121","park":"Rochambeau Playground","access":"publicly_accessible","public_access_hours_open":"08:00:00","public_access_hours_close":"20:00:00","public_access_days":"Daily","notes":null,"source":"rec","supervisor_district":"1","analysis_neighborhood":"Outer Richmond","data_as_of":"2026-02-05T12:11:25.000","data_loaded_at":"2026-05-01T09:08:14.258",":id":"row-ps58.4jgn_j7kg",":version":"rv-zd54-dmtf~6dxh",":created_at":"2026-05-01T16:08:20.998Z",":updated_at":"2026-05-01T16:08:25.342Z",":@computed_region_jwn9_ihcz":"2",":@computed_region_qgnn_b9vv":"8",":@computed_region_26cr_cadq":"4",":@computed_region_ajp5_b2md":"29",":@computed_region_bz92_g22m":"25"}},
{"type":"Feature","geometry":{"type":"Point","coordinates":[-122.434577461,37.76957929]},"properties":{"name":"Harvey Milk Center for the Arts","uid":"5836815649071745688","resource_type":"restroom","water_fountain":"0","bottle_filler":"0","jug_filler":"0","dog_fountain":"0","latitude":"37.76957928966014","longitude":"-122.43457746068668","address":"50 Scott St","city":"San Francisco","state":"CA","zip_code":"94117","park":"Duboce Park","access":"publicly_accessible","public_access_hours_open":"08:00:00","public_access_hours_close":"20:00:00","public_access_days":"Daily","notes":null,"source":"rec","supervisor_district":"8","analysis_neighborhood":"Haight Ashbury","data_as_of":"2026-02-05T12:11:25.000","data_loaded_at":"2026-05-01T09:08:14.258",":id":"row-e4xj.b9gy-9a33",":version":"rv-e4he_euk3.hywe",":created_at":"2026-05-01T16:08:20.998Z",":updated_at":"2026-05-01T16:08:25.342Z",":@computed_region_jwn9_ihcz":"28",":@computed_region_qgnn_b9vv":"7",":@computed_region_26cr_cadq":"5",":@computed_region_ajp5_b2md":"3",":@computed_region_bz92_g22m":"159"}},
{"type":"Feature","geometry":{"type":"Point","coordinates":[-122.409882,37.80914]},"properties":{"name":"Pier 39","uid":"3249569504867891889","resource_type":"restroom","water_fountain":"0","bottle_filler":"0","jug_filler":"0","dog_fountain":"0","latitude":"37.80914","longitude":"-122.409882","address":"2 Beach st","city":"San Francisco","state":"CA","zip_code":"94133","park":null,"access":"publicly_accessible","public_access_hours_open":"07:00:00","public_access_hours_close":"22:00:00","public_access_days":"Daily","notes":"Level 1 by Lids","source":"port","supervisor_district":"3","analysis_neighborhood":"North Beach","data_as_of":"2024-10-04T13:51:23.000","data_loaded_at":"2026-05-01T09:08:14.258",":id":"row-d4im_vgfk-v5ws",":version":"rv-7gg9~9fat.4e43",":created_at":"2026-05-01T16:08:20.998Z",":updated_at":"2026-05-01T16:08:25.342Z",":@computed_region_jwn9_ihcz":"99",":@computed_region_qgnn_b9vv":"6",":@computed_region_26cr_cadq":"3",":@computed_region_ajp5_b2md":"23",":@computed_region_bz92_g22m":null}},
{"type":"Feature","geometry":{"type":"Point","coordinates":[-122.477975294,37.785326007]},"properties":{"name":"Richmond Playground Clubhouse","uid":"6357395550513127096","resource_type":"restroom","water_fountain":"0","bottle_filler":"0","jug_filler":"0","dog_fountain":"0","latitude":"37.785326007483725","longitude":"-122.4779752938975","address":"149 18th Ave","city":"San Francisco","state":"CA","zip_code":"94121","park":"Richmond Playground","access":"publicly_accessible","public_access_hours_open":"08:00:00","public_access_hours_close":"20:00:00","public_access_days":"Daily","notes":null,"source":"rec","supervisor_district":"1","analysis_neighborhood":"Outer Richmond","data_as_of":"2026-02-05T12:11:25.000","data_loaded_at":"2026-05-01T09:08:14.258",":id":"row-qswk.y4gv-s7se",":version":"rv-28qz~6dwi.qjfx",":created_at":"2026-05-01T16:08:20.998Z",":updated_at":"2026-05-01T16:08:25.342Z",":@computed_region_jwn9_ihcz":"2",":@computed_region_qgnn_b9vv":"8",":@computed_region_26cr_cadq":"4",":@computed_region_ajp5_b2md":"29",":@computed_region_bz92_g22m":"122"}},
{"type":"Feature","geometry":{"type":"Point","coordinates":[-122.445529717,37.725150611]},"properties":{"name":"West Restroom","uid":"8593550973827787120","resource_type":"restroom","water_fountain":"0","bottle_filler":"0","jug_filler":"0","dog_fountain":"0","latitude":"37.72515061091022","longitude":"-122.44552971671764","address":"51 Havelock St","city":"San Francisco","state":"CA","zip_code":"94112","park":"Balboa Park","access":"publicly_accessible","public_access_hours_open":"08:00:00","public_access_hours_close":"20:00:00","public_access_days":"Daily","notes":null,"source":"rec","supervisor_district":"11","analysis_neighborhood":"Outer Mission","data_as_of":"2025-12-08T11:45:05.000","data_loaded_at":"2026-05-01T09:08:14.258",":id":"row-xuz3-9f5z~qtcy",":version":"rv-2guc_kivk_rtvj",":created_at":"2026-05-01T16:08:20.998Z",":updated_at":"2026-05-01T16:08:25.342Z",":@computed_region_jwn9_ihcz":"94",":@computed_region_qgnn_b9vv":"9",":@computed_region_26cr_cadq":"1",":@computed_region_ajp5_b2md":"28",":@computed_region_bz92_g22m":"76"}},
{"type":"Feature","geometry":{"type":"Point","coordinates":[-122.507985583,37.767267892]},"properties":{"name":"Beach Chalet Soccer Fields Restrooms","uid":"4047199765492045528","resource_type":"restroom","water_fountain":"0","bottle_filler":"0","jug_filler":"0","dog_fountain":"0","latitude":"37.76726789237884","longitude":"-122.50798558308534","address":"501 Stanyan St","city":"San Francisco","state":"CA","zip_code":"94121","park":"Golden Gate Park - Section 6","access":"publicly_accessible","public_access_hours_open":"08:00:00","public_access_hours_close":"20:00:00","public_access_days":"Daily","notes":null,"source":"rec","supervisor_district":"4","analysis_neighborhood":"Golden Gate Park","data_as_of":"2025-12-08T11:45:05.000","data_loaded_at":"2026-05-01T09:08:14.258",":id":"row-vwq7-ffqn.jxyf",":version":"rv-n9nc~936h-2qnh",":created_at":"2026-05-01T16:08:20.998Z",":updated_at":"2026-05-01T16:08:25.342Z",":@computed_region_jwn9_ihcz":"9",":@computed_region_qgnn_b9vv":"8",":@computed_region_26cr_cadq":"4",":@computed_region_ajp5_b2md":"12",":@computed_region_bz92_g22m":"234"}},
{"type":"Feature","geometry":{"type":"Point","coordinates":[-122.398927748,37.763884988]},"properties":{"name":"Jackson Clubhouse","uid":"5798803553978306037","resource_type":"restroom","water_fountain":"0","bottle_filler":"0","jug_filler":"0","dog_fountain":"0","latitude":"37.76388498773169","longitude":"-122.39892774823224","address":"1645 17th St","city":"San Francisco","state":"CA","zip_code":"94107","park":"Jackson Playground","access":"publicly_accessible","public_access_hours_open":"08:00:00","public_access_hours_close":"20:00:00","public_access_days":"Daily","notes":null,"source":"rec","supervisor_district":"10","analysis_neighborhood":"Potrero Hill","data_as_of":"2026-02-05T12:11:25.000","data_loaded_at":"2026-05-01T09:08:14.258",":id":"row-dwt6_ay6k_mcfq",":version":"rv-5ab5~hamy_inyd",":created_at":"2026-05-01T16:08:20.998Z",":updated_at":"2026-05-01T16:08:25.342Z",":@computed_region_jwn9_ihcz":"54",":@computed_region_qgnn_b9vv":"1",":@computed_region_26cr_cadq":"9",":@computed_region_ajp5_b2md":"26",":@computed_region_bz92_g22m":"179"}},
{"type":"Feature","geometry":{"type":"Point","coordinates":[-122.477917307,37.736172397]},"properties":{"name":"Trocadero Clubhouse","uid":"1272777018282717854","resource_type":"restroom","water_fountain":"0","bottle_filler":"0","jug_filler":"0","dog_fountain":"0","latitude":"37.736172397148366","longitude":"-122.47791730666523","address":"2899 19th Ave","city":"San Francisco","state":"CA","zip_code":"94132","park":"Sigmund Stern Recreation Grove","access":"publicly_accessible","public_access_hours_open":"08:00:00","public_access_hours_close":"20:00:00","public_access_days":"Daily","notes":null,"source":"rec","supervisor_district":"4","analysis_neighborhood":"Sunset/Parkside","data_as_of":"2026-02-05T12:11:25.000","data_loaded_at":"2026-05-01T09:08:14.258",":id":"row-7uvy-juwy-gqjz",":version":"rv-xkem.p2fu.qh7r",":created_at":"2026-05-01T16:08:20.998Z",":updated_at":"2026-05-01T16:08:25.342Z",":@computed_region_jwn9_ihcz":"40",":@computed_region_qgnn_b9vv":"10",":@computed_region_26cr_cadq":"7",":@computed_region_ajp5_b2md":"35",":@computed_region_bz92_g22m":"112"}},
{"type":"Feature","geometry":{"type":"Point","coordinates":[-122.439216868,37.751489104]},"properties":{"name":"Restrooms","uid":"9096184556236417838","resource_type":"restroom","water_fountain":"0","bottle_filler":"0","jug_filler":"0","dog_fountain":"0","latitude":"37.7514891037872","longitude":"-122.43921686830971","address":"780 Douglass St","city":"San Francisco","state":"CA","zip_code":"94114","park":"Noe Valley Courts","access":"publicly_accessible","public_access_hours_open":"08:00:00","public_access_hours_close":"20:00:00","public_access_days":"Daily","notes":null,"source":"rec","supervisor_district":"8","analysis_neighborhood":"Noe Valley","data_as_of":"2025-12-08T11:45:05.000","data_loaded_at":"2026-05-01T09:08:14.258",":id":"row-nbr6-577n-dt4y",":version":"rv-9kye~v459_mq99",":created_at":"2026-05-01T16:08:20.998Z",":updated_at":"2026-05-01T16:08:25.342Z",":@computed_region_jwn9_ihcz":"51",":@computed_region_qgnn_b9vv":"3",":@computed_region_26cr_cadq":"5",":@computed_region_ajp5_b2md":"22",":@computed_region_bz92_g22m":"132"}},
{"type":"Feature","geometry":{"type":"Point","coordinates":[-122.428152936,37.791724074]},"properties":{"name":"Restrooms","uid":"2097687449800146040","resource_type":"restroom","water_fountain":"0","bottle_filler":"0","jug_filler":"0","dog_fountain":"0","latitude":"37.79172407379259","longitude":"-122.4281529362316","address":"2101 Washington St","city":"San Francisco","state":"CA","zip_code":"94109","park":"Lafayette Park","access":"publicly_accessible","public_access_hours_open":"08:00:00","public_access_hours_close":"20:00:00","public_access_days":"Daily","notes":null,"source":"rec","supervisor_district":"2","analysis_neighborhood":"Pacific Heights","data_as_of":"2025-12-08T11:45:05.000","data_loaded_at":"2026-05-01T09:08:14.258",":id":"row-8n8b.3t65~8qmc",":version":"rv-shv9_xfxc.dux4",":created_at":"2026-05-01T16:08:20.998Z",":updated_at":"2026-05-01T16:08:25.342Z",":@computed_region_jwn9_ihcz":"102",":@computed_region_qgnn_b9vv":"4",":@computed_region_26cr_cadq":"6",":@computed_region_ajp5_b2md":"30",":@computed_region_bz92_g22m":"212"}},
{"type":"Feature","geometry":{"type":"Point","coordinates":[-122.470846034,37.76888807]},"properties":{"name":"North Restrooms","uid":"4713862042748605556","resource_type":"restroom","water_fountain":"0","bottle_filler":"0","jug_filler":"0","dog_fountain":"0","latitude":"37.768888069840166","longitude":"-122.47084603426325","address":null,"city":"San Francisco","state":"CA","zip_code":"94122","park":"Golden Gate Park - Section 3","access":"publicly_accessible","public_access_hours_open":"08:00:00","public_access_hours_close":"20:00:00","public_access_days":"Daily","notes":null,"source":"rec","supervisor_district":"7","analysis_neighborhood":"Golden Gate Park","data_as_of":"2025-12-08T11:45:05.000","data_loaded_at":"2026-05-01T09:08:14.258",":id":"row-8eby_vnij.65yi",":version":"rv-gjyv_pbaj_463p",":created_at":"2026-05-01T16:08:20.998Z",":updated_at":"2026-05-01T16:08:25.342Z",":@computed_region_jwn9_ihcz":"9",":@computed_region_qgnn_b9vv":"8",":@computed_region_26cr_cadq":"11",":@computed_region_ajp5_b2md":"12",":@computed_region_bz92_g22m":"231"}},
{"type":"Feature","geometry":{"type":"Point","coordinates":[-122.457671157,37.777987583]},"properties":{"name":"Annex Restrooms","uid":"7379273592667316545","resource_type":"restroom","water_fountain":"0","bottle_filler":"0","jug_filler":"0","dog_fountain":"0","latitude":"37.77798758312746","longitude":"-122.45767115688963","address":"600 Arguello Blvd","city":"San Francisco","state":"CA","zip_code":"94118","park":"Angelo J. Rossi Playground","access":"publicly_accessible","public_access_hours_open":"08:00:00","public_access_hours_close":"20:00:00","public_access_days":"Daily","notes":null,"source":"rec","supervisor_district":"1","analysis_neighborhood":"Lone Mountain/USF","data_as_of":"2025-12-08T11:45:05.000","data_loaded_at":"2026-05-01T09:08:14.258",":id":"row-qpbf.6pje~kgaa",":version":"rv-mksv-9ztw.wsfx",":created_at":"2026-05-01T16:08:20.998Z",":updated_at":"2026-05-01T16:08:25.342Z",":@computed_region_jwn9_ihcz":"12",":@computed_region_qgnn_b9vv":"8",":@computed_region_26cr_cadq":"4",":@computed_region_ajp5_b2md":"18",":@computed_region_bz92_g22m":"204"}},
{"type":"Feature","geometry":{"type":"Point","coordinates":[-122.434328845,37.776086126]},"properties":{"name":"Restrooms","uid":"3659454021908060856","resource_type":"restroom","water_fountain":"0","bottle_filler":"0","jug_filler":"0","dog_fountain":"0","latitude":"37.77608612648726","longitude":"-122.43432884504263","address":"1081 Fulton St","city":"San Francisco","state":"CA","zip_code":"94117","park":"Alamo Square","access":"publicly_accessible","public_access_hours_open":"08:00:00","public_access_hours_close":"20:00:00","public_access_days":"Daily","notes":null,"source":"rec","supervisor_district":"5","analysis_neighborhood":"Hayes Valley","data_as_of":"2025-12-08T11:45:05.000","data_loaded_at":"2026-05-01T09:08:14.258",":id":"row-adqt-4k7n_tn9t",":version":"rv-zx5t-yn75-giz4",":created_at":"2026-05-01T16:08:20.998Z",":updated_at":"2026-05-01T16:08:25.342Z",":@computed_region_jwn9_ihcz":"23",":@computed_region_qgnn_b9vv":"4",":@computed_region_26cr_cadq":"11",":@computed_region_ajp5_b2md":"9",":@computed_region_bz92_g22m":"67"}},
{"type":"Feature","geometry":{"type":"Point","coordinates":[-122.484708568,37.769534389]},"properties":{"name":"Hellman Hollow Restrooms","uid":"1104549236511730505","resource_type":"restroom","water_fountain":"0","bottle_filler":"0","jug_filler":"0","dog_fountain":"0","latitude":"37.76953438850296","longitude":"-122.48470856769094","address":"501 Stanyan St","city":"San Francisco","state":"CA","zip_code":"94122","park":"Golden Gate Park - Section 5","access":"publicly_accessible","public_access_hours_open":"08:00:00","public_access_hours_close":"20:00:00","public_access_days":"Daily","notes":null,"source":"rec","supervisor_district":"4","analysis_neighborhood":"Golden Gate Park","data_as_of":"2025-12-08T11:45:05.000","data_loaded_at":"2026-05-01T09:08:14.258",":id":"row-876a_9u2a-hzzd",":version":"rv-vjry.39eh-npyj",":created_at":"2026-05-01T16:08:20.998Z",":updated_at":"2026-05-01T16:08:25.342Z",":@computed_region_jwn9_ihcz":"9",":@computed_region_qgnn_b9vv":"8",":@computed_region_26cr_cadq":"4",":@computed_region_ajp5_b2md":"12",":@computed_region_bz92_g22m":"233"}},
{"type":"Feature","geometry":{"type":"Point","coordinates":[-122.433585503,37.720234602]},"properties":{"name":"Excelsior Clubhouse","uid":"7624069768620183306","resource_type":"restroom","water_fountain":"0","bottle_filler":"0","jug_filler":"0","dog_fountain":"0","latitude":"37.72023460243885","longitude":"-122.43358550290404","address":"579 Madrid St","city":"San Francisco","state":"CA","zip_code":"94112","park":"Excelsior Playground","access":"publicly_accessible","public_access_hours_open":"08:00:00","public_access_hours_close":"20:00:00","public_access_days":"Daily","notes":null,"source":"rec","supervisor_district":"11","analysis_neighborhood":"Excelsior","data_as_of":"2026-02-05T12:11:25.000","data_loaded_at":"2026-05-01T09:08:14.258",":id":"row-vk42.gzjy-fut3",":version":"rv-kveq~bx2u~2km2",":created_at":"2026-05-01T16:08:20.998Z",":updated_at":"2026-05-01T16:08:25.342Z",":@computed_region_jwn9_ihcz":"90",":@computed_region_qgnn_b9vv":"9",":@computed_region_26cr_cadq":"1",":@computed_region_ajp5_b2md":"7",":@computed_region_bz92_g22m":"161"}},
{"type":"Feature","geometry":{"type":"Point","coordinates":[-122.405638096,37.794611454]},"properties":{"name":"Restrooms","uid":"5508388075150035682","resource_type":"restroom","water_fountain":"0","bottle_filler":"0","jug_filler":"0","dog_fountain":"0","latitude":"37.79461145357501","longitude":"-122.40563809600197","address":"745 Kearny St","city":"San Francisco","state":"CA","zip_code":"94108","park":"Portsmouth Square","access":"publicly_accessible","public_access_hours_open":"08:00:00","public_access_hours_close":"20:00:00","public_access_days":"Daily","notes":null,"source":"rec","supervisor_district":"3","analysis_neighborhood":"Chinatown","data_as_of":"2025-12-08T11:45:05.000","data_loaded_at":"2026-05-01T09:08:14.258",":id":"row-mqfk.yxfv-iipd",":version":"rv-45cv_449g.pq7s",":created_at":"2026-05-01T16:08:20.998Z",":updated_at":"2026-05-01T16:08:25.342Z",":@computed_region_jwn9_ihcz":"104",":@computed_region_qgnn_b9vv":"6",":@computed_region_26cr_cadq":"3",":@computed_region_ajp5_b2md":"6",":@computed_region_bz92_g22m":"127"}},
{"type":"Feature","geometry":{"type":"Point","coordinates":[-122.5107794,37.7675953]},"properties":{"name":"Ocean Beach Pit Stop - Great Highway near Beach Chalet","uid":"8978516872808671611","resource_type":"restroom","water_fountain":"0","bottle_filler":"0","jug_filler":"0","dog_fountain":"0","latitude":"37.7675953","longitude":"-122.5107794","address":"Great Highway near Beach Chalet","city":"San Francisco","state":"CA","zip_code":null,"park":"Sunset Dunes","access":"publicly_accessible","public_access_hours_open":"11:00:00","public_access_hours_close":"18:00:00","public_access_days":"Daily","notes":null,"source":"pit_stop","supervisor_district":"4","analysis_neighborhood":"Golden Gate Park","data_as_of":"2026-05-01T09:05:46.591","data_loaded_at":"2026-05-01T09:08:14.258",":id":"row-w569-det7-8sdw",":version":"rv-ikvb_mejq~9xmy",":created_at":"2026-05-01T16:08:20.998Z",":updated_at":"2026-05-01T16:08:25.342Z",":@computed_region_jwn9_ihcz":"9",":@computed_region_qgnn_b9vv":"8",":@computed_region_26cr_cadq":"4",":@computed_region_ajp5_b2md":"12",":@computed_region_bz92_g22m":"20"}},
{"type":"Feature","geometry":{"type":"Point","coordinates":[-122.440268121,37.74402072]},"properties":{"name":"Christopher Clubhouse","uid":"2811668174124739375","resource_type":"restroom","water_fountain":"0","bottle_filler":"0","jug_filler":"0","dog_fountain":"0","latitude":"37.74402071988674","longitude":"-122.44026812112062","address":"5210 Diamond Heights Blvd","city":"San Francisco","state":"CA","zip_code":"94131","park":"George Christopher Playground","access":"publicly_accessible","public_access_hours_open":"08:00:00","public_access_hours_close":"20:00:00","public_access_days":"Daily","notes":null,"source":"rec","supervisor_district":"8","analysis_neighborhood":"Glen Park","data_as_of":"2026-02-05T12:11:25.000","data_loaded_at":"2026-05-01T09:08:14.258",":id":"row-mnit_re8c~g8zm",":version":"rv-2bim~99n6~ixsw",":created_at":"2026-05-01T16:08:20.998Z",":updated_at":"2026-05-01T16:08:25.342Z",":@computed_region_jwn9_ihcz":"57",":@computed_region_qgnn_b9vv":"9",":@computed_region_26cr_cadq":"5",":@computed_region_ajp5_b2md":"10",":@computed_region_bz92_g22m":"168"}},
{"type":"Feature","geometry":{"type":"Point","coordinates":[-122.410441,37.810759]},"properties":{"name":"Pier 42","uid":"5131556297665840105","resource_type":"restroom","water_fountain":"0","bottle_filler":"0","jug_filler":"0","dog_fountain":"0","latitude":"37.810759","longitude":"-122.410441","address":"Fishermans's Wharf","city":"San Francisco","state":"CA","zip_code":"94133","park":null,"access":"publicly_accessible","public_access_hours_open":"07:00:00","public_access_hours_close":"22:00:00","public_access_days":"Daily","notes":"Level 2 by Amici's Pizza","source":"port","supervisor_district":"3","analysis_neighborhood":"North Beach","data_as_of":"2024-10-04T13:51:23.000","data_loaded_at":"2026-05-01T09:08:14.258",":id":"row-p5zw~x3rg-8tqw",":version":"rv-9q4f_8i8a.u552",":created_at":"2026-05-01T16:08:20.998Z",":updated_at":"2026-05-01T16:08:25.342Z",":@computed_region_jwn9_ihcz":"99",":@computed_region_qgnn_b9vv":"6",":@computed_region_26cr_cadq":"3",":@computed_region_ajp5_b2md":"23",":@computed_region_bz92_g22m":null}},
{"type":"Feature","geometry":{"type":"Point","coordinates":[-122.480708402,37.743551646]},"properties":{"name":"McCoppin Square Clubhouse","uid":"341541798497557024","resource_type":"restroom","water_fountain":"0","bottle_filler":"0","jug_filler":"0","dog_fountain":"0","latitude":"37.74355164646907","longitude":"-122.48070840165806","address":"2354 24th Ave","city":"San Francisco","state":"CA","zip_code":"94116","park":"McCoppin Square","access":"publicly_accessible","public_access_hours_open":"08:00:00","public_access_hours_close":"20:00:00","public_access_days":"Daily","notes":null,"source":"rec","supervisor_district":"4","analysis_neighborhood":"Sunset/Parkside","data_as_of":"2026-02-05T12:11:25.000","data_loaded_at":"2026-05-01T09:08:14.258",":id":"row-vwgy.pwyt~udrx",":version":"rv-avfr_9x85.ey78",":created_at":"2026-05-01T16:08:20.998Z",":updated_at":"2026-05-01T16:08:25.342Z",":@computed_region_jwn9_ihcz":"40",":@computed_region_qgnn_b9vv":"10",":@computed_region_26cr_cadq":"7",":@computed_region_ajp5_b2md":"35",":@computed_region_bz92_g22m":"139"}},
{"type":"Feature","geometry":{"type":"Point","coordinates":[-122.449524823,37.73912957]},"properties":{"name":"Miraloma Playground Clubhouse","uid":"7139414283949802640","resource_type":"restroom","water_fountain":"0","bottle_filler":"0","jug_filler":"0","dog_fountain":"0","latitude":"37.73912956981337","longitude":"-122.44952482324739","address":"25 Omar Way","city":"San Francisco","state":"CA","zip_code":"94127","park":"Miraloma Playground","access":"publicly_accessible","public_access_hours_open":"08:00:00","public_access_hours_close":"20:00:00","public_access_days":"Daily","notes":null,"source":"rec","supervisor_district":"7","analysis_neighborhood":"West of Twin Peaks","data_as_of":"2026-02-05T12:11:25.000","data_loaded_at":"2026-05-01T09:08:14.258",":id":"row-mbmu~spjz.xpnv",":version":"rv-idjb-8v6b.cpvw",":created_at":"2026-05-01T16:08:20.998Z",":updated_at":"2026-05-01T16:08:25.342Z",":@computed_region_jwn9_ihcz":"72",":@computed_region_qgnn_b9vv":"9",":@computed_region_26cr_cadq":"8",":@computed_region_ajp5_b2md":"41",":@computed_region_bz92_g22m":"136"}},
{"type":"Feature","geometry":{"type":"Point","coordinates":[-122.459563311,37.770052433]},"properties":{"name":"Tennis Center","uid":"2379230863305544113","resource_type":"restroom","water_fountain":"0","bottle_filler":"0","jug_filler":"0","dog_fountain":"0","latitude":"37.77005243269528","longitude":"-122.45956331063556","address":"501 Stanyan St","city":"San Francisco","state":"CA","zip_code":"94122","park":"Golden Gate Park - Section 7","access":"publicly_accessible","public_access_hours_open":"08:00:00","public_access_hours_close":"20:00:00","public_access_days":"Daily","notes":null,"source":"rec","supervisor_district":"7","analysis_neighborhood":"Golden Gate Park","data_as_of":"2026-02-05T12:11:25.000","data_loaded_at":"2026-05-01T09:08:14.258",":id":"row-88jx_h6st.xigu",":version":"rv-b8jt_9ttz_pbcf",":created_at":"2026-05-01T16:08:20.998Z",":updated_at":"2026-05-01T16:08:25.342Z",":@computed_region_jwn9_ihcz":"9",":@computed_region_qgnn_b9vv":"7",":@computed_region_26cr_cadq":"11",":@computed_region_ajp5_b2md":"12",":@computed_region_bz92_g22m":"228"}},
{"type":"Feature","geometry":{"type":"Point","coordinates":[-122.4060242,37.7767602]},"properties":{"name":"SoMa Pit Stop - Victoria Manalo Draves Park (Rec Park)","uid":"3769861877417491906","resource_type":"restroom","water_fountain":"0","bottle_filler":"0","jug_filler":"0","dog_fountain":"0","latitude":"37.7767602","longitude":"-122.4060242","address":"Victoria Manalo Draves Park (Rec Park)","city":"San Francisco","state":"CA","zip_code":null,"park":"Victoria Manalo Draves Park","access":"limited_access","public_access_hours_open":"09:00:00","public_access_hours_close":"17:00:00","public_access_days":"Daily","notes":null,"source":"pit_stop","supervisor_district":"6","analysis_neighborhood":"South of Market","data_as_of":"2026-05-01T09:05:46.591","data_loaded_at":"2026-05-01T09:08:14.258",":id":"row-75bb_v3kq-zedt",":version":"rv-yexs.rvxe~sc3h",":created_at":"2026-05-01T16:08:20.998Z",":updated_at":"2026-05-01T16:08:25.342Z",":@computed_region_jwn9_ihcz":"32",":@computed_region_qgnn_b9vv":"1",":@computed_region_26cr_cadq":"10",":@computed_region_ajp5_b2md":"34",":@computed_region_bz92_g22m":"98"}},
{"type":"Feature","geometry":{"type":"Point","coordinates":[-122.376038206,37.732472252]},"properties":{"name":"Food Pavilion","uid":"3689191516695009674","resource_type":"restroom","water_fountain":"0","bottle_filler":"0","jug_filler":"0","dog_fountain":"0","latitude":"37.73247225177238","longitude":"-122.37603820607137","address":"900 Innes St","city":"San Francisco","state":"CA","zip_code":"94124","park":"900 Innes","access":"publicly_accessible","public_access_hours_open":"08:00:00","public_access_hours_close":"20:00:00","public_access_days":"Daily","notes":null,"source":"rec","supervisor_district":"10","analysis_neighborhood":"Bayview Hunters Point","data_as_of":"2026-03-23T13:17:44.000","data_loaded_at":"2026-05-01T09:08:14.258",":id":"row-pfuu.qxee~mtca",":version":"rv-eed3_4zzc~rjw4",":created_at":"2026-05-01T16:08:20.998Z",":updated_at":"2026-05-01T16:08:25.342Z",":@computed_region_jwn9_ihcz":"76",":@computed_region_qgnn_b9vv":"2",":@computed_region_26cr_cadq":"9",":@computed_region_ajp5_b2md":"1",":@computed_region_bz92_g22m":null}},
{"type":"Feature","geometry":{"type":"Point","coordinates":[-122.451135429,37.78369104]},"properties":{"name":"Laurel Hill Clubhouse","uid":"5792798905216035670","resource_type":"restroom","water_fountain":"0","bottle_filler":"0","jug_filler":"0","dog_fountain":"0","latitude":"37.78369104037538","longitude":"-122.45113542893182","address":"251 Euclid Ave","city":"San Francisco","state":"CA","zip_code":"94118","park":"Laurel Hill Playground","access":"publicly_accessible","public_access_hours_open":"08:00:00","public_access_hours_close":"20:00:00","public_access_days":"Daily","notes":null,"source":"rec","supervisor_district":"2","analysis_neighborhood":"Presidio Heights","data_as_of":"2026-02-05T12:11:25.000","data_loaded_at":"2026-05-01T09:08:14.258",":id":"row-tb8j-h52e.jw28",":version":"rv-khrb~h99a.axy3",":created_at":"2026-05-01T16:08:20.998Z",":updated_at":"2026-05-01T16:08:25.342Z",":@computed_region_jwn9_ihcz":"11",":@computed_region_qgnn_b9vv":"8",":@computed_region_26cr_cadq":"6",":@computed_region_ajp5_b2md":"31",":@computed_region_bz92_g22m":"187"}},
{"type":"Feature","geometry":{"type":"Point","coordinates":[-122.501826391,37.784220103]},"properties":{"name":"Restroom","uid":"4161973934314613702","resource_type":"restroom","water_fountain":"0","bottle_filler":"0","jug_filler":"0","dog_fountain":"0","latitude":"37.78422010314916","longitude":"-122.50182639060691","address":"100 34th Ave","city":"San Francisco","state":"CA","zip_code":"94121","park":"Lincoln Park","access":"publicly_accessible","public_access_hours_open":"08:00:00","public_access_hours_close":"20:00:00","public_access_days":"Daily","notes":null,"source":"rec","supervisor_district":"1","analysis_neighborhood":"Lincoln Park","data_as_of":"2025-12-08T11:45:05.000","data_loaded_at":"2026-05-01T09:08:14.258",":id":"row-zcsr-5gxp~yg3k",":version":"rv-tftr-s3zq-vqqb",":created_at":"2026-05-01T16:08:20.998Z",":updated_at":"2026-05-01T16:08:25.342Z",":@computed_region_jwn9_ihcz":"7",":@computed_region_qgnn_b9vv":"8",":@computed_region_26cr_cadq":"4",":@computed_region_ajp5_b2md":"17",":@computed_region_bz92_g22m":"52"}},
{"type":"Feature","geometry":{"type":"Point","coordinates":[-122.384134955,37.737977477]},"properties":{"name":"Youngblood Coleman Clubhouse","uid":"1204923542090208152","resource_type":"restroom","water_fountain":"0","bottle_filler":"0","jug_filler":"0","dog_fountain":"0","latitude":"37.73797747670019","longitude":"-122.38413495509043","address":"1398 Hudson Ave","city":"San Francisco","state":"CA","zip_code":"94124","park":"Youngblood-Coleman Playground","access":"publicly_accessible","public_access_hours_open":"08:00:00","public_access_hours_close":"20:00:00","public_access_days":"Daily","notes":null,"source":"rec","supervisor_district":"10","analysis_neighborhood":"Bayview Hunters Point","data_as_of":"2026-02-05T12:11:25.000","data_loaded_at":"2026-05-01T09:08:14.258",":id":"row-kxey_5zg9_9rrm",":version":"rv-fqfm.wa44.gx5e",":created_at":"2026-05-01T16:08:20.998Z",":updated_at":"2026-05-01T16:08:25.342Z",":@computed_region_jwn9_ihcz":"86",":@computed_region_qgnn_b9vv":"2",":@computed_region_26cr_cadq":"9",":@computed_region_ajp5_b2md":"1",":@computed_region_bz92_g22m":"224"}},
{"type":"Feature","geometry":{"type":"Point","coordinates":[-122.471781561,37.787022992]},"properties":{"name":"Mountain Lake Restrooms","uid":"7662904050712720207","resource_type":"restroom","water_fountain":"0","bottle_filler":"0","jug_filler":"0","dog_fountain":"0","latitude":"37.78702299150584","longitude":"-122.4717815612031","address":"1 11th Ave","city":"San Francisco","state":"CA","zip_code":"94118","park":"Mountain Lake Park","access":"publicly_accessible","public_access_hours_open":"08:00:00","public_access_hours_close":"20:00:00","public_access_days":"Daily","notes":null,"source":"rec","supervisor_district":"1","analysis_neighborhood":"Inner Richmond","data_as_of":"2025-12-08T11:45:05.000","data_loaded_at":"2026-05-01T09:08:14.258",":id":"row-n95r_56mh~vspn",":version":"rv-b5up.b4tv_79hy",":created_at":"2026-05-01T16:08:20.998Z",":updated_at":"2026-05-01T16:08:25.342Z",":@computed_region_jwn9_ihcz":"4",":@computed_region_qgnn_b9vv":null,":@computed_region_26cr_cadq":"6",":@computed_region_ajp5_b2md":"11",":@computed_region_bz92_g22m":"134"}},
{"type":"Feature","geometry":{"type":"Point","coordinates":[-122.412773,37.7848986]},"properties":{"name":"Tenderloin Pit Stop - Ellis and Jones streets","uid":"6351744818236606854","resource_type":"restroom","water_fountain":"0","bottle_filler":"0","jug_filler":"0","dog_fountain":"0","latitude":"37.7848986","longitude":"-122.412773","address":"Ellis and Jones streets","city":"San Francisco","state":"CA","zip_code":null,"park":null,"access":"publicly_accessible","public_access_hours_open":"08:00:00","public_access_hours_close":"20:00:00","public_access_days":"Daily","notes":null,"source":"pit_stop","supervisor_district":"5","analysis_neighborhood":"Tenderloin","data_as_of":"2026-05-01T09:05:46.591","data_loaded_at":"2026-05-01T09:08:14.258",":id":"row-kjrq-ig7z~airy",":version":"rv-ruqk_evj8~wd33",":created_at":"2026-05-01T16:08:20.998Z",":updated_at":"2026-05-01T16:08:25.342Z",":@computed_region_jwn9_ihcz":"20",":@computed_region_qgnn_b9vv":"5",":@computed_region_26cr_cadq":"10",":@computed_region_ajp5_b2md":"36",":@computed_region_bz92_g22m":null}},
{"type":"Feature","geometry":{"type":"Point","coordinates":[-122.474098618,37.725096697]},"properties":{"name":"Junipero Serra Clubhouse","uid":"639104613465753824","resource_type":"restroom","water_fountain":"0","bottle_filler":"0","jug_filler":"0","dog_fountain":"0","latitude":"37.72509669678394","longitude":"-122.47409861765142","address":"300 Stonecrest Dr","city":"San Francisco","state":"CA","zip_code":"94132","park":"Junipero Serra Playground","access":"publicly_accessible","public_access_hours_open":"08:00:00","public_access_hours_close":"20:00:00","public_access_days":"Daily","notes":null,"source":"rec","supervisor_district":"7","analysis_neighborhood":"West of Twin Peaks","data_as_of":"2026-02-05T12:11:25.000","data_loaded_at":"2026-05-01T09:08:14.258",":id":"row-pn7h_v4mf.e7n5",":version":"rv-n779~eqxc-wed6",":created_at":"2026-05-01T16:08:20.998Z",":updated_at":"2026-05-01T16:08:25.342Z",":@computed_region_jwn9_ihcz":"41",":@computed_region_qgnn_b9vv":"10",":@computed_region_26cr_cadq":"8",":@computed_region_ajp5_b2md":"41",":@computed_region_bz92_g22m":"182"}},
{"type":"Feature","geometry":{"type":"Point","coordinates":[-122.424564026,37.715995367]},"properties":{"name":"Gleneagles Golf Course Clubhouse","uid":"6584855746954938973","resource_type":"restroom","water_fountain":"0","bottle_filler":"0","jug_filler":"0","dog_fountain":"0","latitude":"37.715995366833766","longitude":"-122.42456402575618","address":null,"city":"San Francisco","state":"CA","zip_code":"94134","park":"John McLaren Park","access":"publicly_accessible","public_access_hours_open":"08:00:00","public_access_hours_close":"20:00:00","public_access_days":"Daily","notes":null,"source":"rec","supervisor_district":"10","analysis_neighborhood":"McLaren Park","data_as_of":"2026-02-05T12:11:25.000","data_loaded_at":"2026-05-01T09:08:14.258",":id":"row-65vk-w986~2bcz",":version":"rv-c7pv_bvvc-zw2v",":created_at":"2026-05-01T16:08:20.998Z",":updated_at":"2026-05-01T16:08:25.342Z",":@computed_region_jwn9_ihcz":"73",":@computed_region_qgnn_b9vv":"9",":@computed_region_26cr_cadq":"9",":@computed_region_ajp5_b2md":"19",":@computed_region_bz92_g22m":"7"}},
{"type":"Feature","geometry":{"type":"Point","coordinates":[-122.416145,37.809195]},"properties":{"name":"Pier 45, Shed A","uid":"6920006118133311026","resource_type":"restroom","water_fountain":"0","bottle_filler":"0","jug_filler":"0","dog_fountain":"0","latitude":"37.809195","longitude":"-122.416145","address":"43 The Embarcadero","city":"San Francisco","state":"CA","zip_code":"94107","park":null,"access":"limited_access","public_access_hours_open":"08:00:00","public_access_hours_close":"20:00:00","public_access_days":"Daily","notes":"Inside Shed A","source":"port","supervisor_district":"3","analysis_neighborhood":"North Beach","data_as_of":"2024-10-04T13:51:23.000","data_loaded_at":"2026-05-01T09:08:14.258",":id":"row-wr3y_u47m-pd9m",":version":"rv-u6bc~e99k~kknn",":created_at":"2026-05-01T16:08:20.998Z",":updated_at":"2026-05-01T16:08:25.342Z",":@computed_region_jwn9_ihcz":"99",":@computed_region_qgnn_b9vv":"6",":@computed_region_26cr_cadq":"3",":@computed_region_ajp5_b2md":"23",":@computed_region_bz92_g22m":null}},
{"type":"Feature","geometry":{"type":"Point","coordinates":[-122.458981005,37.76854977]},"properties":{"name":"Bowling Green Clubhouse","uid":"3966811820932894444","resource_type":"restroom","water_fountain":"0","bottle_filler":"0","jug_filler":"0","dog_fountain":"0","latitude":"37.76854977012466","longitude":"-122.45898100469685","address":"501 Stanyan St","city":"San Francisco","state":"CA","zip_code":"94122","park":"Golden Gate Park - Section 7","access":"publicly_accessible","public_access_hours_open":"08:00:00","public_access_hours_close":"20:00:00","public_access_days":"Daily","notes":null,"source":"rec","supervisor_district":"7","analysis_neighborhood":"Golden Gate Park","data_as_of":"2026-02-05T12:11:25.000","data_loaded_at":"2026-05-01T09:08:14.258",":id":"row-hsqa-f3du.y59b",":version":"rv-5tnv-gk6c-vfm8",":created_at":"2026-05-01T16:08:20.998Z",":updated_at":"2026-05-01T16:08:25.342Z",":@computed_region_jwn9_ihcz":"9",":@computed_region_qgnn_b9vv":"7",":@computed_region_26cr_cadq":"11",":@computed_region_ajp5_b2md":"12",":@computed_region_bz92_g22m":"228"}},
{"type":"Feature","geometry":{"type":"Point","coordinates":[-122.405357024,37.750102331]},"properties":{"name":"Potrero Del Sol Maintenance Shed","uid":"6002076607506216774","resource_type":"restroom","water_fountain":"0","bottle_filler":"0","jug_filler":"0","dog_fountain":"0","latitude":"37.75010233091674","longitude":"-122.40535702359601","address":null,"city":"San Francisco","state":"CA","zip_code":"94110","park":"Potrero del Sol","access":"publicly_accessible","public_access_hours_open":"08:00:00","public_access_hours_close":"20:00:00","public_access_days":"Daily","notes":null,"source":"rec","supervisor_district":"9","analysis_neighborhood":"Mission","data_as_of":"2026-02-05T12:11:25.000","data_loaded_at":"2026-05-01T09:08:14.258",":id":"row-q9du.vhyf_eknm",":version":"rv-xmi3-hyg6.q7vq",":created_at":"2026-05-01T16:08:20.998Z",":updated_at":"2026-05-01T16:08:25.342Z",":@computed_region_jwn9_ihcz":"54",":@computed_region_qgnn_b9vv":"3",":@computed_region_26cr_cadq":"9",":@computed_region_ajp5_b2md":"20",":@computed_region_bz92_g22m":"220"}},
{"type":"Feature","geometry":{"type":"Point","coordinates":[-122.507079787,37.741426677]},"properties":{"name":"Lower Great Highway Taraval Restrooms","uid":"271232090700619754","resource_type":"restroom","water_fountain":"0","bottle_filler":"0","jug_filler":"0","dog_fountain":"0","latitude":"37.7414266766865","longitude":"-122.50707978731747","address":null,"city":"San Francisco","state":"CA","zip_code":"94132","park":"Sunset Dunes","access":"publicly_accessible","public_access_hours_open":"08:00:00","public_access_hours_close":"20:00:00","public_access_days":"Daily","notes":null,"source":"rec","supervisor_district":"4","analysis_neighborhood":"Sunset/Parkside","data_as_of":"2025-12-08T11:45:05.000","data_loaded_at":"2026-05-01T09:08:14.258",":id":"row-hnwj~u5iy-hy6b",":version":"rv-hbk5~tzzm_hwmm",":created_at":"2026-05-01T16:08:20.998Z",":updated_at":"2026-05-01T16:08:25.342Z",":@computed_region_jwn9_ihcz":"39",":@computed_region_qgnn_b9vv":"10",":@computed_region_26cr_cadq":"7",":@computed_region_ajp5_b2md":"35",":@computed_region_bz92_g22m":"20"}},
{"type":"Feature","geometry":{"type":"Point","coordinates":[-122.469446332,37.77044564]},"properties":{"name":"Mens Bathroom","uid":"5336850396317708804","resource_type":"restroom","water_fountain":"0","bottle_filler":"0","jug_filler":"0","dog_fountain":"0","latitude":"37.7704456402082","longitude":"-122.4694463318913","address":null,"city":"San Francisco","state":"CA","zip_code":"94118","park":"Golden Gate Park - Section 2","access":"publicly_accessible","public_access_hours_open":"08:00:00","public_access_hours_close":"20:00:00","public_access_days":"Daily","notes":null,"source":"rec","supervisor_district":"7","analysis_neighborhood":"Golden Gate Park","data_as_of":"2025-12-08T11:45:05.000","data_loaded_at":"2026-05-01T09:08:14.258",":id":"row-zajf~rhqr-et2m",":version":"rv-zu6b.76yi.s8fz",":created_at":"2026-05-01T16:08:20.998Z",":updated_at":"2026-05-01T16:08:25.342Z",":@computed_region_jwn9_ihcz":"9",":@computed_region_qgnn_b9vv":"8",":@computed_region_26cr_cadq":"4",":@computed_region_ajp5_b2md":"12",":@computed_region_bz92_g22m":"235"}},
{"type":"Feature","geometry":{"type":"Point","coordinates":[-122.497076543,37.771963941]},"properties":{"name":"GGP Senior Center","uid":"2182744287607134667","resource_type":"restroom","water_fountain":"0","bottle_filler":"0","jug_filler":"0","dog_fountain":"0","latitude":"37.77196394138841","longitude":"-122.497076543153","address":"501 Stanyan St","city":"San Francisco","state":"CA","zip_code":"94122","park":"Golden Gate Park - Section 5","access":"publicly_accessible","public_access_hours_open":"08:00:00","public_access_hours_close":"20:00:00","public_access_days":"Daily","notes":null,"source":"rec","supervisor_district":"1","analysis_neighborhood":"Golden Gate Park","data_as_of":"2026-03-19T13:29:31.000","data_loaded_at":"2026-05-01T09:08:14.258",":id":"row-2rvh_shu7-petw",":version":"rv-wqev~xg9b_cx7q",":created_at":"2026-05-01T16:08:20.998Z",":updated_at":"2026-05-01T16:08:25.342Z",":@computed_region_jwn9_ihcz":"9",":@computed_region_qgnn_b9vv":"8",":@computed_region_26cr_cadq":"4",":@computed_region_ajp5_b2md":"12",":@computed_region_bz92_g22m":null}},
{"type":"Feature","geometry":{"type":"Point","coordinates":[-122.442554455,37.806654381]},"properties":{"name":"Yacht Harbor and Marina Green - Toilet","uid":"3334911520292618057","resource_type":"restroom","water_fountain":"0","bottle_filler":"0","jug_filler":"0","dog_fountain":"0","latitude":"37.806654380000005","longitude":"-122.44255444999999","address":"1 Marina Green Dr","city":"San Francisco","state":"CA","zip_code":"94123","park":"Yacht Harbor and Marina Green","access":"limited_access","public_access_hours_open":"08:00:00","public_access_hours_close":"20:00:00","public_access_days":"Daily","notes":null,"source":"rec","supervisor_district":null,"analysis_neighborhood":"Marina","data_as_of":"2026-03-10T15:25:27.000","data_loaded_at":"2026-05-01T09:08:14.258",":id":"row-m585_ptuy~iqgm",":version":"rv-53hk.i722.64uk",":created_at":"2026-05-01T16:08:20.998Z",":updated_at":"2026-05-01T16:08:25.342Z",":@computed_region_jwn9_ihcz":"17",":@computed_region_qgnn_b9vv":"4",":@computed_region_26cr_cadq":"6",":@computed_region_ajp5_b2md":"13",":@computed_region_bz92_g22m":"90"}},
{"type":"Feature","geometry":{"type":"Point","coordinates":[-122.421243584,37.803552523]},"properties":{"name":"Restrooms","uid":"349221179640314087","resource_type":"restroom","water_fountain":"0","bottle_filler":"0","jug_filler":"0","dog_fountain":"0","latitude":"37.803552523350035","longitude":"-122.42124358379664","address":"2745 Larkin St","city":"San Francisco","state":"CA","zip_code":"94109","park":"Francisco Park","access":"publicly_accessible","public_access_hours_open":"08:00:00","public_access_hours_close":"20:00:00","public_access_days":"Daily","notes":null,"source":"rec","supervisor_district":"2","analysis_neighborhood":"Russian Hill","data_as_of":"2025-12-08T11:45:05.000","data_loaded_at":"2026-05-01T09:08:14.258",":id":"row-5inm.iu5i.gk6b",":version":"rv-rbij~j6j5_t79i",":created_at":"2026-05-01T16:08:20.998Z",":updated_at":"2026-05-01T16:08:25.342Z",":@computed_region_jwn9_ihcz":"107",":@computed_region_qgnn_b9vv":"6",":@computed_region_26cr_cadq":"6",":@computed_region_ajp5_b2md":"32",":@computed_region_bz92_g22m":"193"}},
{"type":"Feature","geometry":{"type":"Point","coordinates":[-122.451973586,37.762760052]},"properties":{"name":"Grattan Clubhouse","uid":"4454891534355363438","resource_type":"restroom","water_fountain":"0","bottle_filler":"0","jug_filler":"0","dog_fountain":"0","latitude":"37.76276005189536","longitude":"-122.45197358644452","address":"1180 Stanyan St","city":"San Francisco","state":"CA","zip_code":"94117","park":"Grattan Playground","access":"publicly_accessible","public_access_hours_open":"08:00:00","public_access_hours_close":"20:00:00","public_access_days":"Daily","notes":null,"source":"rec","supervisor_district":"8","analysis_neighborhood":"Haight Ashbury","data_as_of":"2026-02-05T12:11:25.000","data_loaded_at":"2026-05-01T09:08:14.258",":id":"row-3nvc~4bze.my5v",":version":"rv-bndt-fxr3_4aee",":created_at":"2026-05-01T16:08:20.998Z",":updated_at":"2026-05-01T16:08:25.342Z",":@computed_region_jwn9_ihcz":"114",":@computed_region_qgnn_b9vv":"7",":@computed_region_26cr_cadq":"11",":@computed_region_ajp5_b2md":"3",":@computed_region_bz92_g22m":"172"}},
{"type":"Feature","geometry":{"type":"Point","coordinates":[-122.458946316,37.768200662]},"properties":{"name":"Robin Williams Meadow Restroom","uid":"1139175886771992270","resource_type":"restroom","water_fountain":"0","bottle_filler":"0","jug_filler":"0","dog_fountain":"0","latitude":"37.76820066244101","longitude":"-122.45894631626975","address":"501 Stanyan St","city":"San Francisco","state":"CA","zip_code":"94122","park":"Golden Gate Park - Section 7","access":"publicly_accessible","public_access_hours_open":"08:00:00","public_access_hours_close":"20:00:00","public_access_days":"Daily","notes":null,"source":"rec","supervisor_district":"7","analysis_neighborhood":"Golden Gate Park","data_as_of":"2025-12-08T11:45:05.000","data_loaded_at":"2026-05-01T09:08:14.258",":id":"row-meab_4z98.qfq2",":version":"rv-exit_ukxq_wpmj",":created_at":"2026-05-01T16:08:20.998Z",":updated_at":"2026-05-01T16:08:25.342Z",":@computed_region_jwn9_ihcz":"9",":@computed_region_qgnn_b9vv":"7",":@computed_region_26cr_cadq":"11",":@computed_region_ajp5_b2md":"12",":@computed_region_bz92_g22m":"228"}},
{"type":"Feature","geometry":{"type":"Point","coordinates":[-122.498288209,37.738069315]},"properties":{"name":"South Sunset Clubhouse","uid":"7164518970109990344","resource_type":"restroom","water_fountain":"0","bottle_filler":"0","jug_filler":"0","dog_fountain":"0","latitude":"37.73806931538286","longitude":"-122.49828820864697","address":"2601 40th Ave","city":"San Francisco","state":"CA","zip_code":"94116","park":"South Sunset Playground","access":"publicly_accessible","public_access_hours_open":"08:00:00","public_access_hours_close":"20:00:00","public_access_days":"Daily","notes":null,"source":"rec","supervisor_district":"4","analysis_neighborhood":"Sunset/Parkside","data_as_of":"2026-02-05T12:11:25.000","data_loaded_at":"2026-05-01T09:08:14.258",":id":"row-ncqc-8bg9_wiuz",":version":"rv-35hn-3wt6~v3fk",":created_at":"2026-05-01T16:08:20.998Z",":updated_at":"2026-05-01T16:08:25.342Z",":@computed_region_jwn9_ihcz":"40",":@computed_region_qgnn_b9vv":"10",":@computed_region_26cr_cadq":"7",":@computed_region_ajp5_b2md":"35",":@computed_region_bz92_g22m":"110"}},
{"type":"Feature","geometry":{"type":"Point","coordinates":[-122.476877121,37.770982186]},"properties":{"name":"Blue Heron Lake Restrooms","uid":"7296636811837914405","resource_type":"restroom","water_fountain":"0","bottle_filler":"0","jug_filler":"0","dog_fountain":"0","latitude":"37.770982185569174","longitude":"-122.47687712086683","address":"501 Stanyan St","city":"San Francisco","state":"CA","zip_code":"94118","park":"Golden Gate Park - Section 4","access":"publicly_accessible","public_access_hours_open":"08:00:00","public_access_hours_close":"20:00:00","public_access_days":"Daily","notes":null,"source":"rec","supervisor_district":"7","analysis_neighborhood":"Golden Gate Park","data_as_of":"2025-12-08T11:45:05.000","data_loaded_at":"2026-05-01T09:08:14.258",":id":"row-yan4~rz5d-ash8",":version":"rv-87hg_bkcr.qp3d",":created_at":"2026-05-01T16:08:20.998Z",":updated_at":"2026-05-01T16:08:25.342Z",":@computed_region_jwn9_ihcz":"9",":@computed_region_qgnn_b9vv":"8",":@computed_region_26cr_cadq":"4",":@computed_region_ajp5_b2md":"12",":@computed_region_bz92_g22m":"232"}},
{"type":"Feature","geometry":{"type":"Point","coordinates":[-122.472021002,37.771522621]},"properties":{"name":"Rose Garden Bathroom","uid":"1943296452659879033","resource_type":"restroom","water_fountain":"0","bottle_filler":"0","jug_filler":"0","dog_fountain":"0","latitude":"37.77152262147657","longitude":"-122.47202100176469","address":"501 Stanyan St","city":"San Francisco","state":"CA","zip_code":"94118","park":"Golden Gate Park - Section 4","access":"publicly_accessible","public_access_hours_open":"08:00:00","public_access_hours_close":"20:00:00","public_access_days":"Daily","notes":null,"source":"rec","supervisor_district":"1","analysis_neighborhood":"Golden Gate Park","data_as_of":"2025-12-08T11:45:05.000","data_loaded_at":"2026-05-01T09:08:14.258",":id":"row-expt_iqjw~mtrc",":version":"rv-8gtt-amsc-uqj4",":created_at":"2026-05-01T16:08:20.998Z",":updated_at":"2026-05-01T16:08:25.342Z",":@computed_region_jwn9_ihcz":"9",":@computed_region_qgnn_b9vv":"8",":@computed_region_26cr_cadq":"4",":@computed_region_ajp5_b2md":"12",":@computed_region_bz92_g22m":"232"}},
{"type":"Feature","geometry":{"type":"Point","coordinates":[-122.422424574,37.759404797]},"properties":{"name":"Mission Clubhouse","uid":"490680770581918428","resource_type":"restroom","water_fountain":"0","bottle_filler":"0","jug_filler":"0","dog_fountain":"0","latitude":"37.7594047971274","longitude":"-122.42242457438066","address":"3555 19th St","city":"San Francisco","state":"CA","zip_code":"94110","park":"Mission Playground","access":"publicly_accessible","public_access_hours_open":"08:00:00","public_access_hours_close":"20:00:00","public_access_days":"Daily","notes":null,"source":"rec","supervisor_district":"9","analysis_neighborhood":"Mission","data_as_of":"2026-02-05T12:11:25.000","data_loaded_at":"2026-05-01T09:08:14.258",":id":"row-wvky-5a7h_5rzq",":version":"rv-5vsi.zhzy.uzt2",":created_at":"2026-05-01T16:08:20.998Z",":updated_at":"2026-05-01T16:08:25.342Z",":@computed_region_jwn9_ihcz":"37",":@computed_region_qgnn_b9vv":"3",":@computed_region_26cr_cadq":"5",":@computed_region_ajp5_b2md":"20",":@computed_region_bz92_g22m":"214"}},
{"type":"Feature","geometry":{"type":"Point","coordinates":[-122.383732833,37.73088526]},"properties":{"name":"Restrooms","uid":"3377980425973688073","resource_type":"restroom","water_fountain":"0","bottle_filler":"0","jug_filler":"0","dog_fountain":"0","latitude":"37.73088526008475","longitude":"-122.38373283311611","address":"1215 Quesada Ave","city":"San Francisco","state":"CA","zip_code":"94124","park":"Adam Rodgers Park","access":"publicly_accessible","public_access_hours_open":"08:00:00","public_access_hours_close":"20:00:00","public_access_days":"Daily","notes":null,"source":"rec","supervisor_district":"10","analysis_neighborhood":"Bayview Hunters Point","data_as_of":"2025-12-08T11:45:05.000","data_loaded_at":"2026-05-01T09:08:14.258",":id":"row-a6kk-mvf2~xtvf",":version":"rv-ca5s-k33i.jnk9",":created_at":"2026-05-01T16:08:20.998Z",":updated_at":"2026-05-01T16:08:25.342Z",":@computed_region_jwn9_ihcz":"86",":@computed_region_qgnn_b9vv":"2",":@computed_region_26cr_cadq":"9",":@computed_region_ajp5_b2md":"1",":@computed_region_bz92_g22m":"146"}},
{"type":"Feature","geometry":{"type":"Point","coordinates":[-122.375974097,37.732225813]},"properties":{"name":"Shipwright's Cottage","uid":"3641541153074967989","resource_type":"restroom","water_fountain":"0","bottle_filler":"0","jug_filler":"0","dog_fountain":"0","latitude":"37.73222581284727","longitude":"-122.37597409704723","address":"900 Innes St","city":"San Francisco","state":"CA","zip_code":"94124","park":"900 Innes","access":"publicly_accessible","public_access_hours_open":"08:00:00","public_access_hours_close":"20:00:00","public_access_days":"Daily","notes":null,"source":"rec","supervisor_district":"10","analysis_neighborhood":"Bayview Hunters Point","data_as_of":"2026-03-23T13:17:44.000","data_loaded_at":"2026-05-01T09:08:14.258",":id":"row-pkza.v2z8.hvfx",":version":"rv-tuc9.qi3t-mbfp",":created_at":"2026-05-01T16:08:20.998Z",":updated_at":"2026-05-01T16:08:25.342Z",":@computed_region_jwn9_ihcz":"76",":@computed_region_qgnn_b9vv":"2",":@computed_region_26cr_cadq":"9",":@computed_region_ajp5_b2md":"1",":@computed_region_bz92_g22m":null}},
{"type":"Feature","geometry":{"type":"Point","coordinates":[-122.4487933,37.802158971]},"properties":{"name":"Exposition Space","uid":"8854434094038501850","resource_type":"restroom","water_fountain":"0","bottle_filler":"0","jug_filler":"0","dog_fountain":"0","latitude":"37.802158970961635","longitude":"-122.44879330004112","address":"3601 Lyon St","city":"San Francisco","state":"CA","zip_code":"94123","park":"Palace of Fine Arts","access":"publicly_accessible","public_access_hours_open":"08:00:00","public_access_hours_close":"20:00:00","public_access_days":"Daily","notes":null,"source":"rec","supervisor_district":"2","analysis_neighborhood":"Marina","data_as_of":"2026-02-05T12:11:25.000","data_loaded_at":"2026-05-01T09:08:14.258",":id":"row-tz57.igd8.hefd",":version":"rv-dcjs.euhv~nn5v",":created_at":"2026-05-01T16:08:20.998Z",":updated_at":"2026-05-01T16:08:25.342Z",":@computed_region_jwn9_ihcz":"17",":@computed_region_qgnn_b9vv":"4",":@computed_region_26cr_cadq":"6",":@computed_region_ajp5_b2md":"13",":@computed_region_bz92_g22m":"21"}},
{"type":"Feature","geometry":{"type":"Point","coordinates":[-122.466024093,37.728527023]},"properties":{"name":"Restroom","uid":"6037412297407470953","resource_type":"restroom","water_fountain":"0","bottle_filler":"0","jug_filler":"0","dog_fountain":"0","latitude":"37.72852702302117","longitude":"-122.46602409323357","address":"139 Aptos Ave","city":"San Francisco","state":"CA","zip_code":"94127","park":"Aptos Playground","access":"publicly_accessible","public_access_hours_open":"08:00:00","public_access_hours_close":"20:00:00","public_access_days":"Daily","notes":null,"source":"rec","supervisor_district":"7","analysis_neighborhood":"West of Twin Peaks","data_as_of":"2025-12-08T11:45:05.000","data_loaded_at":"2026-05-01T09:08:14.258",":id":"row-st3k~yss3.8gsn",":version":"rv-8g3d~8d8v~39hf",":created_at":"2026-05-01T16:08:20.998Z",":updated_at":"2026-05-01T16:08:25.342Z",":@computed_region_jwn9_ihcz":"63",":@computed_region_qgnn_b9vv":"10",":@computed_region_26cr_cadq":"8",":@computed_region_ajp5_b2md":"41",":@computed_region_bz92_g22m":"70"}},
{"type":"Feature","geometry":{"type":"Point","coordinates":[-122.415723658,37.713351641]},"properties":{"name":"Coffman Pool","uid":"5843567458386880828","resource_type":"restroom","water_fountain":"0","bottle_filler":"0","jug_filler":"0","dog_fountain":"0","latitude":"37.713351641187586","longitude":"-122.41572365813491","address":"1701 Visitacion Ave","city":"San Francisco","state":"CA","zip_code":"94134","park":"Herz Playground","access":"publicly_accessible","public_access_hours_open":"08:00:00","public_access_hours_close":"20:00:00","public_access_days":"Daily","notes":null,"source":"rec","supervisor_district":"10","analysis_neighborhood":"McLaren Park","data_as_of":"2026-02-05T12:11:25.000","data_loaded_at":"2026-05-01T09:08:14.258",":id":"row-upjv-zvsz.fdf9",":version":"rv-3gy5~aenk_94xt",":created_at":"2026-05-01T16:08:20.998Z",":updated_at":"2026-05-01T16:08:25.342Z",":@computed_region_jwn9_ihcz":"73",":@computed_region_qgnn_b9vv":"9",":@computed_region_26cr_cadq":"9",":@computed_region_ajp5_b2md":"19",":@computed_region_bz92_g22m":"15"}},
{"type":"Feature","geometry":{"type":"Point","coordinates":[-122.423316466,37.714089766]},"properties":{"name":"McLaren Bike Muni Restroom","uid":"6153008481896635412","resource_type":"restroom","water_fountain":"0","bottle_filler":"0","jug_filler":"0","dog_fountain":"0","latitude":"37.71408976589695","longitude":"-122.42331646635944","address":null,"city":"San Francisco","state":"CA","zip_code":"94134","park":"John McLaren Park","access":"publicly_accessible","public_access_hours_open":"08:00:00","public_access_hours_close":"20:00:00","public_access_days":"Daily","notes":null,"source":"rec","supervisor_district":"10","analysis_neighborhood":"McLaren Park","data_as_of":"2025-12-08T11:45:05.000","data_loaded_at":"2026-05-01T09:08:14.258",":id":"row-p2cw.jetv~5wpj",":version":"rv-wbny-fd2y.bs2k",":created_at":"2026-05-01T16:08:20.998Z",":updated_at":"2026-05-01T16:08:25.342Z",":@computed_region_jwn9_ihcz":"73",":@computed_region_qgnn_b9vv":"9",":@computed_region_26cr_cadq":"9",":@computed_region_ajp5_b2md":"19",":@computed_region_bz92_g22m":null}},
{"type":"Feature","geometry":{"type":"Point","coordinates":[-122.480921281,37.743532413]},"properties":{"name":"Restroom","uid":"1106131345370136236","resource_type":"restroom","water_fountain":"0","bottle_filler":"0","jug_filler":"0","dog_fountain":"0","latitude":"37.743532412919926","longitude":"-122.48092128071387","address":"2354 24th Ave","city":"San Francisco","state":"CA","zip_code":"94116","park":"McCoppin Square","access":"publicly_accessible","public_access_hours_open":"08:00:00","public_access_hours_close":"20:00:00","public_access_days":"Daily","notes":null,"source":"rec","supervisor_district":"4","analysis_neighborhood":"Sunset/Parkside","data_as_of":"2025-12-08T11:45:05.000","data_loaded_at":"2026-05-01T09:08:14.258",":id":"row-a5qy~37kf~qsx6",":version":"rv-uaau~whgr~kmq3",":created_at":"2026-05-01T16:08:20.998Z",":updated_at":"2026-05-01T16:08:25.342Z",":@computed_region_jwn9_ihcz":"40",":@computed_region_qgnn_b9vv":"10",":@computed_region_26cr_cadq":"7",":@computed_region_ajp5_b2md":"35",":@computed_region_bz92_g22m":"139"}},
{"type":"Feature","geometry":{"type":"Point","coordinates":[-122.385731175,37.739210506]},"properties":{"name":"Youngblood Coleman Restrooms","uid":"19246328287066793","resource_type":"restroom","water_fountain":"0","bottle_filler":"0","jug_filler":"0","dog_fountain":"0","latitude":"37.73921050633876","longitude":"-122.38573117455412","address":"1398 Hudson Ave","city":"San Francisco","state":"CA","zip_code":"94124","park":"Youngblood-Coleman Playground","access":"publicly_accessible","public_access_hours_open":"08:00:00","public_access_hours_close":"20:00:00","public_access_days":"Daily","notes":null,"source":"rec","supervisor_district":"10","analysis_neighborhood":"Bayview Hunters Point","data_as_of":"2025-12-08T11:45:05.000","data_loaded_at":"2026-05-01T09:08:14.258",":id":"row-d8qf~8v5z-baqh",":version":"rv-rcz5~sst9.e6kc",":created_at":"2026-05-01T16:08:20.998Z",":updated_at":"2026-05-01T16:08:25.342Z",":@computed_region_jwn9_ihcz":"86",":@computed_region_qgnn_b9vv":"2",":@computed_region_26cr_cadq":"9",":@computed_region_ajp5_b2md":"1",":@computed_region_bz92_g22m":"224"}},
{"type":"Feature","geometry":{"type":"Point","coordinates":[-122.498488152,37.773105642]},"properties":{"name":"Cabrillo Clubhouse","uid":"5261161722080981663","resource_type":"restroom","water_fountain":"0","bottle_filler":"0","jug_filler":"0","dog_fountain":"0","latitude":"37.77310564227168","longitude":"-122.49848815216006","address":"851 38th Ave","city":"San Francisco","state":"CA","zip_code":"94121","park":"Cabrillo Playground","access":"publicly_accessible","public_access_hours_open":"08:00:00","public_access_hours_close":"20:00:00","public_access_days":"Daily","notes":null,"source":"rec","supervisor_district":"1","analysis_neighborhood":"Outer Richmond","data_as_of":"2026-02-05T12:11:25.000","data_loaded_at":"2026-05-01T09:08:14.258",":id":"row-8x6t.5p92~fwt7",":version":"rv-pfus.hwbr_rfde",":created_at":"2026-05-01T16:08:20.998Z",":updated_at":"2026-05-01T16:08:25.342Z",":@computed_region_jwn9_ihcz":"8",":@computed_region_qgnn_b9vv":"8",":@computed_region_26cr_cadq":"4",":@computed_region_ajp5_b2md":"29",":@computed_region_bz92_g22m":"81"}},
{"type":"Feature","geometry":{"type":"Point","coordinates":[-122.455881894,37.75167271]},"properties":{"name":"Midtown Terrace Clubhouse","uid":"2914129059992107756","resource_type":"restroom","water_fountain":"0","bottle_filler":"0","jug_filler":"0","dog_fountain":"0","latitude":"37.7516727102892","longitude":"-122.45588189356049","address":"210 Olympia Way","city":"San Francisco","state":"CA","zip_code":"94131","park":"Midtown Terrace Playground","access":"publicly_accessible","public_access_hours_open":"08:00:00","public_access_hours_close":"20:00:00","public_access_days":"Daily","notes":null,"source":"rec","supervisor_district":"7","analysis_neighborhood":"Twin Peaks","data_as_of":"2026-02-05T12:11:25.000","data_loaded_at":"2026-05-01T09:08:14.258",":id":"row-faud.wyvi~pv52",":version":"rv-nbwg-q6xp~5zqx",":created_at":"2026-05-01T16:08:20.998Z",":updated_at":"2026-05-01T16:08:25.342Z",":@computed_region_jwn9_ihcz":"48",":@computed_region_qgnn_b9vv":"7",":@computed_region_26cr_cadq":"8",":@computed_region_ajp5_b2md":"38",":@computed_region_bz92_g22m":"61"}},
{"type":"Feature","geometry":{"type":"Point","coordinates":[-122.510114349,37.76959006]},"properties":{"name":"Beach Chalet","uid":"755820951004372731","resource_type":"restroom","water_fountain":"0","bottle_filler":"0","jug_filler":"0","dog_fountain":"0","latitude":"37.76959005999778","longitude":"-122.51011434913548","address":"501 Stanyan St","city":"San Francisco","state":"CA","zip_code":"94121","park":"Golden Gate Park - Section 6","access":"limited_access","public_access_hours_open":"08:00:00","public_access_hours_close":"20:00:00","public_access_days":"Daily","notes":null,"source":"rec","supervisor_district":"4","analysis_neighborhood":"Golden Gate Park","data_as_of":"2025-12-08T11:45:05.000","data_loaded_at":"2026-05-01T09:08:14.258",":id":"row-3uy3-5jus-59ug",":version":"rv-6f4m.c3ph_4a3v",":created_at":"2026-05-01T16:08:20.998Z",":updated_at":"2026-05-01T16:08:25.342Z",":@computed_region_jwn9_ihcz":"9",":@computed_region_qgnn_b9vv":"8",":@computed_region_26cr_cadq":"4",":@computed_region_ajp5_b2md":"12",":@computed_region_bz92_g22m":"234"}},
{"type":"Feature","geometry":{"type":"Point","coordinates":[-122.38257782,37.73307165]},"properties":{"name":"Restroom","uid":"3674214510354941802","resource_type":"restroom","water_fountain":"0","bottle_filler":"0","jug_filler":"0","dog_fountain":"0","latitude":"37.733071649869274","longitude":"-122.38257781991952","address":"2 Willie B Kennedy Dr","city":"San Francisco","state":"CA","zip_code":"94124","park":"Hilltop Park","access":"publicly_accessible","public_access_hours_open":"08:00:00","public_access_hours_close":"20:00:00","public_access_days":"Daily","notes":null,"source":"rec","supervisor_district":"10","analysis_neighborhood":"Bayview Hunters Point","data_as_of":"2025-12-08T11:45:05.000","data_loaded_at":"2026-05-01T09:08:14.258",":id":"row-gq5c_8rdf-diyi",":version":"rv-2kt7-9xrs~xibm",":created_at":"2026-05-01T16:08:20.998Z",":updated_at":"2026-05-01T16:08:25.342Z",":@computed_region_jwn9_ihcz":"86",":@computed_region_qgnn_b9vv":"2",":@computed_region_26cr_cadq":"9",":@computed_region_ajp5_b2md":"1",":@computed_region_bz92_g22m":"120"}},
{"type":"Feature","geometry":{"type":"Point","coordinates":[-122.487207047,37.735993839]},"properties":{"name":"Pine Lake Park Clubhouse","uid":"2223355946498313310","resource_type":"restroom","water_fountain":"0","bottle_filler":"0","jug_filler":"0","dog_fountain":"0","latitude":"37.735993839326966","longitude":"-122.48720704675976","address":"200 Crestlake Dr","city":"San Francisco","state":"CA","zip_code":"94132","park":"Pine Lake Park","access":"publicly_accessible","public_access_hours_open":"08:00:00","public_access_hours_close":"20:00:00","public_access_days":"Daily","notes":null,"source":"rec","supervisor_district":"4","analysis_neighborhood":"Sunset/Parkside","data_as_of":"2026-02-05T12:11:25.000","data_loaded_at":"2026-05-01T09:08:14.258",":id":"row-et2u.edg9-thu8",":version":"rv-6tvr.6cpt-ur2j",":created_at":"2026-05-01T16:08:20.998Z",":updated_at":"2026-05-01T16:08:25.342Z",":@computed_region_jwn9_ihcz":"40",":@computed_region_qgnn_b9vv":"10",":@computed_region_26cr_cadq":"7",":@computed_region_ajp5_b2md":"35",":@computed_region_bz92_g22m":"218"}},
{"type":"Feature","geometry":{"type":"Point","coordinates":[-122.509566486,37.760245317]},"properties":{"name":"Sunset Dunes Highway Judah Restrooms","uid":"6439327551067413093","resource_type":"restroom","water_fountain":"0","bottle_filler":"0","jug_filler":"0","dog_fountain":"0","latitude":"37.7602453167871","longitude":"-122.50956648559198","address":null,"city":"San Francisco","state":"CA","zip_code":"94132","park":"Sunset Dunes","access":"publicly_accessible","public_access_hours_open":"08:00:00","public_access_hours_close":"20:00:00","public_access_days":"Daily","notes":null,"source":"rec","supervisor_district":"4","analysis_neighborhood":"Sunset/Parkside","data_as_of":"2025-12-08T11:45:05.000","data_loaded_at":"2026-05-01T09:08:14.258",":id":"row-dhtx_k5nx.g3cn",":version":"rv-9gga_qqxy~4zve",":created_at":"2026-05-01T16:08:20.998Z",":updated_at":"2026-05-01T16:08:25.342Z",":@computed_region_jwn9_ihcz":"39",":@computed_region_qgnn_b9vv":"10",":@computed_region_26cr_cadq":"7",":@computed_region_ajp5_b2md":"35",":@computed_region_bz92_g22m":"20"}},
{"type":"Feature","geometry":{"type":"Point","coordinates":[-122.443235893,37.726400324]},"properties":{"name":"Balboa Swimming Pool","uid":"3800418924627240379","resource_type":"restroom","water_fountain":"0","bottle_filler":"0","jug_filler":"0","dog_fountain":"0","latitude":"37.72640032366587","longitude":"-122.44323589335647","address":"51 Havelock St","city":"San Francisco","state":"CA","zip_code":"94112","park":"Balboa Park","access":"publicly_accessible","public_access_hours_open":"08:00:00","public_access_hours_close":"20:00:00","public_access_days":"Daily","notes":null,"source":"rec","supervisor_district":"11","analysis_neighborhood":"Outer Mission","data_as_of":"2026-02-05T12:11:25.000","data_loaded_at":"2026-05-01T09:08:14.258",":id":"row-azri.xke7_aj33",":version":"rv-za7m-srnf_7dfb",":created_at":"2026-05-01T16:08:20.998Z",":updated_at":"2026-05-01T16:08:25.342Z",":@computed_region_jwn9_ihcz":"94",":@computed_region_qgnn_b9vv":"9",":@computed_region_26cr_cadq":"1",":@computed_region_ajp5_b2md":"28",":@computed_region_bz92_g22m":"76"}},
{"type":"Feature","geometry":{"type":"Point","coordinates":[-122.442367999,37.740668212]},"properties":{"name":"Silver Tree Clubhouse","uid":"2487482746458383229","resource_type":"restroom","water_fountain":"0","bottle_filler":"0","jug_filler":"0","dog_fountain":"0","latitude":"37.740668211992826","longitude":"-122.44236799898061","address":"70 Elk St","city":"San Francisco","state":"CA","zip_code":"94131","park":"Glen Canyon Park","access":"publicly_accessible","public_access_hours_open":"08:00:00","public_access_hours_close":"20:00:00","public_access_days":"Daily","notes":null,"source":"rec","supervisor_district":"8","analysis_neighborhood":"Glen Park","data_as_of":"2026-02-05T12:11:25.000","data_loaded_at":"2026-05-01T09:08:14.258",":id":"row-ycc3.y9f9-94z4",":version":"rv-pdwq.uqg2.d4nu",":created_at":"2026-05-01T16:08:20.998Z",":updated_at":"2026-05-01T16:08:25.342Z",":@computed_region_jwn9_ihcz":"96",":@computed_region_qgnn_b9vv":"9",":@computed_region_26cr_cadq":"5",":@computed_region_ajp5_b2md":"10",":@computed_region_bz92_g22m":"239"}},
{"type":"Feature","geometry":{"type":"Point","coordinates":[-122.411690594,37.794273867]},"properties":{"name":"Betty Ann On Rec Center","uid":"4028000144795477020","resource_type":"restroom","water_fountain":"0","bottle_filler":"0","jug_filler":"0","dog_fountain":"0","latitude":"37.79427386674304","longitude":"-122.4116905935295","address":"1101 Washington St","city":"San Francisco","state":"CA","zip_code":"94108","park":"Betty Ann Ong Rec Center","access":"publicly_accessible","public_access_hours_open":"08:00:00","public_access_hours_close":"20:00:00","public_access_days":"Daily","notes":null,"source":"rec","supervisor_district":"3","analysis_neighborhood":"Nob Hill","data_as_of":"2026-02-05T12:11:25.000","data_loaded_at":"2026-05-01T09:08:14.258",":id":"row-nb9y-bq3e.88rr",":version":"rv-8pv3_tymz.btwq",":created_at":"2026-05-01T16:08:20.998Z",":updated_at":"2026-05-01T16:08:25.342Z",":@computed_region_jwn9_ihcz":"16",":@computed_region_qgnn_b9vv":"6",":@computed_region_26cr_cadq":"3",":@computed_region_ajp5_b2md":"21",":@computed_region_bz92_g22m":"155"}},
{"type":"Feature","geometry":{"type":"Point","coordinates":[-122.432042901,37.714896811]},"properties":{"name":"Bocce Ball Courts","uid":"1839771427095320611","resource_type":"restroom","water_fountain":"0","bottle_filler":"0","jug_filler":"0","dog_fountain":"0","latitude":"37.71489681111074","longitude":"-122.43204290095109","address":"799 Moscow St","city":"San Francisco","state":"CA","zip_code":"94134","park":"Crocker Amazon Playground","access":"publicly_accessible","public_access_hours_open":"08:00:00","public_access_hours_close":"20:00:00","public_access_days":"Daily","notes":null,"source":"rec","supervisor_district":"11","analysis_neighborhood":"Excelsior","data_as_of":"2025-12-08T11:45:05.000","data_loaded_at":"2026-05-01T09:08:14.258",":id":"row-fqae-znad-2arw",":version":"rv-rqfg_bvf8-uiez",":created_at":"2026-05-01T16:08:20.998Z",":updated_at":"2026-05-01T16:08:25.342Z",":@computed_region_jwn9_ihcz":"58",":@computed_region_qgnn_b9vv":"9",":@computed_region_26cr_cadq":"1",":@computed_region_ajp5_b2md":"7",":@computed_region_bz92_g22m":"158"}},
{"type":"Feature","geometry":{"type":"Point","coordinates":[-122.413443663,37.758088774]},"properties":{"name":"Mission Arts Center","uid":"5040889885710292368","resource_type":"restroom","water_fountain":"0","bottle_filler":"0","jug_filler":"0","dog_fountain":"0","latitude":"37.75808877417137","longitude":"-122.41344366346031","address":"2450 Harrison St","city":"San Francisco","state":"CA","zip_code":"94110","park":"Mission Rec Center","access":"publicly_accessible","public_access_hours_open":"08:00:00","public_access_hours_close":"20:00:00","public_access_days":"Daily","notes":null,"source":"rec","supervisor_district":"9","analysis_neighborhood":"Mission","data_as_of":"2026-02-05T12:11:25.000","data_loaded_at":"2026-05-01T09:08:14.258",":id":"row-65yb-sgbj~h9sc",":version":"rv-7yhb-t8i7_gp2c",":created_at":"2026-05-01T16:08:20.998Z",":updated_at":"2026-05-01T16:08:25.342Z",":@computed_region_jwn9_ihcz":"53",":@computed_region_qgnn_b9vv":"3",":@computed_region_26cr_cadq":"2",":@computed_region_ajp5_b2md":"20",":@computed_region_bz92_g22m":"215"}},
{"type":"Feature","geometry":{"type":"Point","coordinates":[-122.420547524,37.795733194]},"properties":{"name":"Helen Wills Clubhouse","uid":"2185961860176799854","resource_type":"restroom","water_fountain":"0","bottle_filler":"0","jug_filler":"0","dog_fountain":"0","latitude":"37.79573319430421","longitude":"-122.4205475244146","address":"1401 Broadway","city":"San Francisco","state":"CA","zip_code":"94109","park":"Helen Wills Playground","access":"publicly_accessible","public_access_hours_open":"08:00:00","public_access_hours_close":"20:00:00","public_access_days":"Daily","notes":null,"source":"rec","supervisor_district":"3","analysis_neighborhood":"Russian Hill","data_as_of":"2026-02-05T12:11:25.000","data_loaded_at":"2026-05-01T09:08:14.258",":id":"row-7mvq.7hia-fk7z",":version":"rv-56zx_hjtb~duzb",":created_at":"2026-05-01T16:08:20.998Z",":updated_at":"2026-05-01T16:08:25.342Z",":@computed_region_jwn9_ihcz":"105",":@computed_region_qgnn_b9vv":"4",":@computed_region_26cr_cadq":"3",":@computed_region_ajp5_b2md":"32",":@computed_region_bz92_g22m":"175"}},
{"type":"Feature","geometry":{"type":"Point","coordinates":[-122.39363,37.79542]},"properties":{"name":"Ferry Buiding #2","uid":"5810037219590600417","resource_type":"restroom","water_fountain":"0","bottle_filler":"0","jug_filler":"0","dog_fountain":"0","latitude":"37.79542","longitude":"-122.39363","address":"1 Ferry Building","city":"San Francisco","state":"CA","zip_code":"94111","park":null,"access":"limited_access","public_access_hours_open":"07:00:00","public_access_hours_close":"22:00:00","public_access_days":"Daily","notes":"On each end of the building","source":"port","supervisor_district":"3","analysis_neighborhood":"Financial District/South Beach","data_as_of":"2024-10-04T13:51:23.000","data_loaded_at":"2026-05-01T09:08:14.258",":id":"row-xb53_uvwe~xm58",":version":"rv-iyv9.sa7c_523p",":created_at":"2026-05-01T16:08:20.998Z",":updated_at":"2026-05-01T16:08:25.342Z",":@computed_region_jwn9_ihcz":"108",":@computed_region_qgnn_b9vv":"6",":@computed_region_26cr_cadq":"3",":@computed_region_ajp5_b2md":"8",":@computed_region_bz92_g22m":null}},
{"type":"Feature","geometry":{"type":"Point","coordinates":[-122.408682285,37.712744876]},"properties":{"name":"Visitacion Valley Clubhouse","uid":"8478441797534942604","resource_type":"restroom","water_fountain":"0","bottle_filler":"0","jug_filler":"0","dog_fountain":"0","latitude":"37.71274487602346","longitude":"-122.40868228471567","address":"251 Leland Ave","city":"San Francisco","state":"CA","zip_code":"94134","park":"Yik Oi Huang Peace & Friendship Park","access":"publicly_accessible","public_access_hours_open":"08:00:00","public_access_hours_close":"20:00:00","public_access_days":"Daily","notes":null,"source":"rec","supervisor_district":"10","analysis_neighborhood":"Visitacion Valley","data_as_of":"2026-02-05T12:11:25.000","data_loaded_at":"2026-05-01T09:08:14.258",":id":"row-x6u5_x6f8-46ih",":version":"rv-bfbe.z54i_7pw6",":created_at":"2026-05-01T16:08:20.998Z",":updated_at":"2026-05-01T16:08:25.342Z",":@computed_region_jwn9_ihcz":"75",":@computed_region_qgnn_b9vv":"9",":@computed_region_26cr_cadq":"9",":@computed_region_ajp5_b2md":"40",":@computed_region_bz92_g22m":"97"}},
{"type":"Feature","geometry":{"type":"Point","coordinates":[-122.468650657,37.769807637]},"properties":{"name":"Bandstand Public Restrooms","uid":"6733522781301890668","resource_type":"restroom","water_fountain":"0","bottle_filler":"0","jug_filler":"0","dog_fountain":"0","latitude":"37.76980763657055","longitude":"-122.46865065723156","address":null,"city":"San Francisco","state":"CA","zip_code":"94118","park":"Golden Gate Park - Section 2","access":"publicly_accessible","public_access_hours_open":"08:00:00","public_access_hours_close":"20:00:00","public_access_days":"Daily","notes":null,"source":"rec","supervisor_district":"7","analysis_neighborhood":"Golden Gate Park","data_as_of":"2025-12-08T11:45:05.000","data_loaded_at":"2026-05-01T09:08:14.258",":id":"row-4jip.qzpd-pf4n",":version":"rv-ty3m.cew9~vcmq",":created_at":"2026-05-01T16:08:20.998Z",":updated_at":"2026-05-01T16:08:25.342Z",":@computed_region_jwn9_ihcz":"9",":@computed_region_qgnn_b9vv":"8",":@computed_region_26cr_cadq":"4",":@computed_region_ajp5_b2md":"12",":@computed_region_bz92_g22m":"235"}},
{"type":"Feature","geometry":{"type":"Point","coordinates":[-122.435616385,37.78231558]},"properties":{"name":"Admin Building","uid":"4338767076222364795","resource_type":"restroom","water_fountain":"0","bottle_filler":"0","jug_filler":"0","dog_fountain":"0","latitude":"37.78231558029725","longitude":"-122.43561638478734","address":"1901 Geary Blvd","city":"San Francisco","state":"CA","zip_code":"94115","park":"Raymond Kimbell Playground","access":"limited_access","public_access_hours_open":"08:00:00","public_access_hours_close":"20:00:00","public_access_days":"Daily","notes":null,"source":"rec","supervisor_district":"5","analysis_neighborhood":"Western Addition","data_as_of":"2026-02-05T12:11:25.000","data_loaded_at":"2026-05-01T09:08:14.258",":id":"row-gyzq-wqkm-57qc",":version":"rv-9yiz~7fpj-igid",":created_at":"2026-05-01T16:08:20.998Z",":updated_at":"2026-05-01T16:08:25.342Z",":@computed_region_jwn9_ihcz":"97",":@computed_region_qgnn_b9vv":"4",":@computed_region_26cr_cadq":"11",":@computed_region_ajp5_b2md":"39",":@computed_region_bz92_g22m":"123"}},
{"type":"Feature","geometry":{"type":"Point","coordinates":[-122.423291132,37.714134643]},"properties":{"name":"McLaren Bike Restroom","uid":"1992537512030673501","resource_type":"restroom","water_fountain":"0","bottle_filler":"0","jug_filler":"0","dog_fountain":"0","latitude":"37.714134642807245","longitude":"-122.4232911324297","address":null,"city":"San Francisco","state":"CA","zip_code":"94134","park":"John McLaren Park","access":"publicly_accessible","public_access_hours_open":"08:00:00","public_access_hours_close":"20:00:00","public_access_days":"Daily","notes":null,"source":"rec","supervisor_district":"10","analysis_neighborhood":"McLaren Park","data_as_of":"2025-12-08T11:45:05.000","data_loaded_at":"2026-05-01T09:08:14.258",":id":"row-tjki~f6u3_kctg",":version":"rv-3qr3_n233_54iq",":created_at":"2026-05-01T16:08:20.998Z",":updated_at":"2026-05-01T16:08:25.342Z",":@computed_region_jwn9_ihcz":"73",":@computed_region_qgnn_b9vv":"9",":@computed_region_26cr_cadq":"9",":@computed_region_ajp5_b2md":"19",":@computed_region_bz92_g22m":"7"}},
{"type":"Feature","geometry":{"type":"Point","coordinates":[-122.4185771,37.7521752]},"properties":{"name":"Mission Pit Stop - 24th and Mission streets (JCDecaux)","uid":"1932757539855737355","resource_type":"restroom","water_fountain":"0","bottle_filler":"0","jug_filler":"0","dog_fountain":"0","latitude":"37.7521752","longitude":"-122.4185771","address":"24th and Mission streets (JCDecaux)","city":"San Francisco","state":"CA","zip_code":null,"park":null,"access":"publicly_accessible","public_access_hours_open":"09:00:00","public_access_hours_close":"17:00:00","public_access_days":"Daily","notes":null,"source":"pit_stop","supervisor_district":"9","analysis_neighborhood":"Mission","data_as_of":"2026-05-01T09:05:46.591","data_loaded_at":"2026-05-01T09:08:14.258",":id":"row-xkb4.idps.evxa",":version":"rv-fedy.hkjh-ke2d",":created_at":"2026-05-01T16:08:20.998Z",":updated_at":"2026-05-01T16:08:25.342Z",":@computed_region_jwn9_ihcz":"53",":@computed_region_qgnn_b9vv":"3",":@computed_region_26cr_cadq":"2",":@computed_region_ajp5_b2md":"20",":@computed_region_bz92_g22m":null}},
{"type":"Feature","geometry":{"type":"Point","coordinates":[-122.478223218,37.736201216]},"properties":{"name":"Restrooms","uid":"1702410236468952087","resource_type":"restroom","water_fountain":"0","bottle_filler":"0","jug_filler":"0","dog_fountain":"0","latitude":"37.73620121648386","longitude":"-122.47822321782313","address":"2899 19th Ave","city":"San Francisco","state":"CA","zip_code":"94132","park":"Sigmund Stern Recreation Grove","access":"publicly_accessible","public_access_hours_open":"08:00:00","public_access_hours_close":"20:00:00","public_access_days":"Daily","notes":null,"source":"rec","supervisor_district":"4","analysis_neighborhood":"Sunset/Parkside","data_as_of":"2025-12-08T11:45:05.000","data_loaded_at":"2026-05-01T09:08:14.258",":id":"row-392w~mkup-rfdf",":version":"rv-yuqp_7uy2_erp9",":created_at":"2026-05-01T16:08:20.998Z",":updated_at":"2026-05-01T16:08:25.342Z",":@computed_region_jwn9_ihcz":"40",":@computed_region_qgnn_b9vv":"10",":@computed_region_26cr_cadq":"7",":@computed_region_ajp5_b2md":"35",":@computed_region_bz92_g22m":"112"}},
{"type":"Feature","geometry":{"type":"Point","coordinates":[-122.43823383,37.764540293]},"properties":{"name":"Randall Museum","uid":"4121861414795695393","resource_type":"restroom","water_fountain":"0","bottle_filler":"0","jug_filler":"0","dog_fountain":"0","latitude":"37.76454029252149","longitude":"-122.43823383002744","address":"199 Museum Way","city":"San Francisco","state":"CA","zip_code":"94114","park":"Corona Heights Park","access":"publicly_accessible","public_access_hours_open":"08:00:00","public_access_hours_close":"20:00:00","public_access_days":"Daily","notes":null,"source":"rec","supervisor_district":"8","analysis_neighborhood":"Castro/Upper Market","data_as_of":"2026-02-05T12:11:25.000","data_loaded_at":"2026-05-01T09:08:14.258",":id":"row-29u5-naf9~nwmd",":version":"rv-3s79.racx_mqr8",":created_at":"2026-05-01T16:08:20.998Z",":updated_at":"2026-05-01T16:08:25.342Z",":@computed_region_jwn9_ihcz":"113",":@computed_region_qgnn_b9vv":"7",":@computed_region_26cr_cadq":"5",":@computed_region_ajp5_b2md":"5",":@computed_region_bz92_g22m":"202"}},
{"type":"Feature","geometry":{"type":"Point","coordinates":[-122.427659445,37.775909509]},"properties":{"name":"Hayes Valley Clubhouse","uid":"1185946669847466623","resource_type":"restroom","water_fountain":"0","bottle_filler":"0","jug_filler":"0","dog_fountain":"0","latitude":"37.77590950873898","longitude":"-122.42765944531557","address":"689 Hayes St","city":"San Francisco","state":"CA","zip_code":"94102","park":"Hayes Valley Playground","access":"publicly_accessible","public_access_hours_open":"08:00:00","public_access_hours_close":"20:00:00","public_access_days":"Daily","notes":null,"source":"rec","supervisor_district":"5","analysis_neighborhood":"Hayes Valley","data_as_of":"2026-02-05T12:11:25.000","data_loaded_at":"2026-05-01T09:08:14.258",":id":"row-iks8_zuqk.y7t5",":version":"rv-8tt8-t7kg-by6t",":created_at":"2026-05-01T16:08:20.998Z",":updated_at":"2026-05-01T16:08:25.342Z",":@computed_region_jwn9_ihcz":"22",":@computed_region_qgnn_b9vv":"4",":@computed_region_26cr_cadq":"11",":@computed_region_ajp5_b2md":"9",":@computed_region_bz92_g22m":"174"}},
{"type":"Feature","geometry":{"type":"Point","coordinates":[-122.435177807,37.784532652]},"properties":{"name":"Hamilton Rec Center","uid":"8369580577400438332","resource_type":"restroom","water_fountain":"0","bottle_filler":"0","jug_filler":"0","dog_fountain":"0","latitude":"37.78453265194369","longitude":"-122.43517780714748","address":"1900 Geary Blvd","city":"San Francisco","state":"CA","zip_code":"94115","park":"Hamilton Rec Center","access":"publicly_accessible","public_access_hours_open":"08:00:00","public_access_hours_close":"20:00:00","public_access_days":"Daily","notes":null,"source":"rec","supervisor_district":"5","analysis_neighborhood":"Japantown","data_as_of":"2026-02-05T12:11:25.000","data_loaded_at":"2026-05-01T09:08:14.258",":id":"row-j5ci_mcyd_jqxt",":version":"rv-zyav.6w8c~xcea",":created_at":"2026-05-01T16:08:20.998Z",":updated_at":"2026-05-01T16:08:25.342Z",":@computed_region_jwn9_ihcz":"103",":@computed_region_qgnn_b9vv":"4",":@computed_region_26cr_cadq":"11",":@computed_region_ajp5_b2md":"15",":@computed_region_bz92_g22m":"173"}},
{"type":"Feature","geometry":{"type":"Point","coordinates":[-122.493099909,37.769420778]},"properties":{"name":"Polo Field North Restrooms","uid":"269078503715118193","resource_type":"restroom","water_fountain":"0","bottle_filler":"0","jug_filler":"0","dog_fountain":"0","latitude":"37.76942077805161","longitude":"-122.49309990867661","address":"501 Stanyan St","city":"San Francisco","state":"CA","zip_code":"94122","park":"Golden Gate Park - Section 5","access":"publicly_accessible","public_access_hours_open":"08:00:00","public_access_hours_close":"20:00:00","public_access_days":"Daily","notes":null,"source":"rec","supervisor_district":"4","analysis_neighborhood":"Golden Gate Park","data_as_of":"2025-12-08T11:45:05.000","data_loaded_at":"2026-05-01T09:08:14.258",":id":"row-k8qq-cmrc~dp2e",":version":"rv-iz5x_pejt-cbus",":created_at":"2026-05-01T16:08:20.998Z",":updated_at":"2026-05-01T16:08:25.342Z",":@computed_region_jwn9_ihcz":"9",":@computed_region_qgnn_b9vv":"8",":@computed_region_26cr_cadq":"4",":@computed_region_ajp5_b2md":"12",":@computed_region_bz92_g22m":"233"}},
{"type":"Feature","geometry":{"type":"Point","coordinates":[-122.447355415,37.733703917]},"properties":{"name":"Sunnyside Playground Clubhouse","uid":"9055670515573099311","resource_type":"restroom","water_fountain":"0","bottle_filler":"0","jug_filler":"0","dog_fountain":"0","latitude":"37.733703916508865","longitude":"-122.44735541541407","address":"233 Melrose Avenue","city":"San Francisco","state":"CA","zip_code":"94127","park":"Sunnyside Playground","access":"publicly_accessible","public_access_hours_open":"08:00:00","public_access_hours_close":"20:00:00","public_access_days":"Daily","notes":null,"source":"rec","supervisor_district":"7","analysis_neighborhood":"West of Twin Peaks","data_as_of":"2026-02-05T12:11:25.000","data_loaded_at":"2026-05-01T09:08:14.258",":id":"row-pyk4~ey82-bb8y",":version":"rv-qxeq_8c9s~q58f",":created_at":"2026-05-01T16:08:20.998Z",":updated_at":"2026-05-01T16:08:25.342Z",":@computed_region_jwn9_ihcz":"95",":@computed_region_qgnn_b9vv":"9",":@computed_region_26cr_cadq":"8",":@computed_region_ajp5_b2md":"41",":@computed_region_bz92_g22m":"222"}},
{"type":"Feature","geometry":{"type":"Point","coordinates":[-122.407047813,37.793628762]},"properties":{"name":"Willie Woo Woo Wong Clubhouse","uid":"833784527962744172","resource_type":"restroom","water_fountain":"0","bottle_filler":"0","jug_filler":"0","dog_fountain":"0","latitude":"37.79362876196028","longitude":"-122.40704781282662","address":"850 Sacramento St","city":"San Francisco","state":"CA","zip_code":"94108","park":"Willie Woo Woo Wong Playground","access":"publicly_accessible","public_access_hours_open":"08:00:00","public_access_hours_close":"20:00:00","public_access_days":"Daily","notes":null,"source":"rec","supervisor_district":"3","analysis_neighborhood":"Chinatown","data_as_of":"2026-02-05T12:11:25.000","data_loaded_at":"2026-05-01T09:08:14.258",":id":"row-gt53.5qrx~8wzu",":version":"rv-6mcz_tc2x.9y3e",":created_at":"2026-05-01T16:08:20.998Z",":updated_at":"2026-05-01T16:08:25.342Z",":@computed_region_jwn9_ihcz":"104",":@computed_region_qgnn_b9vv":"6",":@computed_region_26cr_cadq":"3",":@computed_region_ajp5_b2md":"6",":@computed_region_bz92_g22m":"92"}},
{"type":"Feature","geometry":{"type":"Point","coordinates":[-122.448277667,37.733880427]},"properties":{"name":"Restrooms","uid":"4390283377851479502","resource_type":"restroom","water_fountain":"0","bottle_filler":"0","jug_filler":"0","dog_fountain":"0","latitude":"37.7338804266899","longitude":"-122.44827766684772","address":"233 Melrose Avenue","city":"San Francisco","state":"CA","zip_code":"94127","park":"Sunnyside Playground","access":"publicly_accessible","public_access_hours_open":"08:00:00","public_access_hours_close":"20:00:00","public_access_days":"Daily","notes":null,"source":"rec","supervisor_district":"7","analysis_neighborhood":"West of Twin Peaks","data_as_of":"2025-12-08T11:45:05.000","data_loaded_at":"2026-05-01T09:08:14.258",":id":"row-n2vz_ksek~46i3",":version":"rv-r2z7.teab-hqy4",":created_at":"2026-05-01T16:08:20.998Z",":updated_at":"2026-05-01T16:08:25.342Z",":@computed_region_jwn9_ihcz":"95",":@computed_region_qgnn_b9vv":"9",":@computed_region_26cr_cadq":"8",":@computed_region_ajp5_b2md":"41",":@computed_region_bz92_g22m":"222"}},
{"type":"Feature","geometry":{"type":"Point","coordinates":[-122.437574887,37.76561032]},"properties":{"name":"Peixotto Clubhouse","uid":"3794976240319233035","resource_type":"restroom","water_fountain":"0","bottle_filler":"0","jug_filler":"0","dog_fountain":"0","latitude":"37.76561032004361","longitude":"-122.43757488678624","address":"2475 15th St","city":"San Francisco","state":"CA","zip_code":"94114","park":"Peixotto Playground","access":"publicly_accessible","public_access_hours_open":"08:00:00","public_access_hours_close":"20:00:00","public_access_days":"Daily","notes":null,"source":"rec","supervisor_district":"8","analysis_neighborhood":"Castro/Upper Market","data_as_of":"2026-02-05T12:11:25.000","data_loaded_at":"2026-05-01T09:08:14.258",":id":"row-4kkw-dg7z~dgkz",":version":"rv-86d6.dbrr~gzjj",":created_at":"2026-05-01T16:08:20.998Z",":updated_at":"2026-05-01T16:08:25.342Z",":@computed_region_jwn9_ihcz":"113",":@computed_region_qgnn_b9vv":"7",":@computed_region_26cr_cadq":"5",":@computed_region_ajp5_b2md":"5",":@computed_region_bz92_g22m":"128"}},
{"type":"Feature","geometry":{"type":"Point","coordinates":[-122.39873334,37.771354982]},"properties":{"name":"Mission Creek Maintenance Bldg","uid":"4876547624839491143","resource_type":"restroom","water_fountain":"0","bottle_filler":"0","jug_filler":"0","dog_fountain":"0","latitude":"37.77135498235125","longitude":"-122.39873334015385","address":"290 Channel St","city":"San Francisco","state":"CA","zip_code":"94158","park":"Mission Creek Park","access":"publicly_accessible","public_access_hours_open":"08:00:00","public_access_hours_close":"20:00:00","public_access_days":"Daily","notes":null,"source":"rec","supervisor_district":"6","analysis_neighborhood":"Mission Bay","data_as_of":"2026-02-05T12:11:25.000","data_loaded_at":"2026-05-01T09:08:14.258",":id":"row-5dj3-pb9p-2ciz",":version":"rv-53dk.f8wv-krm8",":created_at":"2026-05-01T16:08:20.998Z",":updated_at":"2026-05-01T16:08:25.342Z",":@computed_region_jwn9_ihcz":"34",":@computed_region_qgnn_b9vv":"1",":@computed_region_26cr_cadq":"10",":@computed_region_ajp5_b2md":"4",":@computed_region_bz92_g22m":null}},
{"type":"Feature","geometry":{"type":"Point","coordinates":[-122.4348053,37.7627732]},"properties":{"name":"Castro Pit Stop - Market and Castro streets (JCDecaux)","uid":"3991774780780772696","resource_type":"restroom","water_fountain":"0","bottle_filler":"0","jug_filler":"0","dog_fountain":"0","latitude":"37.7627732","longitude":"-122.4348053","address":"Market and Castro streets (JCDecaux)","city":"San Francisco","state":"CA","zip_code":null,"park":null,"access":"publicly_accessible","public_access_hours_open":"08:00:00","public_access_hours_close":"20:00:00","public_access_days":"Daily","notes":null,"source":"pit_stop","supervisor_district":"8","analysis_neighborhood":"Castro/Upper Market","data_as_of":"2026-05-01T09:05:46.591","data_loaded_at":"2026-05-01T09:08:14.258",":id":"row-ae3k_nv6e-mh3u",":version":"rv-j85b.xdjs~42h7",":created_at":"2026-05-01T16:08:20.998Z",":updated_at":"2026-05-01T16:08:25.342Z",":@computed_region_jwn9_ihcz":"38",":@computed_region_qgnn_b9vv":"3",":@computed_region_26cr_cadq":"5",":@computed_region_ajp5_b2md":"5",":@computed_region_bz92_g22m":null}},
{"type":"Feature","geometry":{"type":"Point","coordinates":[-122.492793147,37.766786589]},"properties":{"name":"Polo Field Restroom","uid":"4197991394385184674","resource_type":"restroom","water_fountain":"0","bottle_filler":"0","jug_filler":"0","dog_fountain":"0","latitude":"37.766786588514016","longitude":"-122.49279314677597","address":"501 Stanyan St","city":"San Francisco","state":"CA","zip_code":"94122","park":"Golden Gate Park - Section 5","access":"publicly_accessible","public_access_hours_open":"08:00:00","public_access_hours_close":"20:00:00","public_access_days":"Daily","notes":null,"source":"rec","supervisor_district":"4","analysis_neighborhood":"Golden Gate Park","data_as_of":"2025-12-08T11:45:05.000","data_loaded_at":"2026-05-01T09:08:14.258",":id":"row-5fud_u7ku~7s5w",":version":"rv-u4pb.deku-kywt",":created_at":"2026-05-01T16:08:20.998Z",":updated_at":"2026-05-01T16:08:25.342Z",":@computed_region_jwn9_ihcz":"9",":@computed_region_qgnn_b9vv":"8",":@computed_region_26cr_cadq":"4",":@computed_region_ajp5_b2md":"12",":@computed_region_bz92_g22m":"233"}},
{"type":"Feature","geometry":{"type":"Point","coordinates":[-122.418561332,37.722952455]},"properties":{"name":"McLaren Park Oxford St Restroom","uid":"5813049252582342808","resource_type":"restroom","water_fountain":"0","bottle_filler":"0","jug_filler":"0","dog_fountain":"0","latitude":"37.72295245483934","longitude":"-122.41856133232069","address":null,"city":"San Francisco","state":"CA","zip_code":"94134","park":"John McLaren Park","access":"publicly_accessible","public_access_hours_open":"08:00:00","public_access_hours_close":"20:00:00","public_access_days":"Daily","notes":null,"source":"rec","supervisor_district":"11","analysis_neighborhood":"McLaren Park","data_as_of":"2025-12-08T11:45:05.000","data_loaded_at":"2026-05-01T09:08:14.258",":id":"row-emff~spse~9pyb",":version":"rv-ic6u-auw2-str4",":created_at":"2026-05-01T16:08:20.998Z",":updated_at":"2026-05-01T16:08:25.342Z",":@computed_region_jwn9_ihcz":"73",":@computed_region_qgnn_b9vv":"9",":@computed_region_26cr_cadq":"2",":@computed_region_ajp5_b2md":"19",":@computed_region_bz92_g22m":"7"}},
{"type":"Feature","geometry":{"type":"Point","coordinates":[-122.375392704,37.739739646]},"properties":{"name":"Heron's Head Eco Center","uid":"8218204447177500715","resource_type":"restroom","water_fountain":"0","bottle_filler":"0","jug_filler":"0","dog_fountain":"0","latitude":"37.73973964582855","longitude":"-122.37539270376163","address":"32 Jennings St","city":"San Francisco","state":"CA","zip_code":"94124","park":"Heron's Head Park","access":"publicly_accessible","public_access_hours_open":"08:00:00","public_access_hours_close":"20:00:00","public_access_days":"Daily","notes":null,"source":"rec","supervisor_district":"10","analysis_neighborhood":"Bayview Hunters Point","data_as_of":"2026-02-05T12:11:25.000","data_loaded_at":"2026-05-01T09:08:14.258",":id":"row-6cz7_nddm_vzvc",":version":"rv-wnyu-m3bh-mwpx",":created_at":"2026-05-01T16:08:20.998Z",":updated_at":"2026-05-01T16:08:25.342Z",":@computed_region_jwn9_ihcz":"56",":@computed_region_qgnn_b9vv":"2",":@computed_region_26cr_cadq":"9",":@computed_region_ajp5_b2md":"1",":@computed_region_bz92_g22m":"238"}},
{"type":"Feature","geometry":{"type":"Point","coordinates":[-122.4077797,37.7844142]},"properties":{"name":"Mid-Market Pit Stop - Hallidie Plaza (JCDecaux)","uid":"3464628251007818350","resource_type":"restroom","water_fountain":"0","bottle_filler":"0","jug_filler":"0","dog_fountain":"0","latitude":"37.7844142","longitude":"-122.4077797","address":"Hallidie Plaza (JCDecaux)","city":"San Francisco","state":"CA","zip_code":null,"park":null,"access":"publicly_accessible","public_access_hours_open":"07:00:00","public_access_hours_close":"19:00:00","public_access_days":"Daily","notes":null,"source":"pit_stop","supervisor_district":"3","analysis_neighborhood":"Tenderloin","data_as_of":"2026-05-01T09:05:46.591","data_loaded_at":"2026-05-01T09:08:14.258",":id":"row-7bs9.dytt.fjvf",":version":"rv-stv3~46qk~fifj",":created_at":"2026-05-01T16:08:20.998Z",":updated_at":"2026-05-01T16:08:25.342Z",":@computed_region_jwn9_ihcz":"19",":@computed_region_qgnn_b9vv":"5",":@computed_region_26cr_cadq":"3",":@computed_region_ajp5_b2md":"36",":@computed_region_bz92_g22m":null}},
{"type":"Feature","geometry":{"type":"Point","coordinates":[-122.440769496,37.737024638]},"properties":{"name":"Glen Canyon Rec Center","uid":"4766612201720041670","resource_type":"restroom","water_fountain":"0","bottle_filler":"0","jug_filler":"0","dog_fountain":"0","latitude":"37.73702463804074","longitude":"-122.44076949551899","address":"70 Elk St","city":"San Francisco","state":"CA","zip_code":"94131","park":"Glen Canyon Park","access":"publicly_accessible","public_access_hours_open":"08:00:00","public_access_hours_close":"20:00:00","public_access_days":"Daily","notes":null,"source":"rec","supervisor_district":"8","analysis_neighborhood":"Glen Park","data_as_of":"2026-02-05T12:11:25.000","data_loaded_at":"2026-05-01T09:08:14.258",":id":"row-3wtc-f3m9.46cu",":version":"rv-i8y3~su7c~k34t",":created_at":"2026-05-01T16:08:20.998Z",":updated_at":"2026-05-01T16:08:25.342Z",":@computed_region_jwn9_ihcz":"96",":@computed_region_qgnn_b9vv":"9",":@computed_region_26cr_cadq":"5",":@computed_region_ajp5_b2md":"10",":@computed_region_bz92_g22m":"239"}},
{"type":"Feature","geometry":{"type":"Point","coordinates":[-122.490854104,37.78288415]},"properties":{"name":"Restrooms","uid":"4461746632244599738","resource_type":"restroom","water_fountain":"0","bottle_filler":"0","jug_filler":"0","dog_fountain":"0","latitude":"37.78288414996831","longitude":"-122.49085410441312","address":"336 31st Ave","city":"San Francisco","state":"CA","zip_code":"94121","park":"DuPont Tennis Courts","access":"publicly_accessible","public_access_hours_open":"08:00:00","public_access_hours_close":"20:00:00","public_access_days":"Daily","notes":null,"source":"rec","supervisor_district":"1","analysis_neighborhood":"Outer Richmond","data_as_of":"2025-12-08T11:45:05.000","data_loaded_at":"2026-05-01T09:08:14.258",":id":"row-k8pt~fruw-k9ap",":version":"rv-3eud-4rcv_pnnk",":created_at":"2026-05-01T16:08:20.998Z",":updated_at":"2026-05-01T16:08:25.342Z",":@computed_region_jwn9_ihcz":"8",":@computed_region_qgnn_b9vv":"8",":@computed_region_26cr_cadq":"4",":@computed_region_ajp5_b2md":"29",":@computed_region_bz92_g22m":"207"}},
{"type":"Feature","geometry":{"type":"Point","coordinates":[-122.389482639,37.734686815]},"properties":{"name":"Joe Lee Rec Center","uid":"7962290692376339447","resource_type":"restroom","water_fountain":"0","bottle_filler":"0","jug_filler":"0","dog_fountain":"0","latitude":"37.734686815318305","longitude":"-122.38948263862595","address":"1551 Newcomb Ave","city":"San Francisco","state":"CA","zip_code":"94124","park":"Joseph Lee Rec Center","access":"publicly_accessible","public_access_hours_open":"08:00:00","public_access_hours_close":"20:00:00","public_access_days":"Daily","notes":null,"source":"rec","supervisor_district":"10","analysis_neighborhood":"Bayview Hunters Point","data_as_of":"2026-02-05T12:11:25.000","data_loaded_at":"2026-05-01T09:08:14.258",":id":"row-b4v4~4wrn.5iy4",":version":"rv-r9z6~yfwb.gfwa",":created_at":"2026-05-01T16:08:20.998Z",":updated_at":"2026-05-01T16:08:25.342Z",":@computed_region_jwn9_ihcz":"86",":@computed_region_qgnn_b9vv":"2",":@computed_region_26cr_cadq":"9",":@computed_region_ajp5_b2md":"1",":@computed_region_bz92_g22m":"88"}},
{"type":"Feature","geometry":{"type":"Point","coordinates":[-122.48688861,37.773555017]},"properties":{"name":"Fulton Clubhouse","uid":"5914464353027580566","resource_type":"restroom","water_fountain":"0","bottle_filler":"0","jug_filler":"0","dog_fountain":"0","latitude":"37.7735550171809","longitude":"-122.48688861011873","address":"855 27th Ave","city":"San Francisco","state":"CA","zip_code":"94121","park":"Fulton Playground","access":"publicly_accessible","public_access_hours_open":"08:00:00","public_access_hours_close":"20:00:00","public_access_days":"Daily","notes":null,"source":"rec","supervisor_district":"1","analysis_neighborhood":"Outer Richmond","data_as_of":"2026-02-05T12:11:25.000","data_loaded_at":"2026-05-01T09:08:14.258",":id":"row-yw2x-h96d.rb47",":version":"rv-j3pm.tdx7.q3jr",":created_at":"2026-05-01T16:08:20.998Z",":updated_at":"2026-05-01T16:08:25.342Z",":@computed_region_jwn9_ihcz":"8",":@computed_region_qgnn_b9vv":"8",":@computed_region_26cr_cadq":"4",":@computed_region_ajp5_b2md":"29",":@computed_region_bz92_g22m":"210"}},
{"type":"Feature","geometry":{"type":"Point","coordinates":[-122.410360139,37.795663111]},"properties":{"name":"Woh Hei Yuen Clubhouse","uid":"6335645547559891312","resource_type":"restroom","water_fountain":"0","bottle_filler":"0","jug_filler":"0","dog_fountain":"0","latitude":"37.79566311107927","longitude":"-122.41036013940457","address":"922 Jackson St","city":"San Francisco","state":"CA","zip_code":"94133","park":"Woh Hei Yuen Playground","access":"publicly_accessible","public_access_hours_open":"08:00:00","public_access_hours_close":"20:00:00","public_access_days":"Daily","notes":null,"source":"rec","supervisor_district":"3","analysis_neighborhood":"Chinatown","data_as_of":"2026-02-05T12:11:25.000","data_loaded_at":"2026-05-01T09:08:14.258",":id":"row-2usp~u6ri-5ry2",":version":"rv-5k4n_ftpm.bstv",":created_at":"2026-05-01T16:08:20.998Z",":updated_at":"2026-05-01T16:08:25.342Z",":@computed_region_jwn9_ihcz":"16",":@computed_region_qgnn_b9vv":"6",":@computed_region_26cr_cadq":"3",":@computed_region_ajp5_b2md":"6",":@computed_region_bz92_g22m":"91"}},
{"type":"Feature","geometry":{"type":"Point","coordinates":[-122.402398999,37.732517139]},"properties":{"name":"Silver Terrace Clubhouse","uid":"502295565233411923","resource_type":"restroom","water_fountain":"0","bottle_filler":"0","jug_filler":"0","dog_fountain":"0","latitude":"37.73251713892025","longitude":"-122.4023989987253","address":"1700 Silver Ave","city":"San Francisco","state":"CA","zip_code":"94124","park":"Silver Terrace Playground","access":"publicly_accessible","public_access_hours_open":"08:00:00","public_access_hours_close":"20:00:00","public_access_days":"Daily","notes":null,"source":"rec","supervisor_district":"10","analysis_neighborhood":"Bayview Hunters Point","data_as_of":"2026-02-05T12:11:25.000","data_loaded_at":"2026-05-01T09:08:14.258",":id":"row-inm4.ukhf-unjh",":version":"rv-gjhj~ym8p.qpbs",":created_at":"2026-05-01T16:08:20.998Z",":updated_at":"2026-05-01T16:08:25.342Z",":@computed_region_jwn9_ihcz":"87",":@computed_region_qgnn_b9vv":"2",":@computed_region_26cr_cadq":"9",":@computed_region_ajp5_b2md":"1",":@computed_region_bz92_g22m":"111"}},
{"type":"Feature","geometry":{"type":"Point","coordinates":[-122.41279767,37.758220542]},"properties":{"name":"Mission Rec Center","uid":"7286495612961491893","resource_type":"restroom","water_fountain":"0","bottle_filler":"0","jug_filler":"0","dog_fountain":"0","latitude":"37.75822054216455","longitude":"-122.41279766963524","address":"2450 Harrison St","city":"San Francisco","state":"CA","zip_code":"94110","park":"Mission Rec Center","access":"publicly_accessible","public_access_hours_open":"08:00:00","public_access_hours_close":"20:00:00","public_access_days":"Daily","notes":null,"source":"rec","supervisor_district":"9","analysis_neighborhood":"Mission","data_as_of":"2026-02-05T12:11:25.000","data_loaded_at":"2026-05-01T09:08:14.258",":id":"row-ur92.9n2g_h3xp",":version":"rv-n5d3_739s.p794",":created_at":"2026-05-01T16:08:20.998Z",":updated_at":"2026-05-01T16:08:25.342Z",":@computed_region_jwn9_ihcz":"53",":@computed_region_qgnn_b9vv":"3",":@computed_region_26cr_cadq":"2",":@computed_region_ajp5_b2md":"20",":@computed_region_bz92_g22m":"215"}},
{"type":"Feature","geometry":{"type":"Point","coordinates":[-122.475711552,37.737857513]},"properties":{"name":"Sava Pool","uid":"6788309698376928324","resource_type":"restroom","water_fountain":"0","bottle_filler":"0","jug_filler":"0","dog_fountain":"0","latitude":"37.737857512792914","longitude":"-122.47571155249184","address":"2695 19th Ave","city":"San Francisco","state":"CA","zip_code":"94116","park":"Carl Larsen Park","access":"publicly_accessible","public_access_hours_open":"08:00:00","public_access_hours_close":"20:00:00","public_access_days":"Daily","notes":null,"source":"rec","supervisor_district":"4","analysis_neighborhood":"Sunset/Parkside","data_as_of":"2026-02-05T12:11:25.000","data_loaded_at":"2026-05-01T09:08:14.258",":id":"row-xn86_dnzr-y9v2",":version":"rv-yipk.7a65.rzdi",":created_at":"2026-05-01T16:08:20.998Z",":updated_at":"2026-05-01T16:08:25.342Z",":@computed_region_jwn9_ihcz":"40",":@computed_region_qgnn_b9vv":"10",":@computed_region_26cr_cadq":"7",":@computed_region_ajp5_b2md":"35",":@computed_region_bz92_g22m":"154"}},
{"type":"Feature","geometry":{"type":"Point","coordinates":[-122.483722581,37.738337649]},"properties":{"name":"Restroom","uid":"6039249465726437224","resource_type":"restroom","water_fountain":"0","bottle_filler":"0","jug_filler":"0","dog_fountain":"0","latitude":"37.73833764891099","longitude":"-122.4837225808501","address":"2680 28th Ave","city":"San Francisco","state":"CA","zip_code":"94132","park":"Parkside Square","access":"publicly_accessible","public_access_hours_open":"08:00:00","public_access_hours_close":"20:00:00","public_access_days":"Daily","notes":null,"source":"rec","supervisor_district":"4","analysis_neighborhood":"Sunset/Parkside","data_as_of":"2025-12-08T11:45:05.000","data_loaded_at":"2026-05-01T09:08:14.258",":id":"row-f2wu~kv2t.bxcu",":version":"rv-an3s_y4wr~n99p",":created_at":"2026-05-01T16:08:20.998Z",":updated_at":"2026-05-01T16:08:25.342Z",":@computed_region_jwn9_ihcz":"40",":@computed_region_qgnn_b9vv":"10",":@computed_region_26cr_cadq":"7",":@computed_region_ajp5_b2md":"35",":@computed_region_bz92_g22m":"217"}}
] }
